ISO-10303-21;
HEADER;
/* Generated by software containing ST-Developer
 * from STEP Tools, Inc. (www.steptools.com) 
 */

FILE_DESCRIPTION(
/* description */ (''),
/* implementation_level */ '2;1');

FILE_NAME(
/* name */ 'top.step',
/* time_stamp */ '2026-08-17T19:48:56-07:00',
/* author */ (''),
/* organization */ (''),
/* preprocessor_version */ 'ST-DEVELOPER v20.1',
/* originating_system */ 'Autodesk Translation Framework v15.8.0.0',
/* authorisation */ '');

FILE_SCHEMA (('AUTOMOTIVE_DESIGN { 1 0 10303 214 3 1 1 }'));
ENDSEC;

DATA;
#10=MECHANICAL_DESIGN_GEOMETRIC_PRESENTATION_REPRESENTATION('',(#13),#2778);
#11=SHAPE_REPRESENTATION_RELATIONSHIP('SRR','None',#2785,#12);
#12=ADVANCED_BREP_SHAPE_REPRESENTATION('',(#14),#2777);
#13=STYLED_ITEM('',(#2795),#14);
#14=MANIFOLD_SOLID_BREP('Body1',#1570);
#15=B_SPLINE_SURFACE_WITH_KNOTS('',3,3,((#2735,#2736,#2737,#2738),(#2739,
#2740,#2741,#2742),(#2743,#2744,#2745,#2746),(#2747,#2748,#2749,#2750),
(#2751,#2752,#2753,#2754),(#2755,#2756,#2757,#2758)),.UNSPECIFIED.,.F.,
 .F.,.F.,(4,1,1,4),(4,4),(0.,0.285714285714286,0.571428571428571,1.),(-3.41651860440147E-16,
0.3),.UNSPECIFIED.);
#16=FACE_BOUND('',#279,.T.);
#17=FACE_BOUND('',#280,.T.);
#18=FACE_BOUND('',#281,.T.);
#19=FACE_BOUND('',#282,.T.);
#20=FACE_BOUND('',#283,.T.);
#21=FACE_BOUND('',#284,.T.);
#22=FACE_BOUND('',#285,.T.);
#23=FACE_BOUND('',#286,.T.);
#24=FACE_BOUND('',#287,.T.);
#25=FACE_BOUND('',#295,.T.);
#26=FACE_BOUND('',#298,.T.);
#27=FACE_BOUND('',#301,.T.);
#28=FACE_BOUND('',#304,.T.);
#29=FACE_BOUND('',#315,.T.);
#30=FACE_BOUND('',#316,.T.);
#31=FACE_BOUND('',#317,.T.);
#32=FACE_BOUND('',#318,.T.);
#33=FACE_BOUND('',#319,.T.);
#34=FACE_BOUND('',#320,.T.);
#35=FACE_BOUND('',#321,.T.);
#36=B_SPLINE_CURVE_WITH_KNOTS('',3,(#2497,#2498,#2499,#2500,#2501,#2502,
#2503,#2504,#2505,#2506),.UNSPECIFIED.,.F.,.F.,(4,3,3,4),(0.,0.411386496257977,
0.685644160429962,0.959901824601947),.UNSPECIFIED.);
#37=B_SPLINE_CURVE_WITH_KNOTS('',3,(#2638,#2639,#2640,#2641,#2642,#2643,
#2644,#2645,#2646,#2647),.UNSPECIFIED.,.F.,.F.,(4,3,3,4),(0.,0.274257664171934,
0.548515328343869,0.95990182460177),.UNSPECIFIED.);
#38=B_SPLINE_CURVE_WITH_KNOTS('',3,(#2717,#2718,#2719,#2720),
 .UNSPECIFIED.,.F.,.F.,(4,4),(-0.3,3.41651860440147E-16),.UNSPECIFIED.);
#39=B_SPLINE_CURVE_WITH_KNOTS('',3,(#2759,#2760,#2761,#2762),
 .UNSPECIFIED.,.F.,.F.,(4,4),(-3.41651860440147E-16,0.3),.UNSPECIFIED.);
#40=TOROIDAL_SURFACE('',#1621,2.00000000000001,1.);
#41=TOROIDAL_SURFACE('',#1627,2.00000000000001,1.);
#42=TOROIDAL_SURFACE('',#1633,2.,1.);
#43=TOROIDAL_SURFACE('',#1639,2.00000000000001,1.);
#44=CIRCLE('',#1619,1.);
#45=CIRCLE('',#1620,1.00000000000001);
#46=CIRCLE('',#1622,0.999999999999996);
#47=CIRCLE('',#1623,2.00000000000001);
#48=CIRCLE('',#1624,1.00000000000001);
#49=CIRCLE('',#1626,0.999999999999996);
#50=CIRCLE('',#1628,0.999999999999996);
#51=CIRCLE('',#1629,2.00000000000001);
#52=CIRCLE('',#1630,1.00000000000001);
#53=CIRCLE('',#1632,0.999999999999996);
#54=CIRCLE('',#1634,0.999999999999996);
#55=CIRCLE('',#1635,2.);
#56=CIRCLE('',#1636,0.999999999999996);
#57=CIRCLE('',#1638,0.999999999999996);
#58=CIRCLE('',#1640,2.00000000000001);
#59=CIRCLE('',#1641,1.00000000000001);
#60=CIRCLE('',#1643,1.00000000000001);
#61=CIRCLE('',#1646,1.00000000000001);
#62=CIRCLE('',#1649,2.5);
#63=CIRCLE('',#1650,2.5);
#64=CIRCLE('',#1651,2.5);
#65=CIRCLE('',#1652,1.);
#66=CIRCLE('',#1653,40.);
#67=CIRCLE('',#1654,6.);
#68=CIRCLE('',#1655,2.);
#69=CIRCLE('',#1656,0.5);
#70=CIRCLE('',#1657,0.5);
#71=CIRCLE('',#1658,4.);
#72=CIRCLE('',#1659,1.);
#73=CIRCLE('',#1660,2.5);
#74=CIRCLE('',#1661,4.40000000000001);
#75=CIRCLE('',#1662,3.24999999999999);
#76=CIRCLE('',#1663,3.00000000000001);
#77=CIRCLE('',#1664,3.24999999999999);
#78=CIRCLE('',#1665,3.00000000000001);
#79=CIRCLE('',#1667,0.999999999999996);
#80=CIRCLE('',#1670,1.00000000000001);
#81=CIRCLE('',#1673,4.40000000000001);
#82=CIRCLE('',#1675,3.00000000000001);
#83=CIRCLE('',#1677,2.34999999999999);
#84=CIRCLE('',#1679,3.24999999999999);
#85=CIRCLE('',#1681,2.34999999999999);
#86=CIRCLE('',#1683,3.00000000000001);
#87=CIRCLE('',#1685,2.34999999999999);
#88=CIRCLE('',#1687,3.24999999999999);
#89=CIRCLE('',#1689,2.35000000000001);
#90=CIRCLE('',#1695,2.34999999999999);
#91=CIRCLE('',#1697,2.35000000000001);
#92=CIRCLE('',#1699,2.34999999999999);
#93=CIRCLE('',#1701,2.34999999999999);
#94=CIRCLE('',#1703,2.5);
#95=CIRCLE('',#1705,2.5);
#96=CIRCLE('',#1706,1.);
#97=CIRCLE('',#1707,4.);
#98=CIRCLE('',#1708,0.5);
#99=CIRCLE('',#1709,0.5);
#100=CIRCLE('',#1710,2.);
#101=CIRCLE('',#1711,6.);
#102=CIRCLE('',#1712,40.);
#103=CIRCLE('',#1713,1.);
#104=CIRCLE('',#1714,2.5);
#105=CIRCLE('',#1715,2.5);
#106=CYLINDRICAL_SURFACE('',#1618,1.);
#107=CYLINDRICAL_SURFACE('',#1625,1.);
#108=CYLINDRICAL_SURFACE('',#1631,1.);
#109=CYLINDRICAL_SURFACE('',#1637,1.);
#110=CYLINDRICAL_SURFACE('',#1642,1.00000000000001);
#111=CYLINDRICAL_SURFACE('',#1645,1.00000000000001);
#112=CYLINDRICAL_SURFACE('',#1666,0.999999999999996);
#113=CYLINDRICAL_SURFACE('',#1669,1.00000000000001);
#114=CYLINDRICAL_SURFACE('',#1672,4.40000000000001);
#115=CYLINDRICAL_SURFACE('',#1674,3.00000000000001);
#116=CYLINDRICAL_SURFACE('',#1678,3.24999999999999);
#117=CYLINDRICAL_SURFACE('',#1682,3.00000000000001);
#118=CYLINDRICAL_SURFACE('',#1686,3.24999999999999);
#119=CYLINDRICAL_SURFACE('',#1694,2.34999999999999);
#120=CYLINDRICAL_SURFACE('',#1696,2.35000000000001);
#121=CYLINDRICAL_SURFACE('',#1698,2.34999999999999);
#122=CYLINDRICAL_SURFACE('',#1700,2.34999999999999);
#123=CYLINDRICAL_SURFACE('',#1702,2.5);
#124=CYLINDRICAL_SURFACE('',#1717,2.5);
#125=CYLINDRICAL_SURFACE('',#1718,2.5);
#126=CYLINDRICAL_SURFACE('',#1720,2.5);
#127=CYLINDRICAL_SURFACE('',#1721,1.);
#128=CYLINDRICAL_SURFACE('',#1723,1.);
#129=CYLINDRICAL_SURFACE('',#1725,40.);
#130=CYLINDRICAL_SURFACE('',#1727,0.5);
#131=CYLINDRICAL_SURFACE('',#1729,0.5);
#132=CYLINDRICAL_SURFACE('',#1731,2.);
#133=CYLINDRICAL_SURFACE('',#1732,6.);
#134=CYLINDRICAL_SURFACE('',#1734,4.);
#135=ELLIPSE('',#1586,11.6871076203801,4.38427145954183);
#136=ELLIPSE('',#1587,11.6871076203801,4.38427145954183);
#137=ELLIPSE('',#1589,14.3179964451901,6.85775369362163);
#138=ELLIPSE('',#1590,14.3179964451901,6.85775369362163);
#139=ELLIPSE('',#1592,14.3179964451901,6.85775369362163);
#140=ELLIPSE('',#1593,11.6871076203801,4.38427145954183);
#141=ELLIPSE('',#1594,14.3179964451901,6.85775369362163);
#142=ELLIPSE('',#1596,11.6871076203801,4.38427145954183);
#143=ELLIPSE('',#1598,14.3179964451901,6.85775369362163);
#144=ELLIPSE('',#1599,14.3179964451901,6.85775369362163);
#145=ELLIPSE('',#1603,11.6871076203801,4.38427145954183);
#146=ELLIPSE('',#1604,11.6871076203801,4.38427145954183);
#147=ELLIPSE('',#1606,14.3179964451901,6.85775369362163);
#148=ELLIPSE('',#1608,14.3179964451901,6.85775369362163);
#149=ELLIPSE('',#1609,14.3179964451901,6.85775369362163);
#150=ELLIPSE('',#1610,11.6871076203801,4.38427145954183);
#151=ELLIPSE('',#1612,11.6871076203801,4.38427145954183);
#152=ELLIPSE('',#1614,14.3179964451901,6.85775369362163);
#153=ELLIPSE('',#1615,14.3179964451901,6.85775369362163);
#154=ELLIPSE('',#1616,14.3179964451901,6.85775369362163);
#155=(
BOUNDED_SURFACE()
B_SPLINE_SURFACE(1,2,((#2222,#2223,#2224,#2225,#2226),(#2227,#2228,#2229,
#2230,#2231)),.UNSPECIFIED.,.F.,.F.,.F.)
B_SPLINE_SURFACE_WITH_KNOTS((2,2),(3,2,3),(0.042782184971763,0.0855643699435259),
(-4.68737914093884,-3.14159265358979,-1.59580616624074),.UNSPECIFIED.)
GEOMETRIC_REPRESENTATION_ITEM()
RATIONAL_B_SPLINE_SURFACE(((1.,0.715893578782727,1.,0.715893578782727,1.),
(1.,0.715893578782727,1.,0.715893578782727,1.)))
REPRESENTATION_ITEM('')
SURFACE()
);
#156=(
BOUNDED_SURFACE()
B_SPLINE_SURFACE(1,2,((#2254,#2255,#2256,#2257,#2258),(#2259,#2260,#2261,
#2262,#2263)),.UNSPECIFIED.,.F.,.F.,.F.)
B_SPLINE_SURFACE_WITH_KNOTS((2,2),(3,2,3),(0.042782184971763,0.0855643699435259),
(-1.54578648734904,8.88178419700125E-16,1.54578648734905),.UNSPECIFIED.)
GEOMETRIC_REPRESENTATION_ITEM()
RATIONAL_B_SPLINE_SURFACE(((1.,0.71589357878273,1.,0.71589357878273,1.),
(1.,0.71589357878273,1.,0.71589357878273,1.)))
REPRESENTATION_ITEM('')
SURFACE()
);
#157=(
BOUNDED_SURFACE()
B_SPLINE_SURFACE(1,2,((#2271,#2272,#2273,#2274,#2275,#2276,#2277,#2278,
#2279),(#2280,#2281,#2282,#2283,#2284,#2285,#2286,#2287,#2288)),
 .UNSPECIFIED.,.F.,.T.,.F.)
B_SPLINE_SURFACE_WITH_KNOTS((2,2),(3,2,2,2,3),(0.,0.0698421740659068),(-3.14159265358979,
-1.5707963267949,0.,1.5707963267949,3.14159265358979),.UNSPECIFIED.)
GEOMETRIC_REPRESENTATION_ITEM()
RATIONAL_B_SPLINE_SURFACE(((1.,0.707106781186548,1.,0.707106781186548,1.,
0.707106781186548,1.,0.707106781186548,1.),(1.,0.707106781186548,1.,0.707106781186548,
1.,0.707106781186548,1.,0.707106781186548,1.)))
REPRESENTATION_ITEM('')
SURFACE()
);
#158=(
BOUNDED_SURFACE()
B_SPLINE_SURFACE(1,2,((#2312,#2313,#2314,#2315,#2316),(#2317,#2318,#2319,
#2320,#2321)),.UNSPECIFIED.,.F.,.F.,.F.)
B_SPLINE_SURFACE_WITH_KNOTS((2,2),(3,2,3),(0.042782184971763,0.085564369943526),
(-1.54578648734905,-6.66133814775094E-16,1.54578648734904),
 .UNSPECIFIED.)
GEOMETRIC_REPRESENTATION_ITEM()
RATIONAL_B_SPLINE_SURFACE(((1.,0.71589357878273,1.,0.71589357878273,1.),
(1.,0.71589357878273,1.,0.71589357878273,1.)))
REPRESENTATION_ITEM('')
SURFACE()
);
#159=(
BOUNDED_SURFACE()
B_SPLINE_SURFACE(1,2,((#2342,#2343,#2344,#2345,#2346),(#2347,#2348,#2349,
#2350,#2351)),.UNSPECIFIED.,.F.,.F.,.F.)
B_SPLINE_SURFACE_WITH_KNOTS((2,2),(3,2,3),(0.042782184971763,0.085564369943526),
(-4.68737914093885,-3.14159265358979,-1.59580616624075),.UNSPECIFIED.)
GEOMETRIC_REPRESENTATION_ITEM()
RATIONAL_B_SPLINE_SURFACE(((1.,0.715893578782727,1.,0.715893578782727,1.),
(1.,0.715893578782727,1.,0.715893578782727,1.)))
REPRESENTATION_ITEM('')
SURFACE()
);
#160=(
BOUNDED_SURFACE()
B_SPLINE_SURFACE(1,2,((#2359,#2360,#2361,#2362,#2363,#2364,#2365,#2366,
#2367),(#2368,#2369,#2370,#2371,#2372,#2373,#2374,#2375,#2376)),
 .UNSPECIFIED.,.F.,.T.,.F.)
B_SPLINE_SURFACE_WITH_KNOTS((2,2),(3,2,2,2,3),(0.,0.0698421740659068),(-3.14159265358979,
-1.5707963267949,0.,1.5707963267949,3.14159265358979),.UNSPECIFIED.)
GEOMETRIC_REPRESENTATION_ITEM()
RATIONAL_B_SPLINE_SURFACE(((1.,0.707106781186548,1.,0.707106781186548,1.,
0.707106781186548,1.,0.707106781186548,1.),(1.,0.707106781186548,1.,0.707106781186548,
1.,0.707106781186548,1.,0.707106781186548,1.)))
REPRESENTATION_ITEM('')
SURFACE()
);
#161=FACE_OUTER_BOUND('',#246,.T.);
#162=FACE_OUTER_BOUND('',#247,.T.);
#163=FACE_OUTER_BOUND('',#248,.T.);
#164=FACE_OUTER_BOUND('',#249,.T.);
#165=FACE_OUTER_BOUND('',#250,.T.);
#166=FACE_OUTER_BOUND('',#251,.T.);
#167=FACE_OUTER_BOUND('',#252,.T.);
#168=FACE_OUTER_BOUND('',#253,.T.);
#169=FACE_OUTER_BOUND('',#254,.T.);
#170=FACE_OUTER_BOUND('',#255,.T.);
#171=FACE_OUTER_BOUND('',#256,.T.);
#172=FACE_OUTER_BOUND('',#257,.T.);
#173=FACE_OUTER_BOUND('',#258,.T.);
#174=FACE_OUTER_BOUND('',#259,.T.);
#175=FACE_OUTER_BOUND('',#260,.T.);
#176=FACE_OUTER_BOUND('',#261,.T.);
#177=FACE_OUTER_BOUND('',#262,.T.);
#178=FACE_OUTER_BOUND('',#263,.T.);
#179=FACE_OUTER_BOUND('',#264,.T.);
#180=FACE_OUTER_BOUND('',#265,.T.);
#181=FACE_OUTER_BOUND('',#266,.T.);
#182=FACE_OUTER_BOUND('',#267,.T.);
#183=FACE_OUTER_BOUND('',#268,.T.);
#184=FACE_OUTER_BOUND('',#269,.T.);
#185=FACE_OUTER_BOUND('',#270,.T.);
#186=FACE_OUTER_BOUND('',#271,.T.);
#187=FACE_OUTER_BOUND('',#272,.T.);
#188=FACE_OUTER_BOUND('',#273,.T.);
#189=FACE_OUTER_BOUND('',#274,.T.);
#190=FACE_OUTER_BOUND('',#275,.T.);
#191=FACE_OUTER_BOUND('',#276,.T.);
#192=FACE_OUTER_BOUND('',#277,.T.);
#193=FACE_OUTER_BOUND('',#278,.T.);
#194=FACE_OUTER_BOUND('',#288,.T.);
#195=FACE_OUTER_BOUND('',#289,.T.);
#196=FACE_OUTER_BOUND('',#290,.T.);
#197=FACE_OUTER_BOUND('',#291,.T.);
#198=FACE_OUTER_BOUND('',#292,.T.);
#199=FACE_OUTER_BOUND('',#293,.T.);
#200=FACE_OUTER_BOUND('',#294,.T.);
#201=FACE_OUTER_BOUND('',#296,.T.);
#202=FACE_OUTER_BOUND('',#297,.T.);
#203=FACE_OUTER_BOUND('',#299,.T.);
#204=FACE_OUTER_BOUND('',#300,.T.);
#205=FACE_OUTER_BOUND('',#302,.T.);
#206=FACE_OUTER_BOUND('',#303,.T.);
#207=FACE_OUTER_BOUND('',#305,.T.);
#208=FACE_OUTER_BOUND('',#306,.T.);
#209=FACE_OUTER_BOUND('',#307,.T.);
#210=FACE_OUTER_BOUND('',#308,.T.);
#211=FACE_OUTER_BOUND('',#309,.T.);
#212=FACE_OUTER_BOUND('',#310,.T.);
#213=FACE_OUTER_BOUND('',#311,.T.);
#214=FACE_OUTER_BOUND('',#312,.T.);
#215=FACE_OUTER_BOUND('',#313,.T.);
#216=FACE_OUTER_BOUND('',#314,.T.);
#217=FACE_OUTER_BOUND('',#322,.T.);
#218=FACE_OUTER_BOUND('',#323,.T.);
#219=FACE_OUTER_BOUND('',#324,.T.);
#220=FACE_OUTER_BOUND('',#325,.T.);
#221=FACE_OUTER_BOUND('',#326,.T.);
#222=FACE_OUTER_BOUND('',#327,.T.);
#223=FACE_OUTER_BOUND('',#328,.T.);
#224=FACE_OUTER_BOUND('',#329,.T.);
#225=FACE_OUTER_BOUND('',#330,.T.);
#226=FACE_OUTER_BOUND('',#331,.T.);
#227=FACE_OUTER_BOUND('',#332,.T.);
#228=FACE_OUTER_BOUND('',#333,.T.);
#229=FACE_OUTER_BOUND('',#334,.T.);
#230=FACE_OUTER_BOUND('',#335,.T.);
#231=FACE_OUTER_BOUND('',#336,.T.);
#232=FACE_OUTER_BOUND('',#337,.T.);
#233=FACE_OUTER_BOUND('',#338,.T.);
#234=FACE_OUTER_BOUND('',#339,.T.);
#235=FACE_OUTER_BOUND('',#340,.T.);
#236=FACE_OUTER_BOUND('',#341,.T.);
#237=FACE_OUTER_BOUND('',#342,.T.);
#238=FACE_OUTER_BOUND('',#343,.T.);
#239=FACE_OUTER_BOUND('',#344,.T.);
#240=FACE_OUTER_BOUND('',#345,.T.);
#241=FACE_OUTER_BOUND('',#346,.T.);
#242=FACE_OUTER_BOUND('',#347,.T.);
#243=FACE_OUTER_BOUND('',#348,.T.);
#244=FACE_OUTER_BOUND('',#349,.T.);
#245=FACE_OUTER_BOUND('',#350,.T.);
#246=EDGE_LOOP('',(#994,#995,#996,#997));
#247=EDGE_LOOP('',(#998,#999,#1000,#1001));
#248=EDGE_LOOP('',(#1002,#1003,#1004,#1005));
#249=EDGE_LOOP('',(#1006,#1007,#1008,#1009,#1010));
#250=EDGE_LOOP('',(#1011,#1012,#1013,#1014,#1015,#1016,#1017,#1018));
#251=EDGE_LOOP('',(#1019,#1020,#1021,#1022));
#252=EDGE_LOOP('',(#1023,#1024,#1025,#1026));
#253=EDGE_LOOP('',(#1027,#1028,#1029,#1030));
#254=EDGE_LOOP('',(#1031,#1032,#1033,#1034,#1035,#1036,#1037,#1038,#1039,
#1040,#1041,#1042));
#255=EDGE_LOOP('',(#1043,#1044,#1045,#1046));
#256=EDGE_LOOP('',(#1047,#1048,#1049,#1050));
#257=EDGE_LOOP('',(#1051,#1052,#1053,#1054));
#258=EDGE_LOOP('',(#1055,#1056,#1057,#1058));
#259=EDGE_LOOP('',(#1059,#1060,#1061,#1062));
#260=EDGE_LOOP('',(#1063,#1064,#1065,#1066,#1067,#1068,#1069,#1070));
#261=EDGE_LOOP('',(#1071,#1072,#1073,#1074));
#262=EDGE_LOOP('',(#1075,#1076,#1077,#1078));
#263=EDGE_LOOP('',(#1079,#1080,#1081,#1082));
#264=EDGE_LOOP('',(#1083,#1084,#1085,#1086,#1087,#1088,#1089,#1090,#1091,
#1092,#1093,#1094));
#265=EDGE_LOOP('',(#1095,#1096,#1097,#1098,#1099));
#266=EDGE_LOOP('',(#1100,#1101,#1102,#1103));
#267=EDGE_LOOP('',(#1104,#1105,#1106,#1107));
#268=EDGE_LOOP('',(#1108,#1109,#1110,#1111));
#269=EDGE_LOOP('',(#1112,#1113,#1114,#1115));
#270=EDGE_LOOP('',(#1116,#1117,#1118,#1119));
#271=EDGE_LOOP('',(#1120,#1121,#1122,#1123));
#272=EDGE_LOOP('',(#1124,#1125,#1126,#1127));
#273=EDGE_LOOP('',(#1128,#1129,#1130,#1131));
#274=EDGE_LOOP('',(#1132,#1133,#1134,#1135));
#275=EDGE_LOOP('',(#1136,#1137,#1138,#1139));
#276=EDGE_LOOP('',(#1140,#1141,#1142,#1143));
#277=EDGE_LOOP('',(#1144,#1145,#1146,#1147));
#278=EDGE_LOOP('',(#1148,#1149,#1150,#1151,#1152,#1153,#1154,#1155,#1156,
#1157,#1158,#1159,#1160,#1161,#1162,#1163,#1164,#1165,#1166,#1167,#1168,
#1169,#1170,#1171,#1172,#1173,#1174,#1175,#1176,#1177));
#279=EDGE_LOOP('',(#1178));
#280=EDGE_LOOP('',(#1179));
#281=EDGE_LOOP('',(#1180,#1181,#1182,#1183));
#282=EDGE_LOOP('',(#1184));
#283=EDGE_LOOP('',(#1185));
#284=EDGE_LOOP('',(#1186));
#285=EDGE_LOOP('',(#1187));
#286=EDGE_LOOP('',(#1188,#1189,#1190,#1191,#1192,#1193,#1194,#1195));
#287=EDGE_LOOP('',(#1196));
#288=EDGE_LOOP('',(#1197,#1198,#1199,#1200));
#289=EDGE_LOOP('',(#1201,#1202,#1203,#1204));
#290=EDGE_LOOP('',(#1205,#1206,#1207,#1208));
#291=EDGE_LOOP('',(#1209,#1210,#1211,#1212));
#292=EDGE_LOOP('',(#1213,#1214,#1215,#1216));
#293=EDGE_LOOP('',(#1217,#1218,#1219,#1220));
#294=EDGE_LOOP('',(#1221));
#295=EDGE_LOOP('',(#1222));
#296=EDGE_LOOP('',(#1223,#1224,#1225,#1226));
#297=EDGE_LOOP('',(#1227));
#298=EDGE_LOOP('',(#1228));
#299=EDGE_LOOP('',(#1229,#1230,#1231,#1232));
#300=EDGE_LOOP('',(#1233));
#301=EDGE_LOOP('',(#1234));
#302=EDGE_LOOP('',(#1235,#1236,#1237,#1238));
#303=EDGE_LOOP('',(#1239));
#304=EDGE_LOOP('',(#1240));
#305=EDGE_LOOP('',(#1241,#1242,#1243,#1244));
#306=EDGE_LOOP('',(#1245,#1246,#1247,#1248));
#307=EDGE_LOOP('',(#1249,#1250,#1251,#1252));
#308=EDGE_LOOP('',(#1253,#1254,#1255,#1256));
#309=EDGE_LOOP('',(#1257,#1258,#1259,#1260));
#310=EDGE_LOOP('',(#1261,#1262,#1263,#1264));
#311=EDGE_LOOP('',(#1265,#1266,#1267,#1268));
#312=EDGE_LOOP('',(#1269,#1270,#1271,#1272));
#313=EDGE_LOOP('',(#1273,#1274,#1275,#1276));
#314=EDGE_LOOP('',(#1277,#1278,#1279,#1280,#1281,#1282,#1283,#1284,#1285,
#1286,#1287,#1288,#1289,#1290,#1291,#1292,#1293,#1294,#1295,#1296,#1297,
#1298,#1299,#1300,#1301,#1302,#1303,#1304,#1305,#1306));
#315=EDGE_LOOP('',(#1307));
#316=EDGE_LOOP('',(#1308));
#317=EDGE_LOOP('',(#1309));
#318=EDGE_LOOP('',(#1310));
#319=EDGE_LOOP('',(#1311,#1312,#1313,#1314));
#320=EDGE_LOOP('',(#1315));
#321=EDGE_LOOP('',(#1316,#1317,#1318,#1319,#1320,#1321,#1322,#1323));
#322=EDGE_LOOP('',(#1324,#1325,#1326,#1327));
#323=EDGE_LOOP('',(#1328,#1329,#1330,#1331));
#324=EDGE_LOOP('',(#1332,#1333,#1334,#1335));
#325=EDGE_LOOP('',(#1336,#1337,#1338,#1339));
#326=EDGE_LOOP('',(#1340,#1341,#1342,#1343));
#327=EDGE_LOOP('',(#1344,#1345,#1346,#1347));
#328=EDGE_LOOP('',(#1348,#1349,#1350,#1351));
#329=EDGE_LOOP('',(#1352,#1353,#1354,#1355));
#330=EDGE_LOOP('',(#1356,#1357,#1358,#1359));
#331=EDGE_LOOP('',(#1360,#1361,#1362,#1363));
#332=EDGE_LOOP('',(#1364,#1365,#1366,#1367));
#333=EDGE_LOOP('',(#1368,#1369,#1370,#1371));
#334=EDGE_LOOP('',(#1372,#1373,#1374,#1375));
#335=EDGE_LOOP('',(#1376,#1377,#1378,#1379));
#336=EDGE_LOOP('',(#1380,#1381,#1382,#1383));
#337=EDGE_LOOP('',(#1384,#1385,#1386,#1387));
#338=EDGE_LOOP('',(#1388,#1389,#1390,#1391));
#339=EDGE_LOOP('',(#1392,#1393,#1394,#1395));
#340=EDGE_LOOP('',(#1396,#1397,#1398,#1399));
#341=EDGE_LOOP('',(#1400,#1401,#1402,#1403));
#342=EDGE_LOOP('',(#1404,#1405,#1406,#1407));
#343=EDGE_LOOP('',(#1408,#1409,#1410,#1411));
#344=EDGE_LOOP('',(#1412,#1413,#1414,#1415));
#345=EDGE_LOOP('',(#1416,#1417,#1418,#1419));
#346=EDGE_LOOP('',(#1420,#1421,#1422,#1423));
#347=EDGE_LOOP('',(#1424,#1425,#1426,#1427));
#348=EDGE_LOOP('',(#1428,#1429,#1430,#1431));
#349=EDGE_LOOP('',(#1432,#1433,#1434,#1435));
#350=EDGE_LOOP('',(#1436,#1437,#1438,#1439));
#351=LINE('',#2207,#488);
#352=LINE('',#2209,#489);
#353=LINE('',#2211,#490);
#354=LINE('',#2212,#491);
#355=LINE('',#2216,#492);
#356=LINE('',#2218,#493);
#357=LINE('',#2220,#494);
#358=LINE('',#2221,#495);
#359=LINE('',#2242,#496);
#360=LINE('',#2246,#497);
#361=LINE('',#2250,#498);
#362=LINE('',#2252,#499);
#363=LINE('',#2253,#500);
#364=LINE('',#2265,#501);
#365=LINE('',#2269,#502);
#366=LINE('',#2270,#503);
#367=LINE('',#2291,#504);
#368=LINE('',#2297,#505);
#369=LINE('',#2299,#506);
#370=LINE('',#2301,#507);
#371=LINE('',#2302,#508);
#372=LINE('',#2306,#509);
#373=LINE('',#2308,#510);
#374=LINE('',#2310,#511);
#375=LINE('',#2311,#512);
#376=LINE('',#2332,#513);
#377=LINE('',#2335,#514);
#378=LINE('',#2338,#515);
#379=LINE('',#2340,#516);
#380=LINE('',#2341,#517);
#381=LINE('',#2353,#518);
#382=LINE('',#2357,#519);
#383=LINE('',#2358,#520);
#384=LINE('',#2380,#521);
#385=LINE('',#2389,#522);
#386=LINE('',#2392,#523);
#387=LINE('',#2403,#524);
#388=LINE('',#2404,#525);
#389=LINE('',#2415,#526);
#390=LINE('',#2416,#527);
#391=LINE('',#2427,#528);
#392=LINE('',#2428,#529);
#393=LINE('',#2434,#530);
#394=LINE('',#2437,#531);
#395=LINE('',#2440,#532);
#396=LINE('',#2441,#533);
#397=LINE('',#2444,#534);
#398=LINE('',#2448,#535);
#399=LINE('',#2449,#536);
#400=LINE('',#2455,#537);
#401=LINE('',#2457,#538);
#402=LINE('',#2459,#539);
#403=LINE('',#2461,#540);
#404=LINE('',#2463,#541);
#405=LINE('',#2467,#542);
#406=LINE('',#2471,#543);
#407=LINE('',#2475,#544);
#408=LINE('',#2479,#545);
#409=LINE('',#2483,#546);
#410=LINE('',#2487,#547);
#411=LINE('',#2491,#548);
#412=LINE('',#2495,#549);
#413=LINE('',#2508,#550);
#414=LINE('',#2512,#551);
#415=LINE('',#2516,#552);
#416=LINE('',#2519,#553);
#417=LINE('',#2524,#554);
#418=LINE('',#2526,#555);
#419=LINE('',#2528,#556);
#420=LINE('',#2529,#557);
#421=LINE('',#2540,#558);
#422=LINE('',#2543,#559);
#423=LINE('',#2545,#560);
#424=LINE('',#2548,#561);
#425=LINE('',#2551,#562);
#426=LINE('',#2554,#563);
#427=LINE('',#2558,#564);
#428=LINE('',#2565,#565);
#429=LINE('',#2572,#566);
#430=LINE('',#2579,#567);
#431=LINE('',#2587,#568);
#432=LINE('',#2588,#569);
#433=LINE('',#2589,#570);
#434=LINE('',#2592,#571);
#435=LINE('',#2593,#572);
#436=LINE('',#2596,#573);
#437=LINE('',#2597,#574);
#438=LINE('',#2599,#575);
#439=LINE('',#2602,#576);
#440=LINE('',#2606,#577);
#441=LINE('',#2610,#578);
#442=LINE('',#2614,#579);
#443=LINE('',#2618,#580);
#444=LINE('',#2621,#581);
#445=LINE('',#2624,#582);
#446=LINE('',#2628,#583);
#447=LINE('',#2632,#584);
#448=LINE('',#2636,#585);
#449=LINE('',#2649,#586);
#450=LINE('',#2653,#587);
#451=LINE('',#2657,#588);
#452=LINE('',#2661,#589);
#453=LINE('',#2665,#590);
#454=LINE('',#2669,#591);
#455=LINE('',#2673,#592);
#456=LINE('',#2677,#593);
#457=LINE('',#2681,#594);
#458=LINE('',#2683,#595);
#459=LINE('',#2685,#596);
#460=LINE('',#2687,#597);
#461=LINE('',#2688,#598);
#462=LINE('',#2690,#599);
#463=LINE('',#2692,#600);
#464=LINE('',#2694,#601);
#465=LINE('',#2695,#602);
#466=LINE('',#2697,#603);
#467=LINE('',#2699,#604);
#468=LINE('',#2701,#605);
#469=LINE('',#2702,#606);
#470=LINE('',#2705,#607);
#471=LINE('',#2706,#608);
#472=LINE('',#2708,#609);
#473=LINE('',#2710,#610);
#474=LINE('',#2712,#611);
#475=LINE('',#2714,#612);
#476=LINE('',#2715,#613);
#477=LINE('',#2722,#614);
#478=LINE('',#2723,#615);
#479=LINE('',#2725,#616);
#480=LINE('',#2727,#617);
#481=LINE('',#2729,#618);
#482=LINE('',#2732,#619);
#483=LINE('',#2733,#620);
#484=LINE('',#2764,#621);
#485=LINE('',#2769,#622);
#486=LINE('',#2771,#623);
#487=LINE('',#2773,#624);
#488=VECTOR('',#1748,10.);
#489=VECTOR('',#1749,10.);
#490=VECTOR('',#1750,10.);
#491=VECTOR('',#1751,10.);
#492=VECTOR('',#1754,10.);
#493=VECTOR('',#1755,10.);
#494=VECTOR('',#1756,10.);
#495=VECTOR('',#1757,10.);
#496=VECTOR('',#1772,10.);
#497=VECTOR('',#1775,10.);
#498=VECTOR('',#1780,10.);
#499=VECTOR('',#1781,10.);
#500=VECTOR('',#1782,10.);
#501=VECTOR('',#1783,10.);
#502=VECTOR('',#1788,10.);
#503=VECTOR('',#1789,10.);
#504=VECTOR('',#1792,14.3179964451901);
#505=VECTOR('',#1799,10.);
#506=VECTOR('',#1800,10.);
#507=VECTOR('',#1801,10.);
#508=VECTOR('',#1802,10.);
#509=VECTOR('',#1805,10.);
#510=VECTOR('',#1806,10.);
#511=VECTOR('',#1807,10.);
#512=VECTOR('',#1808,10.);
#513=VECTOR('',#1823,10.);
#514=VECTOR('',#1826,10.);
#515=VECTOR('',#1829,10.);
#516=VECTOR('',#1830,10.);
#517=VECTOR('',#1831,10.);
#518=VECTOR('',#1832,10.);
#519=VECTOR('',#1837,10.);
#520=VECTOR('',#1838,10.);
#521=VECTOR('',#1841,14.3179964451901);
#522=VECTOR('',#1852,10.);
#523=VECTOR('',#1855,10.);
#524=VECTOR('',#1868,10.);
#525=VECTOR('',#1869,10.);
#526=VECTOR('',#1882,10.);
#527=VECTOR('',#1883,10.);
#528=VECTOR('',#1896,10.);
#529=VECTOR('',#1897,10.);
#530=VECTOR('',#1906,10.);
#531=VECTOR('',#1909,10.);
#532=VECTOR('',#1912,10.);
#533=VECTOR('',#1913,10.);
#534=VECTOR('',#1916,10.);
#535=VECTOR('',#1921,10.);
#536=VECTOR('',#1922,10.);
#537=VECTOR('',#1927,10.);
#538=VECTOR('',#1928,10.);
#539=VECTOR('',#1929,10.);
#540=VECTOR('',#1930,10.);
#541=VECTOR('',#1931,10.);
#542=VECTOR('',#1934,10.);
#543=VECTOR('',#1937,10.);
#544=VECTOR('',#1940,10.);
#545=VECTOR('',#1943,10.);
#546=VECTOR('',#1946,10.);
#547=VECTOR('',#1949,10.);
#548=VECTOR('',#1952,10.);
#549=VECTOR('',#1955,10.);
#550=VECTOR('',#1956,10.);
#551=VECTOR('',#1959,10.);
#552=VECTOR('',#1962,10.);
#553=VECTOR('',#1965,10.);
#554=VECTOR('',#1968,10.);
#555=VECTOR('',#1969,10.);
#556=VECTOR('',#1970,10.);
#557=VECTOR('',#1971,10.);
#558=VECTOR('',#1982,10.);
#559=VECTOR('',#1985,10.);
#560=VECTOR('',#1988,10.);
#561=VECTOR('',#1991,10.);
#562=VECTOR('',#1996,10.);
#563=VECTOR('',#1999,4.40000000000001);
#564=VECTOR('',#2004,3.00000000000001);
#565=VECTOR('',#2013,3.24999999999999);
#566=VECTOR('',#2022,3.00000000000001);
#567=VECTOR('',#2031,3.24999999999999);
#568=VECTOR('',#2040,10.);
#569=VECTOR('',#2041,10.);
#570=VECTOR('',#2042,10.);
#571=VECTOR('',#2045,10.);
#572=VECTOR('',#2046,10.);
#573=VECTOR('',#2049,10.);
#574=VECTOR('',#2050,10.);
#575=VECTOR('',#2053,10.);
#576=VECTOR('',#2056,2.34999999999999);
#577=VECTOR('',#2061,2.35000000000001);
#578=VECTOR('',#2066,2.34999999999999);
#579=VECTOR('',#2071,2.34999999999999);
#580=VECTOR('',#2076,10.);
#581=VECTOR('',#2079,10.);
#582=VECTOR('',#2082,10.);
#583=VECTOR('',#2085,10.);
#584=VECTOR('',#2088,10.);
#585=VECTOR('',#2091,10.);
#586=VECTOR('',#2092,10.);
#587=VECTOR('',#2095,10.);
#588=VECTOR('',#2098,10.);
#589=VECTOR('',#2101,10.);
#590=VECTOR('',#2104,10.);
#591=VECTOR('',#2107,10.);
#592=VECTOR('',#2110,10.);
#593=VECTOR('',#2113,10.);
#594=VECTOR('',#2116,10.);
#595=VECTOR('',#2117,10.);
#596=VECTOR('',#2118,10.);
#597=VECTOR('',#2119,10.);
#598=VECTOR('',#2120,10.);
#599=VECTOR('',#2123,10.);
#600=VECTOR('',#2126,10.);
#601=VECTOR('',#2129,10.);
#602=VECTOR('',#2130,10.);
#603=VECTOR('',#2133,10.);
#604=VECTOR('',#2136,10.);
#605=VECTOR('',#2139,10.);
#606=VECTOR('',#2140,10.);
#607=VECTOR('',#2145,10.);
#608=VECTOR('',#2146,10.);
#609=VECTOR('',#2149,10.);
#610=VECTOR('',#2152,10.);
#611=VECTOR('',#2155,10.);
#612=VECTOR('',#2158,10.);
#613=VECTOR('',#2159,10.);
#614=VECTOR('',#2164,10.);
#615=VECTOR('',#2165,10.);
#616=VECTOR('',#2168,10.);
#617=VECTOR('',#2171,10.);
#618=VECTOR('',#2174,10.);
#619=VECTOR('',#2179,10.);
#620=VECTOR('',#2180,10.);
#621=VECTOR('',#2185,10.);
#622=VECTOR('',#2194,10.);
#623=VECTOR('',#2197,10.);
#624=VECTOR('',#2200,10.);
#625=VERTEX_POINT('',#2205);
#626=VERTEX_POINT('',#2206);
#627=VERTEX_POINT('',#2208);
#628=VERTEX_POINT('',#2210);
#629=VERTEX_POINT('',#2214);
#630=VERTEX_POINT('',#2215);
#631=VERTEX_POINT('',#2217);
#632=VERTEX_POINT('',#2219);
#633=VERTEX_POINT('',#2235);
#634=VERTEX_POINT('',#2239);
#635=VERTEX_POINT('',#2241);
#636=VERTEX_POINT('',#2243);
#637=VERTEX_POINT('',#2245);
#638=VERTEX_POINT('',#2249);
#639=VERTEX_POINT('',#2251);
#640=VERTEX_POINT('',#2264);
#641=VERTEX_POINT('',#2268);
#642=VERTEX_POINT('',#2290);
#643=VERTEX_POINT('',#2295);
#644=VERTEX_POINT('',#2296);
#645=VERTEX_POINT('',#2298);
#646=VERTEX_POINT('',#2300);
#647=VERTEX_POINT('',#2304);
#648=VERTEX_POINT('',#2305);
#649=VERTEX_POINT('',#2307);
#650=VERTEX_POINT('',#2309);
#651=VERTEX_POINT('',#2327);
#652=VERTEX_POINT('',#2329);
#653=VERTEX_POINT('',#2331);
#654=VERTEX_POINT('',#2333);
#655=VERTEX_POINT('',#2337);
#656=VERTEX_POINT('',#2339);
#657=VERTEX_POINT('',#2352);
#658=VERTEX_POINT('',#2356);
#659=VERTEX_POINT('',#2377);
#660=VERTEX_POINT('',#2379);
#661=VERTEX_POINT('',#2385);
#662=VERTEX_POINT('',#2386);
#663=VERTEX_POINT('',#2388);
#664=VERTEX_POINT('',#2390);
#665=VERTEX_POINT('',#2394);
#666=VERTEX_POINT('',#2395);
#667=VERTEX_POINT('',#2400);
#668=VERTEX_POINT('',#2401);
#669=VERTEX_POINT('',#2406);
#670=VERTEX_POINT('',#2407);
#671=VERTEX_POINT('',#2412);
#672=VERTEX_POINT('',#2413);
#673=VERTEX_POINT('',#2418);
#674=VERTEX_POINT('',#2419);
#675=VERTEX_POINT('',#2424);
#676=VERTEX_POINT('',#2425);
#677=VERTEX_POINT('',#2433);
#678=VERTEX_POINT('',#2435);
#679=VERTEX_POINT('',#2439);
#680=VERTEX_POINT('',#2443);
#681=VERTEX_POINT('',#2447);
#682=VERTEX_POINT('',#2451);
#683=VERTEX_POINT('',#2452);
#684=VERTEX_POINT('',#2454);
#685=VERTEX_POINT('',#2456);
#686=VERTEX_POINT('',#2458);
#687=VERTEX_POINT('',#2460);
#688=VERTEX_POINT('',#2462);
#689=VERTEX_POINT('',#2464);
#690=VERTEX_POINT('',#2466);
#691=VERTEX_POINT('',#2468);
#692=VERTEX_POINT('',#2470);
#693=VERTEX_POINT('',#2472);
#694=VERTEX_POINT('',#2474);
#695=VERTEX_POINT('',#2476);
#696=VERTEX_POINT('',#2478);
#697=VERTEX_POINT('',#2480);
#698=VERTEX_POINT('',#2482);
#699=VERTEX_POINT('',#2484);
#700=VERTEX_POINT('',#2486);
#701=VERTEX_POINT('',#2488);
#702=VERTEX_POINT('',#2490);
#703=VERTEX_POINT('',#2492);
#704=VERTEX_POINT('',#2494);
#705=VERTEX_POINT('',#2496);
#706=VERTEX_POINT('',#2507);
#707=VERTEX_POINT('',#2509);
#708=VERTEX_POINT('',#2511);
#709=VERTEX_POINT('',#2513);
#710=VERTEX_POINT('',#2515);
#711=VERTEX_POINT('',#2517);
#712=VERTEX_POINT('',#2520);
#713=VERTEX_POINT('',#2522);
#714=VERTEX_POINT('',#2523);
#715=VERTEX_POINT('',#2525);
#716=VERTEX_POINT('',#2527);
#717=VERTEX_POINT('',#2530);
#718=VERTEX_POINT('',#2532);
#719=VERTEX_POINT('',#2534);
#720=VERTEX_POINT('',#2536);
#721=VERTEX_POINT('',#2539);
#722=VERTEX_POINT('',#2541);
#723=VERTEX_POINT('',#2547);
#724=VERTEX_POINT('',#2553);
#725=VERTEX_POINT('',#2557);
#726=VERTEX_POINT('',#2561);
#727=VERTEX_POINT('',#2564);
#728=VERTEX_POINT('',#2568);
#729=VERTEX_POINT('',#2571);
#730=VERTEX_POINT('',#2575);
#731=VERTEX_POINT('',#2578);
#732=VERTEX_POINT('',#2582);
#733=VERTEX_POINT('',#2585);
#734=VERTEX_POINT('',#2586);
#735=VERTEX_POINT('',#2591);
#736=VERTEX_POINT('',#2595);
#737=VERTEX_POINT('',#2601);
#738=VERTEX_POINT('',#2605);
#739=VERTEX_POINT('',#2609);
#740=VERTEX_POINT('',#2613);
#741=VERTEX_POINT('',#2617);
#742=VERTEX_POINT('',#2619);
#743=VERTEX_POINT('',#2623);
#744=VERTEX_POINT('',#2625);
#745=VERTEX_POINT('',#2627);
#746=VERTEX_POINT('',#2629);
#747=VERTEX_POINT('',#2631);
#748=VERTEX_POINT('',#2633);
#749=VERTEX_POINT('',#2635);
#750=VERTEX_POINT('',#2637);
#751=VERTEX_POINT('',#2648);
#752=VERTEX_POINT('',#2650);
#753=VERTEX_POINT('',#2652);
#754=VERTEX_POINT('',#2654);
#755=VERTEX_POINT('',#2656);
#756=VERTEX_POINT('',#2658);
#757=VERTEX_POINT('',#2660);
#758=VERTEX_POINT('',#2662);
#759=VERTEX_POINT('',#2664);
#760=VERTEX_POINT('',#2666);
#761=VERTEX_POINT('',#2668);
#762=VERTEX_POINT('',#2670);
#763=VERTEX_POINT('',#2672);
#764=VERTEX_POINT('',#2674);
#765=VERTEX_POINT('',#2676);
#766=VERTEX_POINT('',#2678);
#767=VERTEX_POINT('',#2680);
#768=VERTEX_POINT('',#2682);
#769=VERTEX_POINT('',#2684);
#770=VERTEX_POINT('',#2686);
#771=EDGE_CURVE('',#625,#626,#351,.T.);
#772=EDGE_CURVE('',#625,#627,#352,.T.);
#773=EDGE_CURVE('',#628,#627,#353,.T.);
#774=EDGE_CURVE('',#626,#628,#354,.T.);
#775=EDGE_CURVE('',#629,#630,#355,.T.);
#776=EDGE_CURVE('',#629,#631,#356,.T.);
#777=EDGE_CURVE('',#632,#631,#357,.T.);
#778=EDGE_CURVE('',#630,#632,#358,.T.);
#779=EDGE_CURVE('',#630,#625,#135,.T.);
#780=EDGE_CURVE('',#627,#632,#136,.T.);
#781=EDGE_CURVE('',#631,#633,#137,.T.);
#782=EDGE_CURVE('',#633,#628,#138,.T.);
#783=EDGE_CURVE('',#626,#634,#139,.T.);
#784=EDGE_CURVE('',#635,#634,#359,.T.);
#785=EDGE_CURVE('',#636,#635,#140,.T.);
#786=EDGE_CURVE('',#637,#636,#360,.T.);
#787=EDGE_CURVE('',#637,#629,#141,.T.);
#788=EDGE_CURVE('',#636,#638,#361,.T.);
#789=EDGE_CURVE('',#639,#638,#362,.T.);
#790=EDGE_CURVE('',#637,#639,#363,.T.);
#791=EDGE_CURVE('',#635,#640,#364,.T.);
#792=EDGE_CURVE('',#638,#640,#142,.T.);
#793=EDGE_CURVE('',#634,#641,#365,.T.);
#794=EDGE_CURVE('',#640,#641,#366,.T.);
#795=EDGE_CURVE('',#641,#639,#143,.T.);
#796=EDGE_CURVE('',#633,#642,#367,.T.);
#797=EDGE_CURVE('',#642,#642,#144,.T.);
#798=EDGE_CURVE('',#643,#644,#368,.T.);
#799=EDGE_CURVE('',#643,#645,#369,.T.);
#800=EDGE_CURVE('',#646,#645,#370,.T.);
#801=EDGE_CURVE('',#644,#646,#371,.T.);
#802=EDGE_CURVE('',#647,#648,#372,.T.);
#803=EDGE_CURVE('',#647,#649,#373,.T.);
#804=EDGE_CURVE('',#650,#649,#374,.T.);
#805=EDGE_CURVE('',#648,#650,#375,.T.);
#806=EDGE_CURVE('',#648,#643,#145,.T.);
#807=EDGE_CURVE('',#645,#650,#146,.T.);
#808=EDGE_CURVE('',#649,#646,#147,.T.);
#809=EDGE_CURVE('',#651,#647,#148,.T.);
#810=EDGE_CURVE('',#644,#652,#149,.T.);
#811=EDGE_CURVE('',#653,#652,#376,.T.);
#812=EDGE_CURVE('',#654,#653,#150,.T.);
#813=EDGE_CURVE('',#651,#654,#377,.T.);
#814=EDGE_CURVE('',#654,#655,#378,.T.);
#815=EDGE_CURVE('',#656,#655,#379,.T.);
#816=EDGE_CURVE('',#651,#656,#380,.T.);
#817=EDGE_CURVE('',#653,#657,#381,.T.);
#818=EDGE_CURVE('',#655,#657,#151,.T.);
#819=EDGE_CURVE('',#652,#658,#382,.T.);
#820=EDGE_CURVE('',#657,#658,#383,.T.);
#821=EDGE_CURVE('',#659,#656,#152,.T.);
#822=EDGE_CURVE('',#659,#660,#384,.T.);
#823=EDGE_CURVE('',#660,#660,#153,.T.);
#824=EDGE_CURVE('',#658,#659,#154,.T.);
#825=EDGE_CURVE('',#661,#662,#44,.T.);
#826=EDGE_CURVE('',#662,#663,#385,.T.);
#827=EDGE_CURVE('',#663,#664,#45,.T.);
#828=EDGE_CURVE('',#664,#661,#386,.T.);
#829=EDGE_CURVE('',#665,#666,#46,.T.);
#830=EDGE_CURVE('',#666,#664,#47,.T.);
#831=EDGE_CURVE('',#663,#665,#48,.T.);
#832=EDGE_CURVE('',#667,#668,#49,.T.);
#833=EDGE_CURVE('',#668,#666,#387,.T.);
#834=EDGE_CURVE('',#665,#667,#388,.T.);
#835=EDGE_CURVE('',#669,#670,#50,.T.);
#836=EDGE_CURVE('',#670,#668,#51,.T.);
#837=EDGE_CURVE('',#667,#669,#52,.T.);
#838=EDGE_CURVE('',#671,#672,#53,.T.);
#839=EDGE_CURVE('',#672,#670,#389,.T.);
#840=EDGE_CURVE('',#669,#671,#390,.T.);
#841=EDGE_CURVE('',#673,#674,#54,.T.);
#842=EDGE_CURVE('',#674,#672,#55,.T.);
#843=EDGE_CURVE('',#671,#673,#56,.T.);
#844=EDGE_CURVE('',#675,#676,#57,.T.);
#845=EDGE_CURVE('',#676,#674,#391,.T.);
#846=EDGE_CURVE('',#673,#675,#392,.T.);
#847=EDGE_CURVE('',#661,#676,#58,.T.);
#848=EDGE_CURVE('',#675,#662,#59,.T.);
#849=EDGE_CURVE('',#667,#677,#393,.T.);
#850=EDGE_CURVE('',#678,#677,#60,.T.);
#851=EDGE_CURVE('',#669,#678,#394,.T.);
#852=EDGE_CURVE('',#665,#679,#395,.T.);
#853=EDGE_CURVE('',#677,#679,#396,.T.);
#854=EDGE_CURVE('',#663,#680,#397,.T.);
#855=EDGE_CURVE('',#679,#680,#61,.T.);
#856=EDGE_CURVE('',#662,#681,#398,.T.);
#857=EDGE_CURVE('',#680,#681,#399,.T.);
#858=EDGE_CURVE('',#682,#683,#62,.T.);
#859=EDGE_CURVE('',#682,#684,#400,.T.);
#860=EDGE_CURVE('',#684,#685,#401,.T.);
#861=EDGE_CURVE('',#685,#686,#402,.T.);
#862=EDGE_CURVE('',#686,#687,#403,.T.);
#863=EDGE_CURVE('',#687,#688,#404,.T.);
#864=EDGE_CURVE('',#689,#688,#63,.T.);
#865=EDGE_CURVE('',#689,#690,#405,.T.);
#866=EDGE_CURVE('',#691,#690,#64,.T.);
#867=EDGE_CURVE('',#691,#692,#406,.T.);
#868=EDGE_CURVE('',#693,#692,#65,.T.);
#869=EDGE_CURVE('',#693,#694,#407,.T.);
#870=EDGE_CURVE('',#695,#694,#66,.T.);
#871=EDGE_CURVE('',#695,#696,#408,.T.);
#872=EDGE_CURVE('',#697,#696,#67,.T.);
#873=EDGE_CURVE('',#697,#698,#409,.T.);
#874=EDGE_CURVE('',#699,#698,#68,.T.);
#875=EDGE_CURVE('',#699,#700,#410,.T.);
#876=EDGE_CURVE('',#701,#700,#69,.T.);
#877=EDGE_CURVE('',#701,#702,#411,.T.);
#878=EDGE_CURVE('',#703,#702,#70,.T.);
#879=EDGE_CURVE('',#703,#704,#412,.T.);
#880=EDGE_CURVE('',#705,#704,#36,.T.);
#881=EDGE_CURVE('',#705,#706,#413,.T.);
#882=EDGE_CURVE('',#707,#706,#71,.T.);
#883=EDGE_CURVE('',#707,#708,#414,.T.);
#884=EDGE_CURVE('',#709,#708,#72,.T.);
#885=EDGE_CURVE('',#709,#710,#415,.T.);
#886=EDGE_CURVE('',#711,#710,#73,.T.);
#887=EDGE_CURVE('',#711,#683,#416,.T.);
#888=EDGE_CURVE('',#712,#712,#74,.T.);
#889=EDGE_CURVE('',#713,#714,#417,.T.);
#890=EDGE_CURVE('',#714,#715,#418,.T.);
#891=EDGE_CURVE('',#715,#716,#419,.T.);
#892=EDGE_CURVE('',#716,#713,#420,.T.);
#893=EDGE_CURVE('',#717,#717,#75,.T.);
#894=EDGE_CURVE('',#718,#718,#76,.T.);
#895=EDGE_CURVE('',#719,#719,#77,.T.);
#896=EDGE_CURVE('',#720,#720,#78,.T.);
#897=EDGE_CURVE('',#671,#721,#421,.T.);
#898=EDGE_CURVE('',#722,#721,#79,.T.);
#899=EDGE_CURVE('',#673,#722,#422,.T.);
#900=EDGE_CURVE('',#721,#678,#423,.T.);
#901=EDGE_CURVE('',#675,#723,#424,.T.);
#902=EDGE_CURVE('',#681,#723,#80,.T.);
#903=EDGE_CURVE('',#723,#722,#425,.T.);
#904=EDGE_CURVE('',#712,#724,#426,.T.);
#905=EDGE_CURVE('',#724,#724,#81,.T.);
#906=EDGE_CURVE('',#720,#725,#427,.T.);
#907=EDGE_CURVE('',#725,#725,#82,.T.);
#908=EDGE_CURVE('',#726,#726,#83,.T.);
#909=EDGE_CURVE('',#719,#727,#428,.T.);
#910=EDGE_CURVE('',#727,#727,#84,.T.);
#911=EDGE_CURVE('',#728,#728,#85,.T.);
#912=EDGE_CURVE('',#718,#729,#429,.T.);
#913=EDGE_CURVE('',#729,#729,#86,.T.);
#914=EDGE_CURVE('',#730,#730,#87,.T.);
#915=EDGE_CURVE('',#717,#731,#430,.T.);
#916=EDGE_CURVE('',#731,#731,#88,.T.);
#917=EDGE_CURVE('',#732,#732,#89,.T.);
#918=EDGE_CURVE('',#733,#734,#431,.T.);
#919=EDGE_CURVE('',#733,#716,#432,.T.);
#920=EDGE_CURVE('',#734,#715,#433,.T.);
#921=EDGE_CURVE('',#734,#735,#434,.T.);
#922=EDGE_CURVE('',#735,#714,#435,.T.);
#923=EDGE_CURVE('',#735,#736,#436,.T.);
#924=EDGE_CURVE('',#736,#713,#437,.T.);
#925=EDGE_CURVE('',#736,#733,#438,.T.);
#926=EDGE_CURVE('',#730,#737,#439,.T.);
#927=EDGE_CURVE('',#737,#737,#90,.T.);
#928=EDGE_CURVE('',#732,#738,#440,.T.);
#929=EDGE_CURVE('',#738,#738,#91,.T.);
#930=EDGE_CURVE('',#726,#739,#441,.T.);
#931=EDGE_CURVE('',#739,#739,#92,.T.);
#932=EDGE_CURVE('',#728,#740,#442,.T.);
#933=EDGE_CURVE('',#740,#740,#93,.T.);
#934=EDGE_CURVE('',#683,#741,#443,.T.);
#935=EDGE_CURVE('',#741,#742,#94,.T.);
#936=EDGE_CURVE('',#742,#682,#444,.T.);
#937=EDGE_CURVE('',#741,#743,#445,.T.);
#938=EDGE_CURVE('',#744,#743,#95,.T.);
#939=EDGE_CURVE('',#744,#745,#446,.T.);
#940=EDGE_CURVE('',#746,#745,#96,.T.);
#941=EDGE_CURVE('',#746,#747,#447,.T.);
#942=EDGE_CURVE('',#748,#747,#97,.T.);
#943=EDGE_CURVE('',#748,#749,#448,.T.);
#944=EDGE_CURVE('',#750,#749,#37,.T.);
#945=EDGE_CURVE('',#750,#751,#449,.T.);
#946=EDGE_CURVE('',#752,#751,#98,.T.);
#947=EDGE_CURVE('',#752,#753,#450,.T.);
#948=EDGE_CURVE('',#754,#753,#99,.T.);
#949=EDGE_CURVE('',#754,#755,#451,.T.);
#950=EDGE_CURVE('',#756,#755,#100,.T.);
#951=EDGE_CURVE('',#756,#757,#452,.T.);
#952=EDGE_CURVE('',#758,#757,#101,.T.);
#953=EDGE_CURVE('',#758,#759,#453,.T.);
#954=EDGE_CURVE('',#760,#759,#102,.T.);
#955=EDGE_CURVE('',#760,#761,#454,.T.);
#956=EDGE_CURVE('',#762,#761,#103,.T.);
#957=EDGE_CURVE('',#762,#763,#455,.T.);
#958=EDGE_CURVE('',#764,#763,#104,.T.);
#959=EDGE_CURVE('',#764,#765,#456,.T.);
#960=EDGE_CURVE('',#766,#765,#105,.T.);
#961=EDGE_CURVE('',#766,#767,#457,.T.);
#962=EDGE_CURVE('',#768,#767,#458,.T.);
#963=EDGE_CURVE('',#769,#768,#459,.T.);
#964=EDGE_CURVE('',#770,#769,#460,.T.);
#965=EDGE_CURVE('',#770,#742,#461,.T.);
#966=EDGE_CURVE('',#743,#711,#462,.T.);
#967=EDGE_CURVE('',#710,#744,#463,.T.);
#968=EDGE_CURVE('',#690,#764,#464,.T.);
#969=EDGE_CURVE('',#763,#691,#465,.T.);
#970=EDGE_CURVE('',#765,#689,#466,.T.);
#971=EDGE_CURVE('',#688,#766,#467,.T.);
#972=EDGE_CURVE('',#745,#709,#468,.T.);
#973=EDGE_CURVE('',#708,#746,#469,.T.);
#974=EDGE_CURVE('',#761,#693,#470,.T.);
#975=EDGE_CURVE('',#692,#762,#471,.T.);
#976=EDGE_CURVE('',#694,#760,#472,.T.);
#977=EDGE_CURVE('',#759,#695,#473,.T.);
#978=EDGE_CURVE('',#696,#758,#474,.T.);
#979=EDGE_CURVE('',#702,#752,#475,.T.);
#980=EDGE_CURVE('',#751,#703,#476,.T.);
#981=EDGE_CURVE('',#704,#750,#38,.T.);
#982=EDGE_CURVE('',#700,#754,#477,.T.);
#983=EDGE_CURVE('',#753,#701,#478,.T.);
#984=EDGE_CURVE('',#755,#699,#479,.T.);
#985=EDGE_CURVE('',#698,#756,#480,.T.);
#986=EDGE_CURVE('',#757,#697,#481,.T.);
#987=EDGE_CURVE('',#747,#707,#482,.T.);
#988=EDGE_CURVE('',#706,#748,#483,.T.);
#989=EDGE_CURVE('',#749,#705,#39,.T.);
#990=EDGE_CURVE('',#770,#684,#484,.T.);
#991=EDGE_CURVE('',#767,#687,#485,.T.);
#992=EDGE_CURVE('',#768,#686,#486,.T.);
#993=EDGE_CURVE('',#769,#685,#487,.T.);
#994=ORIENTED_EDGE('',*,*,#771,.F.);
#995=ORIENTED_EDGE('',*,*,#772,.T.);
#996=ORIENTED_EDGE('',*,*,#773,.F.);
#997=ORIENTED_EDGE('',*,*,#774,.F.);
#998=ORIENTED_EDGE('',*,*,#775,.F.);
#999=ORIENTED_EDGE('',*,*,#776,.T.);
#1000=ORIENTED_EDGE('',*,*,#777,.F.);
#1001=ORIENTED_EDGE('',*,*,#778,.F.);
#1002=ORIENTED_EDGE('',*,*,#779,.F.);
#1003=ORIENTED_EDGE('',*,*,#778,.T.);
#1004=ORIENTED_EDGE('',*,*,#780,.F.);
#1005=ORIENTED_EDGE('',*,*,#772,.F.);
#1006=ORIENTED_EDGE('',*,*,#781,.T.);
#1007=ORIENTED_EDGE('',*,*,#782,.T.);
#1008=ORIENTED_EDGE('',*,*,#773,.T.);
#1009=ORIENTED_EDGE('',*,*,#780,.T.);
#1010=ORIENTED_EDGE('',*,*,#777,.T.);
#1011=ORIENTED_EDGE('',*,*,#783,.T.);
#1012=ORIENTED_EDGE('',*,*,#784,.F.);
#1013=ORIENTED_EDGE('',*,*,#785,.F.);
#1014=ORIENTED_EDGE('',*,*,#786,.F.);
#1015=ORIENTED_EDGE('',*,*,#787,.T.);
#1016=ORIENTED_EDGE('',*,*,#775,.T.);
#1017=ORIENTED_EDGE('',*,*,#779,.T.);
#1018=ORIENTED_EDGE('',*,*,#771,.T.);
#1019=ORIENTED_EDGE('',*,*,#786,.T.);
#1020=ORIENTED_EDGE('',*,*,#788,.T.);
#1021=ORIENTED_EDGE('',*,*,#789,.F.);
#1022=ORIENTED_EDGE('',*,*,#790,.F.);
#1023=ORIENTED_EDGE('',*,*,#785,.T.);
#1024=ORIENTED_EDGE('',*,*,#791,.T.);
#1025=ORIENTED_EDGE('',*,*,#792,.F.);
#1026=ORIENTED_EDGE('',*,*,#788,.F.);
#1027=ORIENTED_EDGE('',*,*,#784,.T.);
#1028=ORIENTED_EDGE('',*,*,#793,.T.);
#1029=ORIENTED_EDGE('',*,*,#794,.F.);
#1030=ORIENTED_EDGE('',*,*,#791,.F.);
#1031=ORIENTED_EDGE('',*,*,#787,.F.);
#1032=ORIENTED_EDGE('',*,*,#790,.T.);
#1033=ORIENTED_EDGE('',*,*,#795,.F.);
#1034=ORIENTED_EDGE('',*,*,#793,.F.);
#1035=ORIENTED_EDGE('',*,*,#783,.F.);
#1036=ORIENTED_EDGE('',*,*,#774,.T.);
#1037=ORIENTED_EDGE('',*,*,#782,.F.);
#1038=ORIENTED_EDGE('',*,*,#796,.T.);
#1039=ORIENTED_EDGE('',*,*,#797,.F.);
#1040=ORIENTED_EDGE('',*,*,#796,.F.);
#1041=ORIENTED_EDGE('',*,*,#781,.F.);
#1042=ORIENTED_EDGE('',*,*,#776,.F.);
#1043=ORIENTED_EDGE('',*,*,#789,.T.);
#1044=ORIENTED_EDGE('',*,*,#792,.T.);
#1045=ORIENTED_EDGE('',*,*,#794,.T.);
#1046=ORIENTED_EDGE('',*,*,#795,.T.);
#1047=ORIENTED_EDGE('',*,*,#798,.F.);
#1048=ORIENTED_EDGE('',*,*,#799,.T.);
#1049=ORIENTED_EDGE('',*,*,#800,.F.);
#1050=ORIENTED_EDGE('',*,*,#801,.F.);
#1051=ORIENTED_EDGE('',*,*,#802,.F.);
#1052=ORIENTED_EDGE('',*,*,#803,.T.);
#1053=ORIENTED_EDGE('',*,*,#804,.F.);
#1054=ORIENTED_EDGE('',*,*,#805,.F.);
#1055=ORIENTED_EDGE('',*,*,#806,.F.);
#1056=ORIENTED_EDGE('',*,*,#805,.T.);
#1057=ORIENTED_EDGE('',*,*,#807,.F.);
#1058=ORIENTED_EDGE('',*,*,#799,.F.);
#1059=ORIENTED_EDGE('',*,*,#808,.T.);
#1060=ORIENTED_EDGE('',*,*,#800,.T.);
#1061=ORIENTED_EDGE('',*,*,#807,.T.);
#1062=ORIENTED_EDGE('',*,*,#804,.T.);
#1063=ORIENTED_EDGE('',*,*,#809,.T.);
#1064=ORIENTED_EDGE('',*,*,#802,.T.);
#1065=ORIENTED_EDGE('',*,*,#806,.T.);
#1066=ORIENTED_EDGE('',*,*,#798,.T.);
#1067=ORIENTED_EDGE('',*,*,#810,.T.);
#1068=ORIENTED_EDGE('',*,*,#811,.F.);
#1069=ORIENTED_EDGE('',*,*,#812,.F.);
#1070=ORIENTED_EDGE('',*,*,#813,.F.);
#1071=ORIENTED_EDGE('',*,*,#813,.T.);
#1072=ORIENTED_EDGE('',*,*,#814,.T.);
#1073=ORIENTED_EDGE('',*,*,#815,.F.);
#1074=ORIENTED_EDGE('',*,*,#816,.F.);
#1075=ORIENTED_EDGE('',*,*,#812,.T.);
#1076=ORIENTED_EDGE('',*,*,#817,.T.);
#1077=ORIENTED_EDGE('',*,*,#818,.F.);
#1078=ORIENTED_EDGE('',*,*,#814,.F.);
#1079=ORIENTED_EDGE('',*,*,#811,.T.);
#1080=ORIENTED_EDGE('',*,*,#819,.T.);
#1081=ORIENTED_EDGE('',*,*,#820,.F.);
#1082=ORIENTED_EDGE('',*,*,#817,.F.);
#1083=ORIENTED_EDGE('',*,*,#809,.F.);
#1084=ORIENTED_EDGE('',*,*,#816,.T.);
#1085=ORIENTED_EDGE('',*,*,#821,.F.);
#1086=ORIENTED_EDGE('',*,*,#822,.T.);
#1087=ORIENTED_EDGE('',*,*,#823,.F.);
#1088=ORIENTED_EDGE('',*,*,#822,.F.);
#1089=ORIENTED_EDGE('',*,*,#824,.F.);
#1090=ORIENTED_EDGE('',*,*,#819,.F.);
#1091=ORIENTED_EDGE('',*,*,#810,.F.);
#1092=ORIENTED_EDGE('',*,*,#801,.T.);
#1093=ORIENTED_EDGE('',*,*,#808,.F.);
#1094=ORIENTED_EDGE('',*,*,#803,.F.);
#1095=ORIENTED_EDGE('',*,*,#815,.T.);
#1096=ORIENTED_EDGE('',*,*,#818,.T.);
#1097=ORIENTED_EDGE('',*,*,#820,.T.);
#1098=ORIENTED_EDGE('',*,*,#824,.T.);
#1099=ORIENTED_EDGE('',*,*,#821,.T.);
#1100=ORIENTED_EDGE('',*,*,#825,.T.);
#1101=ORIENTED_EDGE('',*,*,#826,.T.);
#1102=ORIENTED_EDGE('',*,*,#827,.T.);
#1103=ORIENTED_EDGE('',*,*,#828,.T.);
#1104=ORIENTED_EDGE('',*,*,#829,.T.);
#1105=ORIENTED_EDGE('',*,*,#830,.T.);
#1106=ORIENTED_EDGE('',*,*,#827,.F.);
#1107=ORIENTED_EDGE('',*,*,#831,.T.);
#1108=ORIENTED_EDGE('',*,*,#832,.T.);
#1109=ORIENTED_EDGE('',*,*,#833,.T.);
#1110=ORIENTED_EDGE('',*,*,#829,.F.);
#1111=ORIENTED_EDGE('',*,*,#834,.T.);
#1112=ORIENTED_EDGE('',*,*,#835,.T.);
#1113=ORIENTED_EDGE('',*,*,#836,.T.);
#1114=ORIENTED_EDGE('',*,*,#832,.F.);
#1115=ORIENTED_EDGE('',*,*,#837,.T.);
#1116=ORIENTED_EDGE('',*,*,#838,.T.);
#1117=ORIENTED_EDGE('',*,*,#839,.T.);
#1118=ORIENTED_EDGE('',*,*,#835,.F.);
#1119=ORIENTED_EDGE('',*,*,#840,.T.);
#1120=ORIENTED_EDGE('',*,*,#841,.T.);
#1121=ORIENTED_EDGE('',*,*,#842,.T.);
#1122=ORIENTED_EDGE('',*,*,#838,.F.);
#1123=ORIENTED_EDGE('',*,*,#843,.T.);
#1124=ORIENTED_EDGE('',*,*,#844,.T.);
#1125=ORIENTED_EDGE('',*,*,#845,.T.);
#1126=ORIENTED_EDGE('',*,*,#841,.F.);
#1127=ORIENTED_EDGE('',*,*,#846,.T.);
#1128=ORIENTED_EDGE('',*,*,#825,.F.);
#1129=ORIENTED_EDGE('',*,*,#847,.T.);
#1130=ORIENTED_EDGE('',*,*,#844,.F.);
#1131=ORIENTED_EDGE('',*,*,#848,.T.);
#1132=ORIENTED_EDGE('',*,*,#837,.F.);
#1133=ORIENTED_EDGE('',*,*,#849,.T.);
#1134=ORIENTED_EDGE('',*,*,#850,.F.);
#1135=ORIENTED_EDGE('',*,*,#851,.F.);
#1136=ORIENTED_EDGE('',*,*,#834,.F.);
#1137=ORIENTED_EDGE('',*,*,#852,.T.);
#1138=ORIENTED_EDGE('',*,*,#853,.F.);
#1139=ORIENTED_EDGE('',*,*,#849,.F.);
#1140=ORIENTED_EDGE('',*,*,#831,.F.);
#1141=ORIENTED_EDGE('',*,*,#854,.T.);
#1142=ORIENTED_EDGE('',*,*,#855,.F.);
#1143=ORIENTED_EDGE('',*,*,#852,.F.);
#1144=ORIENTED_EDGE('',*,*,#826,.F.);
#1145=ORIENTED_EDGE('',*,*,#856,.T.);
#1146=ORIENTED_EDGE('',*,*,#857,.F.);
#1147=ORIENTED_EDGE('',*,*,#854,.F.);
#1148=ORIENTED_EDGE('',*,*,#858,.F.);
#1149=ORIENTED_EDGE('',*,*,#859,.T.);
#1150=ORIENTED_EDGE('',*,*,#860,.T.);
#1151=ORIENTED_EDGE('',*,*,#861,.T.);
#1152=ORIENTED_EDGE('',*,*,#862,.T.);
#1153=ORIENTED_EDGE('',*,*,#863,.T.);
#1154=ORIENTED_EDGE('',*,*,#864,.F.);
#1155=ORIENTED_EDGE('',*,*,#865,.T.);
#1156=ORIENTED_EDGE('',*,*,#866,.F.);
#1157=ORIENTED_EDGE('',*,*,#867,.T.);
#1158=ORIENTED_EDGE('',*,*,#868,.F.);
#1159=ORIENTED_EDGE('',*,*,#869,.T.);
#1160=ORIENTED_EDGE('',*,*,#870,.F.);
#1161=ORIENTED_EDGE('',*,*,#871,.T.);
#1162=ORIENTED_EDGE('',*,*,#872,.F.);
#1163=ORIENTED_EDGE('',*,*,#873,.T.);
#1164=ORIENTED_EDGE('',*,*,#874,.F.);
#1165=ORIENTED_EDGE('',*,*,#875,.T.);
#1166=ORIENTED_EDGE('',*,*,#876,.F.);
#1167=ORIENTED_EDGE('',*,*,#877,.T.);
#1168=ORIENTED_EDGE('',*,*,#878,.F.);
#1169=ORIENTED_EDGE('',*,*,#879,.T.);
#1170=ORIENTED_EDGE('',*,*,#880,.F.);
#1171=ORIENTED_EDGE('',*,*,#881,.T.);
#1172=ORIENTED_EDGE('',*,*,#882,.F.);
#1173=ORIENTED_EDGE('',*,*,#883,.T.);
#1174=ORIENTED_EDGE('',*,*,#884,.F.);
#1175=ORIENTED_EDGE('',*,*,#885,.T.);
#1176=ORIENTED_EDGE('',*,*,#886,.F.);
#1177=ORIENTED_EDGE('',*,*,#887,.T.);
#1178=ORIENTED_EDGE('',*,*,#823,.T.);
#1179=ORIENTED_EDGE('',*,*,#888,.T.);
#1180=ORIENTED_EDGE('',*,*,#889,.T.);
#1181=ORIENTED_EDGE('',*,*,#890,.T.);
#1182=ORIENTED_EDGE('',*,*,#891,.T.);
#1183=ORIENTED_EDGE('',*,*,#892,.T.);
#1184=ORIENTED_EDGE('',*,*,#893,.T.);
#1185=ORIENTED_EDGE('',*,*,#894,.T.);
#1186=ORIENTED_EDGE('',*,*,#895,.T.);
#1187=ORIENTED_EDGE('',*,*,#896,.T.);
#1188=ORIENTED_EDGE('',*,*,#828,.F.);
#1189=ORIENTED_EDGE('',*,*,#830,.F.);
#1190=ORIENTED_EDGE('',*,*,#833,.F.);
#1191=ORIENTED_EDGE('',*,*,#836,.F.);
#1192=ORIENTED_EDGE('',*,*,#839,.F.);
#1193=ORIENTED_EDGE('',*,*,#842,.F.);
#1194=ORIENTED_EDGE('',*,*,#845,.F.);
#1195=ORIENTED_EDGE('',*,*,#847,.F.);
#1196=ORIENTED_EDGE('',*,*,#797,.T.);
#1197=ORIENTED_EDGE('',*,*,#843,.F.);
#1198=ORIENTED_EDGE('',*,*,#897,.T.);
#1199=ORIENTED_EDGE('',*,*,#898,.F.);
#1200=ORIENTED_EDGE('',*,*,#899,.F.);
#1201=ORIENTED_EDGE('',*,*,#840,.F.);
#1202=ORIENTED_EDGE('',*,*,#851,.T.);
#1203=ORIENTED_EDGE('',*,*,#900,.F.);
#1204=ORIENTED_EDGE('',*,*,#897,.F.);
#1205=ORIENTED_EDGE('',*,*,#848,.F.);
#1206=ORIENTED_EDGE('',*,*,#901,.T.);
#1207=ORIENTED_EDGE('',*,*,#902,.F.);
#1208=ORIENTED_EDGE('',*,*,#856,.F.);
#1209=ORIENTED_EDGE('',*,*,#846,.F.);
#1210=ORIENTED_EDGE('',*,*,#899,.T.);
#1211=ORIENTED_EDGE('',*,*,#903,.F.);
#1212=ORIENTED_EDGE('',*,*,#901,.F.);
#1213=ORIENTED_EDGE('',*,*,#888,.F.);
#1214=ORIENTED_EDGE('',*,*,#904,.T.);
#1215=ORIENTED_EDGE('',*,*,#905,.F.);
#1216=ORIENTED_EDGE('',*,*,#904,.F.);
#1217=ORIENTED_EDGE('',*,*,#896,.F.);
#1218=ORIENTED_EDGE('',*,*,#906,.T.);
#1219=ORIENTED_EDGE('',*,*,#907,.T.);
#1220=ORIENTED_EDGE('',*,*,#906,.F.);
#1221=ORIENTED_EDGE('',*,*,#907,.F.);
#1222=ORIENTED_EDGE('',*,*,#908,.F.);
#1223=ORIENTED_EDGE('',*,*,#895,.F.);
#1224=ORIENTED_EDGE('',*,*,#909,.T.);
#1225=ORIENTED_EDGE('',*,*,#910,.T.);
#1226=ORIENTED_EDGE('',*,*,#909,.F.);
#1227=ORIENTED_EDGE('',*,*,#910,.F.);
#1228=ORIENTED_EDGE('',*,*,#911,.F.);
#1229=ORIENTED_EDGE('',*,*,#894,.F.);
#1230=ORIENTED_EDGE('',*,*,#912,.T.);
#1231=ORIENTED_EDGE('',*,*,#913,.T.);
#1232=ORIENTED_EDGE('',*,*,#912,.F.);
#1233=ORIENTED_EDGE('',*,*,#913,.F.);
#1234=ORIENTED_EDGE('',*,*,#914,.F.);
#1235=ORIENTED_EDGE('',*,*,#893,.F.);
#1236=ORIENTED_EDGE('',*,*,#915,.T.);
#1237=ORIENTED_EDGE('',*,*,#916,.T.);
#1238=ORIENTED_EDGE('',*,*,#915,.F.);
#1239=ORIENTED_EDGE('',*,*,#916,.F.);
#1240=ORIENTED_EDGE('',*,*,#917,.F.);
#1241=ORIENTED_EDGE('',*,*,#918,.F.);
#1242=ORIENTED_EDGE('',*,*,#919,.T.);
#1243=ORIENTED_EDGE('',*,*,#891,.F.);
#1244=ORIENTED_EDGE('',*,*,#920,.F.);
#1245=ORIENTED_EDGE('',*,*,#921,.F.);
#1246=ORIENTED_EDGE('',*,*,#920,.T.);
#1247=ORIENTED_EDGE('',*,*,#890,.F.);
#1248=ORIENTED_EDGE('',*,*,#922,.F.);
#1249=ORIENTED_EDGE('',*,*,#923,.F.);
#1250=ORIENTED_EDGE('',*,*,#922,.T.);
#1251=ORIENTED_EDGE('',*,*,#889,.F.);
#1252=ORIENTED_EDGE('',*,*,#924,.F.);
#1253=ORIENTED_EDGE('',*,*,#925,.F.);
#1254=ORIENTED_EDGE('',*,*,#924,.T.);
#1255=ORIENTED_EDGE('',*,*,#892,.F.);
#1256=ORIENTED_EDGE('',*,*,#919,.F.);
#1257=ORIENTED_EDGE('',*,*,#914,.T.);
#1258=ORIENTED_EDGE('',*,*,#926,.T.);
#1259=ORIENTED_EDGE('',*,*,#927,.F.);
#1260=ORIENTED_EDGE('',*,*,#926,.F.);
#1261=ORIENTED_EDGE('',*,*,#917,.T.);
#1262=ORIENTED_EDGE('',*,*,#928,.T.);
#1263=ORIENTED_EDGE('',*,*,#929,.F.);
#1264=ORIENTED_EDGE('',*,*,#928,.F.);
#1265=ORIENTED_EDGE('',*,*,#908,.T.);
#1266=ORIENTED_EDGE('',*,*,#930,.T.);
#1267=ORIENTED_EDGE('',*,*,#931,.F.);
#1268=ORIENTED_EDGE('',*,*,#930,.F.);
#1269=ORIENTED_EDGE('',*,*,#911,.T.);
#1270=ORIENTED_EDGE('',*,*,#932,.T.);
#1271=ORIENTED_EDGE('',*,*,#933,.F.);
#1272=ORIENTED_EDGE('',*,*,#932,.F.);
#1273=ORIENTED_EDGE('',*,*,#858,.T.);
#1274=ORIENTED_EDGE('',*,*,#934,.T.);
#1275=ORIENTED_EDGE('',*,*,#935,.T.);
#1276=ORIENTED_EDGE('',*,*,#936,.T.);
#1277=ORIENTED_EDGE('',*,*,#935,.F.);
#1278=ORIENTED_EDGE('',*,*,#937,.T.);
#1279=ORIENTED_EDGE('',*,*,#938,.F.);
#1280=ORIENTED_EDGE('',*,*,#939,.T.);
#1281=ORIENTED_EDGE('',*,*,#940,.F.);
#1282=ORIENTED_EDGE('',*,*,#941,.T.);
#1283=ORIENTED_EDGE('',*,*,#942,.F.);
#1284=ORIENTED_EDGE('',*,*,#943,.T.);
#1285=ORIENTED_EDGE('',*,*,#944,.F.);
#1286=ORIENTED_EDGE('',*,*,#945,.T.);
#1287=ORIENTED_EDGE('',*,*,#946,.F.);
#1288=ORIENTED_EDGE('',*,*,#947,.T.);
#1289=ORIENTED_EDGE('',*,*,#948,.F.);
#1290=ORIENTED_EDGE('',*,*,#949,.T.);
#1291=ORIENTED_EDGE('',*,*,#950,.F.);
#1292=ORIENTED_EDGE('',*,*,#951,.T.);
#1293=ORIENTED_EDGE('',*,*,#952,.F.);
#1294=ORIENTED_EDGE('',*,*,#953,.T.);
#1295=ORIENTED_EDGE('',*,*,#954,.F.);
#1296=ORIENTED_EDGE('',*,*,#955,.T.);
#1297=ORIENTED_EDGE('',*,*,#956,.F.);
#1298=ORIENTED_EDGE('',*,*,#957,.T.);
#1299=ORIENTED_EDGE('',*,*,#958,.F.);
#1300=ORIENTED_EDGE('',*,*,#959,.T.);
#1301=ORIENTED_EDGE('',*,*,#960,.F.);
#1302=ORIENTED_EDGE('',*,*,#961,.T.);
#1303=ORIENTED_EDGE('',*,*,#962,.F.);
#1304=ORIENTED_EDGE('',*,*,#963,.F.);
#1305=ORIENTED_EDGE('',*,*,#964,.F.);
#1306=ORIENTED_EDGE('',*,*,#965,.T.);
#1307=ORIENTED_EDGE('',*,*,#927,.T.);
#1308=ORIENTED_EDGE('',*,*,#929,.T.);
#1309=ORIENTED_EDGE('',*,*,#931,.T.);
#1310=ORIENTED_EDGE('',*,*,#933,.T.);
#1311=ORIENTED_EDGE('',*,*,#923,.T.);
#1312=ORIENTED_EDGE('',*,*,#925,.T.);
#1313=ORIENTED_EDGE('',*,*,#918,.T.);
#1314=ORIENTED_EDGE('',*,*,#921,.T.);
#1315=ORIENTED_EDGE('',*,*,#905,.T.);
#1316=ORIENTED_EDGE('',*,*,#898,.T.);
#1317=ORIENTED_EDGE('',*,*,#900,.T.);
#1318=ORIENTED_EDGE('',*,*,#850,.T.);
#1319=ORIENTED_EDGE('',*,*,#853,.T.);
#1320=ORIENTED_EDGE('',*,*,#855,.T.);
#1321=ORIENTED_EDGE('',*,*,#857,.T.);
#1322=ORIENTED_EDGE('',*,*,#902,.T.);
#1323=ORIENTED_EDGE('',*,*,#903,.T.);
#1324=ORIENTED_EDGE('',*,*,#934,.F.);
#1325=ORIENTED_EDGE('',*,*,#887,.F.);
#1326=ORIENTED_EDGE('',*,*,#966,.F.);
#1327=ORIENTED_EDGE('',*,*,#937,.F.);
#1328=ORIENTED_EDGE('',*,*,#886,.T.);
#1329=ORIENTED_EDGE('',*,*,#967,.T.);
#1330=ORIENTED_EDGE('',*,*,#938,.T.);
#1331=ORIENTED_EDGE('',*,*,#966,.T.);
#1332=ORIENTED_EDGE('',*,*,#866,.T.);
#1333=ORIENTED_EDGE('',*,*,#968,.T.);
#1334=ORIENTED_EDGE('',*,*,#958,.T.);
#1335=ORIENTED_EDGE('',*,*,#969,.T.);
#1336=ORIENTED_EDGE('',*,*,#968,.F.);
#1337=ORIENTED_EDGE('',*,*,#865,.F.);
#1338=ORIENTED_EDGE('',*,*,#970,.F.);
#1339=ORIENTED_EDGE('',*,*,#959,.F.);
#1340=ORIENTED_EDGE('',*,*,#864,.T.);
#1341=ORIENTED_EDGE('',*,*,#971,.T.);
#1342=ORIENTED_EDGE('',*,*,#960,.T.);
#1343=ORIENTED_EDGE('',*,*,#970,.T.);
#1344=ORIENTED_EDGE('',*,*,#940,.T.);
#1345=ORIENTED_EDGE('',*,*,#972,.T.);
#1346=ORIENTED_EDGE('',*,*,#884,.T.);
#1347=ORIENTED_EDGE('',*,*,#973,.T.);
#1348=ORIENTED_EDGE('',*,*,#967,.F.);
#1349=ORIENTED_EDGE('',*,*,#885,.F.);
#1350=ORIENTED_EDGE('',*,*,#972,.F.);
#1351=ORIENTED_EDGE('',*,*,#939,.F.);
#1352=ORIENTED_EDGE('',*,*,#956,.T.);
#1353=ORIENTED_EDGE('',*,*,#974,.T.);
#1354=ORIENTED_EDGE('',*,*,#868,.T.);
#1355=ORIENTED_EDGE('',*,*,#975,.T.);
#1356=ORIENTED_EDGE('',*,*,#974,.F.);
#1357=ORIENTED_EDGE('',*,*,#955,.F.);
#1358=ORIENTED_EDGE('',*,*,#976,.F.);
#1359=ORIENTED_EDGE('',*,*,#869,.F.);
#1360=ORIENTED_EDGE('',*,*,#870,.T.);
#1361=ORIENTED_EDGE('',*,*,#976,.T.);
#1362=ORIENTED_EDGE('',*,*,#954,.T.);
#1363=ORIENTED_EDGE('',*,*,#977,.T.);
#1364=ORIENTED_EDGE('',*,*,#977,.F.);
#1365=ORIENTED_EDGE('',*,*,#953,.F.);
#1366=ORIENTED_EDGE('',*,*,#978,.F.);
#1367=ORIENTED_EDGE('',*,*,#871,.F.);
#1368=ORIENTED_EDGE('',*,*,#878,.T.);
#1369=ORIENTED_EDGE('',*,*,#979,.T.);
#1370=ORIENTED_EDGE('',*,*,#946,.T.);
#1371=ORIENTED_EDGE('',*,*,#980,.T.);
#1372=ORIENTED_EDGE('',*,*,#980,.F.);
#1373=ORIENTED_EDGE('',*,*,#945,.F.);
#1374=ORIENTED_EDGE('',*,*,#981,.F.);
#1375=ORIENTED_EDGE('',*,*,#879,.F.);
#1376=ORIENTED_EDGE('',*,*,#876,.T.);
#1377=ORIENTED_EDGE('',*,*,#982,.T.);
#1378=ORIENTED_EDGE('',*,*,#948,.T.);
#1379=ORIENTED_EDGE('',*,*,#983,.T.);
#1380=ORIENTED_EDGE('',*,*,#982,.F.);
#1381=ORIENTED_EDGE('',*,*,#875,.F.);
#1382=ORIENTED_EDGE('',*,*,#984,.F.);
#1383=ORIENTED_EDGE('',*,*,#949,.F.);
#1384=ORIENTED_EDGE('',*,*,#950,.T.);
#1385=ORIENTED_EDGE('',*,*,#984,.T.);
#1386=ORIENTED_EDGE('',*,*,#874,.T.);
#1387=ORIENTED_EDGE('',*,*,#985,.T.);
#1388=ORIENTED_EDGE('',*,*,#872,.T.);
#1389=ORIENTED_EDGE('',*,*,#978,.T.);
#1390=ORIENTED_EDGE('',*,*,#952,.T.);
#1391=ORIENTED_EDGE('',*,*,#986,.T.);
#1392=ORIENTED_EDGE('',*,*,#985,.F.);
#1393=ORIENTED_EDGE('',*,*,#873,.F.);
#1394=ORIENTED_EDGE('',*,*,#986,.F.);
#1395=ORIENTED_EDGE('',*,*,#951,.F.);
#1396=ORIENTED_EDGE('',*,*,#942,.T.);
#1397=ORIENTED_EDGE('',*,*,#987,.T.);
#1398=ORIENTED_EDGE('',*,*,#882,.T.);
#1399=ORIENTED_EDGE('',*,*,#988,.T.);
#1400=ORIENTED_EDGE('',*,*,#973,.F.);
#1401=ORIENTED_EDGE('',*,*,#883,.F.);
#1402=ORIENTED_EDGE('',*,*,#987,.F.);
#1403=ORIENTED_EDGE('',*,*,#941,.F.);
#1404=ORIENTED_EDGE('',*,*,#880,.T.);
#1405=ORIENTED_EDGE('',*,*,#981,.T.);
#1406=ORIENTED_EDGE('',*,*,#944,.T.);
#1407=ORIENTED_EDGE('',*,*,#989,.T.);
#1408=ORIENTED_EDGE('',*,*,#936,.F.);
#1409=ORIENTED_EDGE('',*,*,#965,.F.);
#1410=ORIENTED_EDGE('',*,*,#990,.T.);
#1411=ORIENTED_EDGE('',*,*,#859,.F.);
#1412=ORIENTED_EDGE('',*,*,#988,.F.);
#1413=ORIENTED_EDGE('',*,*,#881,.F.);
#1414=ORIENTED_EDGE('',*,*,#989,.F.);
#1415=ORIENTED_EDGE('',*,*,#943,.F.);
#1416=ORIENTED_EDGE('',*,*,#979,.F.);
#1417=ORIENTED_EDGE('',*,*,#877,.F.);
#1418=ORIENTED_EDGE('',*,*,#983,.F.);
#1419=ORIENTED_EDGE('',*,*,#947,.F.);
#1420=ORIENTED_EDGE('',*,*,#969,.F.);
#1421=ORIENTED_EDGE('',*,*,#957,.F.);
#1422=ORIENTED_EDGE('',*,*,#975,.F.);
#1423=ORIENTED_EDGE('',*,*,#867,.F.);
#1424=ORIENTED_EDGE('',*,*,#971,.F.);
#1425=ORIENTED_EDGE('',*,*,#863,.F.);
#1426=ORIENTED_EDGE('',*,*,#991,.F.);
#1427=ORIENTED_EDGE('',*,*,#961,.F.);
#1428=ORIENTED_EDGE('',*,*,#962,.T.);
#1429=ORIENTED_EDGE('',*,*,#991,.T.);
#1430=ORIENTED_EDGE('',*,*,#862,.F.);
#1431=ORIENTED_EDGE('',*,*,#992,.F.);
#1432=ORIENTED_EDGE('',*,*,#963,.T.);
#1433=ORIENTED_EDGE('',*,*,#992,.T.);
#1434=ORIENTED_EDGE('',*,*,#861,.F.);
#1435=ORIENTED_EDGE('',*,*,#993,.F.);
#1436=ORIENTED_EDGE('',*,*,#964,.T.);
#1437=ORIENTED_EDGE('',*,*,#993,.T.);
#1438=ORIENTED_EDGE('',*,*,#860,.F.);
#1439=ORIENTED_EDGE('',*,*,#990,.F.);
#1440=PLANE('',#1584);
#1441=PLANE('',#1585);
#1442=PLANE('',#1588);
#1443=PLANE('',#1591);
#1444=PLANE('',#1595);
#1445=PLANE('',#1597);
#1446=PLANE('',#1600);
#1447=PLANE('',#1601);
#1448=PLANE('',#1602);
#1449=PLANE('',#1605);
#1450=PLANE('',#1607);
#1451=PLANE('',#1611);
#1452=PLANE('',#1613);
#1453=PLANE('',#1617);
#1454=PLANE('',#1644);
#1455=PLANE('',#1647);
#1456=PLANE('',#1648);
#1457=PLANE('',#1668);
#1458=PLANE('',#1671);
#1459=PLANE('',#1676);
#1460=PLANE('',#1680);
#1461=PLANE('',#1684);
#1462=PLANE('',#1688);
#1463=PLANE('',#1690);
#1464=PLANE('',#1691);
#1465=PLANE('',#1692);
#1466=PLANE('',#1693);
#1467=PLANE('',#1704);
#1468=PLANE('',#1716);
#1469=PLANE('',#1719);
#1470=PLANE('',#1722);
#1471=PLANE('',#1724);
#1472=PLANE('',#1726);
#1473=PLANE('',#1728);
#1474=PLANE('',#1730);
#1475=PLANE('',#1733);
#1476=PLANE('',#1735);
#1477=PLANE('',#1736);
#1478=PLANE('',#1737);
#1479=PLANE('',#1738);
#1480=PLANE('',#1739);
#1481=PLANE('',#1740);
#1482=PLANE('',#1741);
#1483=PLANE('',#1742);
#1484=PLANE('',#1743);
#1485=ADVANCED_FACE('',(#161),#1440,.T.);
#1486=ADVANCED_FACE('',(#162),#1441,.T.);
#1487=ADVANCED_FACE('',(#163),#155,.T.);
#1488=ADVANCED_FACE('',(#164),#1442,.T.);
#1489=ADVANCED_FACE('',(#165),#1443,.T.);
#1490=ADVANCED_FACE('',(#166),#1444,.T.);
#1491=ADVANCED_FACE('',(#167),#156,.T.);
#1492=ADVANCED_FACE('',(#168),#1445,.T.);
#1493=ADVANCED_FACE('',(#169),#157,.F.);
#1494=ADVANCED_FACE('',(#170),#1446,.T.);
#1495=ADVANCED_FACE('',(#171),#1447,.T.);
#1496=ADVANCED_FACE('',(#172),#1448,.T.);
#1497=ADVANCED_FACE('',(#173),#158,.T.);
#1498=ADVANCED_FACE('',(#174),#1449,.T.);
#1499=ADVANCED_FACE('',(#175),#1450,.T.);
#1500=ADVANCED_FACE('',(#176),#1451,.T.);
#1501=ADVANCED_FACE('',(#177),#159,.T.);
#1502=ADVANCED_FACE('',(#178),#1452,.T.);
#1503=ADVANCED_FACE('',(#179),#160,.F.);
#1504=ADVANCED_FACE('',(#180),#1453,.T.);
#1505=ADVANCED_FACE('',(#181),#106,.T.);
#1506=ADVANCED_FACE('',(#182),#40,.T.);
#1507=ADVANCED_FACE('',(#183),#107,.T.);
#1508=ADVANCED_FACE('',(#184),#41,.T.);
#1509=ADVANCED_FACE('',(#185),#108,.T.);
#1510=ADVANCED_FACE('',(#186),#42,.T.);
#1511=ADVANCED_FACE('',(#187),#109,.T.);
#1512=ADVANCED_FACE('',(#188),#43,.T.);
#1513=ADVANCED_FACE('',(#189),#110,.F.);
#1514=ADVANCED_FACE('',(#190),#1454,.F.);
#1515=ADVANCED_FACE('',(#191),#111,.F.);
#1516=ADVANCED_FACE('',(#192),#1455,.F.);
#1517=ADVANCED_FACE('',(#193,#16,#17,#18,#19,#20,#21,#22,#23,#24),#1456,
 .T.);
#1518=ADVANCED_FACE('',(#194),#112,.F.);
#1519=ADVANCED_FACE('',(#195),#1457,.F.);
#1520=ADVANCED_FACE('',(#196),#113,.F.);
#1521=ADVANCED_FACE('',(#197),#1458,.F.);
#1522=ADVANCED_FACE('',(#198),#114,.F.);
#1523=ADVANCED_FACE('',(#199),#115,.F.);
#1524=ADVANCED_FACE('',(#200,#25),#1459,.T.);
#1525=ADVANCED_FACE('',(#201),#116,.F.);
#1526=ADVANCED_FACE('',(#202,#26),#1460,.T.);
#1527=ADVANCED_FACE('',(#203),#117,.F.);
#1528=ADVANCED_FACE('',(#204,#27),#1461,.T.);
#1529=ADVANCED_FACE('',(#205),#118,.F.);
#1530=ADVANCED_FACE('',(#206,#28),#1462,.T.);
#1531=ADVANCED_FACE('',(#207),#1463,.F.);
#1532=ADVANCED_FACE('',(#208),#1464,.F.);
#1533=ADVANCED_FACE('',(#209),#1465,.F.);
#1534=ADVANCED_FACE('',(#210),#1466,.F.);
#1535=ADVANCED_FACE('',(#211),#119,.F.);
#1536=ADVANCED_FACE('',(#212),#120,.F.);
#1537=ADVANCED_FACE('',(#213),#121,.F.);
#1538=ADVANCED_FACE('',(#214),#122,.F.);
#1539=ADVANCED_FACE('',(#215),#123,.T.);
#1540=ADVANCED_FACE('',(#216,#29,#30,#31,#32,#33,#34,#35),#1467,.F.);
#1541=ADVANCED_FACE('',(#217),#1468,.T.);
#1542=ADVANCED_FACE('',(#218),#124,.T.);
#1543=ADVANCED_FACE('',(#219),#125,.T.);
#1544=ADVANCED_FACE('',(#220),#1469,.T.);
#1545=ADVANCED_FACE('',(#221),#126,.T.);
#1546=ADVANCED_FACE('',(#222),#127,.F.);
#1547=ADVANCED_FACE('',(#223),#1470,.T.);
#1548=ADVANCED_FACE('',(#224),#128,.F.);
#1549=ADVANCED_FACE('',(#225),#1471,.T.);
#1550=ADVANCED_FACE('',(#226),#129,.T.);
#1551=ADVANCED_FACE('',(#227),#1472,.T.);
#1552=ADVANCED_FACE('',(#228),#130,.T.);
#1553=ADVANCED_FACE('',(#229),#1473,.T.);
#1554=ADVANCED_FACE('',(#230),#131,.T.);
#1555=ADVANCED_FACE('',(#231),#1474,.T.);
#1556=ADVANCED_FACE('',(#232),#132,.F.);
#1557=ADVANCED_FACE('',(#233),#133,.T.);
#1558=ADVANCED_FACE('',(#234),#1475,.T.);
#1559=ADVANCED_FACE('',(#235),#134,.F.);
#1560=ADVANCED_FACE('',(#236),#1476,.T.);
#1561=ADVANCED_FACE('',(#237),#15,.T.);
#1562=ADVANCED_FACE('',(#238),#1477,.T.);
#1563=ADVANCED_FACE('',(#239),#1478,.T.);
#1564=ADVANCED_FACE('',(#240),#1479,.T.);
#1565=ADVANCED_FACE('',(#241),#1480,.T.);
#1566=ADVANCED_FACE('',(#242),#1481,.T.);
#1567=ADVANCED_FACE('',(#243),#1482,.T.);
#1568=ADVANCED_FACE('',(#244),#1483,.T.);
#1569=ADVANCED_FACE('',(#245),#1484,.T.);
#1570=CLOSED_SHELL('',(#1485,#1486,#1487,#1488,#1489,#1490,#1491,#1492,
#1493,#1494,#1495,#1496,#1497,#1498,#1499,#1500,#1501,#1502,#1503,#1504,
#1505,#1506,#1507,#1508,#1509,#1510,#1511,#1512,#1513,#1514,#1515,#1516,
#1517,#1518,#1519,#1520,#1521,#1522,#1523,#1524,#1525,#1526,#1527,#1528,
#1529,#1530,#1531,#1532,#1533,#1534,#1535,#1536,#1537,#1538,#1539,#1540,
#1541,#1542,#1543,#1544,#1545,#1546,#1547,#1548,#1549,#1550,#1551,#1552,
#1553,#1554,#1555,#1556,#1557,#1558,#1559,#1560,#1561,#1562,#1563,#1564,
#1565,#1566,#1567,#1568,#1569));
#1571=DERIVED_UNIT_ELEMENT(#1573,1.);
#1572=DERIVED_UNIT_ELEMENT(#2780,-3.);
#1573=(
MASS_UNIT()
NAMED_UNIT(*)
SI_UNIT(.KILO.,.GRAM.)
);
#1574=DERIVED_UNIT((#1571,#1572));
#1575=MEASURE_REPRESENTATION_ITEM('density measure',
POSITIVE_RATIO_MEASURE(7850.),#1574);
#1576=PROPERTY_DEFINITION_REPRESENTATION(#1581,#1578);
#1577=PROPERTY_DEFINITION_REPRESENTATION(#1582,#1579);
#1578=REPRESENTATION('material name',(#1580),#2777);
#1579=REPRESENTATION('density',(#1575),#2777);
#1580=DESCRIPTIVE_REPRESENTATION_ITEM('Steel','Steel');
#1581=PROPERTY_DEFINITION('material property','material name',#2787);
#1582=PROPERTY_DEFINITION('material property','density of part',#2787);
#1583=AXIS2_PLACEMENT_3D('',#2203,#1744,#1745);
#1584=AXIS2_PLACEMENT_3D('',#2204,#1746,#1747);
#1585=AXIS2_PLACEMENT_3D('',#2213,#1752,#1753);
#1586=AXIS2_PLACEMENT_3D('',#2232,#1758,#1759);
#1587=AXIS2_PLACEMENT_3D('',#2233,#1760,#1761);
#1588=AXIS2_PLACEMENT_3D('',#2234,#1762,#1763);
#1589=AXIS2_PLACEMENT_3D('',#2236,#1764,#1765);
#1590=AXIS2_PLACEMENT_3D('',#2237,#1766,#1767);
#1591=AXIS2_PLACEMENT_3D('',#2238,#1768,#1769);
#1592=AXIS2_PLACEMENT_3D('',#2240,#1770,#1771);
#1593=AXIS2_PLACEMENT_3D('',#2244,#1773,#1774);
#1594=AXIS2_PLACEMENT_3D('',#2247,#1776,#1777);
#1595=AXIS2_PLACEMENT_3D('',#2248,#1778,#1779);
#1596=AXIS2_PLACEMENT_3D('',#2266,#1784,#1785);
#1597=AXIS2_PLACEMENT_3D('',#2267,#1786,#1787);
#1598=AXIS2_PLACEMENT_3D('',#2289,#1790,#1791);
#1599=AXIS2_PLACEMENT_3D('',#2292,#1793,#1794);
#1600=AXIS2_PLACEMENT_3D('',#2293,#1795,#1796);
#1601=AXIS2_PLACEMENT_3D('',#2294,#1797,#1798);
#1602=AXIS2_PLACEMENT_3D('',#2303,#1803,#1804);
#1603=AXIS2_PLACEMENT_3D('',#2322,#1809,#1810);
#1604=AXIS2_PLACEMENT_3D('',#2323,#1811,#1812);
#1605=AXIS2_PLACEMENT_3D('',#2324,#1813,#1814);
#1606=AXIS2_PLACEMENT_3D('',#2325,#1815,#1816);
#1607=AXIS2_PLACEMENT_3D('',#2326,#1817,#1818);
#1608=AXIS2_PLACEMENT_3D('',#2328,#1819,#1820);
#1609=AXIS2_PLACEMENT_3D('',#2330,#1821,#1822);
#1610=AXIS2_PLACEMENT_3D('',#2334,#1824,#1825);
#1611=AXIS2_PLACEMENT_3D('',#2336,#1827,#1828);
#1612=AXIS2_PLACEMENT_3D('',#2354,#1833,#1834);
#1613=AXIS2_PLACEMENT_3D('',#2355,#1835,#1836);
#1614=AXIS2_PLACEMENT_3D('',#2378,#1839,#1840);
#1615=AXIS2_PLACEMENT_3D('',#2381,#1842,#1843);
#1616=AXIS2_PLACEMENT_3D('',#2382,#1844,#1845);
#1617=AXIS2_PLACEMENT_3D('',#2383,#1846,#1847);
#1618=AXIS2_PLACEMENT_3D('',#2384,#1848,#1849);
#1619=AXIS2_PLACEMENT_3D('',#2387,#1850,#1851);
#1620=AXIS2_PLACEMENT_3D('',#2391,#1853,#1854);
#1621=AXIS2_PLACEMENT_3D('',#2393,#1856,#1857);
#1622=AXIS2_PLACEMENT_3D('',#2396,#1858,#1859);
#1623=AXIS2_PLACEMENT_3D('',#2397,#1860,#1861);
#1624=AXIS2_PLACEMENT_3D('',#2398,#1862,#1863);
#1625=AXIS2_PLACEMENT_3D('',#2399,#1864,#1865);
#1626=AXIS2_PLACEMENT_3D('',#2402,#1866,#1867);
#1627=AXIS2_PLACEMENT_3D('',#2405,#1870,#1871);
#1628=AXIS2_PLACEMENT_3D('',#2408,#1872,#1873);
#1629=AXIS2_PLACEMENT_3D('',#2409,#1874,#1875);
#1630=AXIS2_PLACEMENT_3D('',#2410,#1876,#1877);
#1631=AXIS2_PLACEMENT_3D('',#2411,#1878,#1879);
#1632=AXIS2_PLACEMENT_3D('',#2414,#1880,#1881);
#1633=AXIS2_PLACEMENT_3D('',#2417,#1884,#1885);
#1634=AXIS2_PLACEMENT_3D('',#2420,#1886,#1887);
#1635=AXIS2_PLACEMENT_3D('',#2421,#1888,#1889);
#1636=AXIS2_PLACEMENT_3D('',#2422,#1890,#1891);
#1637=AXIS2_PLACEMENT_3D('',#2423,#1892,#1893);
#1638=AXIS2_PLACEMENT_3D('',#2426,#1894,#1895);
#1639=AXIS2_PLACEMENT_3D('',#2429,#1898,#1899);
#1640=AXIS2_PLACEMENT_3D('',#2430,#1900,#1901);
#1641=AXIS2_PLACEMENT_3D('',#2431,#1902,#1903);
#1642=AXIS2_PLACEMENT_3D('',#2432,#1904,#1905);
#1643=AXIS2_PLACEMENT_3D('',#2436,#1907,#1908);
#1644=AXIS2_PLACEMENT_3D('',#2438,#1910,#1911);
#1645=AXIS2_PLACEMENT_3D('',#2442,#1914,#1915);
#1646=AXIS2_PLACEMENT_3D('',#2445,#1917,#1918);
#1647=AXIS2_PLACEMENT_3D('',#2446,#1919,#1920);
#1648=AXIS2_PLACEMENT_3D('',#2450,#1923,#1924);
#1649=AXIS2_PLACEMENT_3D('',#2453,#1925,#1926);
#1650=AXIS2_PLACEMENT_3D('',#2465,#1932,#1933);
#1651=AXIS2_PLACEMENT_3D('',#2469,#1935,#1936);
#1652=AXIS2_PLACEMENT_3D('',#2473,#1938,#1939);
#1653=AXIS2_PLACEMENT_3D('',#2477,#1941,#1942);
#1654=AXIS2_PLACEMENT_3D('',#2481,#1944,#1945);
#1655=AXIS2_PLACEMENT_3D('',#2485,#1947,#1948);
#1656=AXIS2_PLACEMENT_3D('',#2489,#1950,#1951);
#1657=AXIS2_PLACEMENT_3D('',#2493,#1953,#1954);
#1658=AXIS2_PLACEMENT_3D('',#2510,#1957,#1958);
#1659=AXIS2_PLACEMENT_3D('',#2514,#1960,#1961);
#1660=AXIS2_PLACEMENT_3D('',#2518,#1963,#1964);
#1661=AXIS2_PLACEMENT_3D('',#2521,#1966,#1967);
#1662=AXIS2_PLACEMENT_3D('',#2531,#1972,#1973);
#1663=AXIS2_PLACEMENT_3D('',#2533,#1974,#1975);
#1664=AXIS2_PLACEMENT_3D('',#2535,#1976,#1977);
#1665=AXIS2_PLACEMENT_3D('',#2537,#1978,#1979);
#1666=AXIS2_PLACEMENT_3D('',#2538,#1980,#1981);
#1667=AXIS2_PLACEMENT_3D('',#2542,#1983,#1984);
#1668=AXIS2_PLACEMENT_3D('',#2544,#1986,#1987);
#1669=AXIS2_PLACEMENT_3D('',#2546,#1989,#1990);
#1670=AXIS2_PLACEMENT_3D('',#2549,#1992,#1993);
#1671=AXIS2_PLACEMENT_3D('',#2550,#1994,#1995);
#1672=AXIS2_PLACEMENT_3D('',#2552,#1997,#1998);
#1673=AXIS2_PLACEMENT_3D('',#2555,#2000,#2001);
#1674=AXIS2_PLACEMENT_3D('',#2556,#2002,#2003);
#1675=AXIS2_PLACEMENT_3D('',#2559,#2005,#2006);
#1676=AXIS2_PLACEMENT_3D('',#2560,#2007,#2008);
#1677=AXIS2_PLACEMENT_3D('',#2562,#2009,#2010);
#1678=AXIS2_PLACEMENT_3D('',#2563,#2011,#2012);
#1679=AXIS2_PLACEMENT_3D('',#2566,#2014,#2015);
#1680=AXIS2_PLACEMENT_3D('',#2567,#2016,#2017);
#1681=AXIS2_PLACEMENT_3D('',#2569,#2018,#2019);
#1682=AXIS2_PLACEMENT_3D('',#2570,#2020,#2021);
#1683=AXIS2_PLACEMENT_3D('',#2573,#2023,#2024);
#1684=AXIS2_PLACEMENT_3D('',#2574,#2025,#2026);
#1685=AXIS2_PLACEMENT_3D('',#2576,#2027,#2028);
#1686=AXIS2_PLACEMENT_3D('',#2577,#2029,#2030);
#1687=AXIS2_PLACEMENT_3D('',#2580,#2032,#2033);
#1688=AXIS2_PLACEMENT_3D('',#2581,#2034,#2035);
#1689=AXIS2_PLACEMENT_3D('',#2583,#2036,#2037);
#1690=AXIS2_PLACEMENT_3D('',#2584,#2038,#2039);
#1691=AXIS2_PLACEMENT_3D('',#2590,#2043,#2044);
#1692=AXIS2_PLACEMENT_3D('',#2594,#2047,#2048);
#1693=AXIS2_PLACEMENT_3D('',#2598,#2051,#2052);
#1694=AXIS2_PLACEMENT_3D('',#2600,#2054,#2055);
#1695=AXIS2_PLACEMENT_3D('',#2603,#2057,#2058);
#1696=AXIS2_PLACEMENT_3D('',#2604,#2059,#2060);
#1697=AXIS2_PLACEMENT_3D('',#2607,#2062,#2063);
#1698=AXIS2_PLACEMENT_3D('',#2608,#2064,#2065);
#1699=AXIS2_PLACEMENT_3D('',#2611,#2067,#2068);
#1700=AXIS2_PLACEMENT_3D('',#2612,#2069,#2070);
#1701=AXIS2_PLACEMENT_3D('',#2615,#2072,#2073);
#1702=AXIS2_PLACEMENT_3D('',#2616,#2074,#2075);
#1703=AXIS2_PLACEMENT_3D('',#2620,#2077,#2078);
#1704=AXIS2_PLACEMENT_3D('',#2622,#2080,#2081);
#1705=AXIS2_PLACEMENT_3D('',#2626,#2083,#2084);
#1706=AXIS2_PLACEMENT_3D('',#2630,#2086,#2087);
#1707=AXIS2_PLACEMENT_3D('',#2634,#2089,#2090);
#1708=AXIS2_PLACEMENT_3D('',#2651,#2093,#2094);
#1709=AXIS2_PLACEMENT_3D('',#2655,#2096,#2097);
#1710=AXIS2_PLACEMENT_3D('',#2659,#2099,#2100);
#1711=AXIS2_PLACEMENT_3D('',#2663,#2102,#2103);
#1712=AXIS2_PLACEMENT_3D('',#2667,#2105,#2106);
#1713=AXIS2_PLACEMENT_3D('',#2671,#2108,#2109);
#1714=AXIS2_PLACEMENT_3D('',#2675,#2111,#2112);
#1715=AXIS2_PLACEMENT_3D('',#2679,#2114,#2115);
#1716=AXIS2_PLACEMENT_3D('',#2689,#2121,#2122);
#1717=AXIS2_PLACEMENT_3D('',#2691,#2124,#2125);
#1718=AXIS2_PLACEMENT_3D('',#2693,#2127,#2128);
#1719=AXIS2_PLACEMENT_3D('',#2696,#2131,#2132);
#1720=AXIS2_PLACEMENT_3D('',#2698,#2134,#2135);
#1721=AXIS2_PLACEMENT_3D('',#2700,#2137,#2138);
#1722=AXIS2_PLACEMENT_3D('',#2703,#2141,#2142);
#1723=AXIS2_PLACEMENT_3D('',#2704,#2143,#2144);
#1724=AXIS2_PLACEMENT_3D('',#2707,#2147,#2148);
#1725=AXIS2_PLACEMENT_3D('',#2709,#2150,#2151);
#1726=AXIS2_PLACEMENT_3D('',#2711,#2153,#2154);
#1727=AXIS2_PLACEMENT_3D('',#2713,#2156,#2157);
#1728=AXIS2_PLACEMENT_3D('',#2716,#2160,#2161);
#1729=AXIS2_PLACEMENT_3D('',#2721,#2162,#2163);
#1730=AXIS2_PLACEMENT_3D('',#2724,#2166,#2167);
#1731=AXIS2_PLACEMENT_3D('',#2726,#2169,#2170);
#1732=AXIS2_PLACEMENT_3D('',#2728,#2172,#2173);
#1733=AXIS2_PLACEMENT_3D('',#2730,#2175,#2176);
#1734=AXIS2_PLACEMENT_3D('',#2731,#2177,#2178);
#1735=AXIS2_PLACEMENT_3D('',#2734,#2181,#2182);
#1736=AXIS2_PLACEMENT_3D('',#2763,#2183,#2184);
#1737=AXIS2_PLACEMENT_3D('',#2765,#2186,#2187);
#1738=AXIS2_PLACEMENT_3D('',#2766,#2188,#2189);
#1739=AXIS2_PLACEMENT_3D('',#2767,#2190,#2191);
#1740=AXIS2_PLACEMENT_3D('',#2768,#2192,#2193);
#1741=AXIS2_PLACEMENT_3D('',#2770,#2195,#2196);
#1742=AXIS2_PLACEMENT_3D('',#2772,#2198,#2199);
#1743=AXIS2_PLACEMENT_3D('',#2774,#2201,#2202);
#1744=DIRECTION('axis',(0.,0.,1.));
#1745=DIRECTION('refdir',(1.,0.,0.));
#1746=DIRECTION('center_axis',(-0.536939273569395,0.,0.843620896196135));
#1747=DIRECTION('ref_axis',(0.843620896196135,0.,0.536939273569395));
#1748=DIRECTION('',(-0.843620896196135,0.,-0.536939273569395));
#1749=DIRECTION('',(0.,1.,0.));
#1750=DIRECTION('',(0.843620896196135,0.,0.536939273569395));
#1751=DIRECTION('',(0.,1.,0.));
#1752=DIRECTION('center_axis',(-0.492051710647148,0.,0.870565973404208));
#1753=DIRECTION('ref_axis',(0.870565973404208,0.,0.492051710647148));
#1754=DIRECTION('',(-0.870565973404208,0.,-0.492051710647148));
#1755=DIRECTION('',(0.,1.,0.));
#1756=DIRECTION('',(0.870565973404208,0.,0.492051710647148));
#1757=DIRECTION('',(0.,1.,0.));
#1758=DIRECTION('center_axis',(0.,1.,0.));
#1759=DIRECTION('ref_axis',(-0.514671857299551,0.,0.857387239993593));
#1760=DIRECTION('center_axis',(0.,-1.,0.));
#1761=DIRECTION('ref_axis',(-0.514671857299551,0.,0.857387239993593));
#1762=DIRECTION('center_axis',(0.,1.,0.));
#1763=DIRECTION('ref_axis',(-1.,0.,0.));
#1764=DIRECTION('center_axis',(0.,1.,0.));
#1765=DIRECTION('ref_axis',(-0.51467185729955,0.,0.857387239993593));
#1766=DIRECTION('center_axis',(0.,1.,0.));
#1767=DIRECTION('ref_axis',(-0.51467185729955,0.,0.857387239993593));
#1768=DIRECTION('center_axis',(0.,1.,0.));
#1769=DIRECTION('ref_axis',(-1.,0.,0.));
#1770=DIRECTION('center_axis',(0.,1.,0.));
#1771=DIRECTION('ref_axis',(-0.51467185729955,0.,0.857387239993593));
#1772=DIRECTION('',(-0.870565973404215,0.,-0.492051710647135));
#1773=DIRECTION('center_axis',(0.,-1.,0.));
#1774=DIRECTION('ref_axis',(-0.514671857299551,0.,0.857387239993593));
#1775=DIRECTION('',(-0.843620896196135,0.,-0.536939273569395));
#1776=DIRECTION('center_axis',(0.,1.,0.));
#1777=DIRECTION('ref_axis',(-0.51467185729955,0.,0.857387239993593));
#1778=DIRECTION('center_axis',(0.536939273569395,0.,-0.843620896196135));
#1779=DIRECTION('ref_axis',(-0.843620896196135,0.,-0.536939273569395));
#1780=DIRECTION('',(0.,1.,0.));
#1781=DIRECTION('',(-0.843620896196135,0.,-0.536939273569395));
#1782=DIRECTION('',(0.,1.,0.));
#1783=DIRECTION('',(0.,1.,0.));
#1784=DIRECTION('center_axis',(0.,-1.,0.));
#1785=DIRECTION('ref_axis',(-0.514671857299551,0.,0.857387239993593));
#1786=DIRECTION('center_axis',(0.492051710647135,0.,-0.870565973404215));
#1787=DIRECTION('ref_axis',(-0.870565973404215,0.,-0.492051710647135));
#1788=DIRECTION('',(0.,1.,0.));
#1789=DIRECTION('',(-0.870565973404215,0.,-0.492051710647135));
#1790=DIRECTION('center_axis',(0.,1.,0.));
#1791=DIRECTION('ref_axis',(-0.51467185729955,0.,0.857387239993593));
#1792=DIRECTION('',(0.,-1.,0.));
#1793=DIRECTION('center_axis',(0.,-1.,0.));
#1794=DIRECTION('ref_axis',(-0.51467185729955,0.,0.857387239993593));
#1795=DIRECTION('center_axis',(0.,1.,0.));
#1796=DIRECTION('ref_axis',(-1.,0.,0.));
#1797=DIRECTION('center_axis',(-0.492051710647135,0.,-0.870565973404215));
#1798=DIRECTION('ref_axis',(-0.870565973404215,0.,0.492051710647135));
#1799=DIRECTION('',(0.870565973404215,0.,-0.492051710647135));
#1800=DIRECTION('',(0.,1.,0.));
#1801=DIRECTION('',(-0.870565973404215,0.,0.492051710647135));
#1802=DIRECTION('',(0.,1.,0.));
#1803=DIRECTION('center_axis',(-0.536939273569395,0.,-0.843620896196135));
#1804=DIRECTION('ref_axis',(-0.843620896196135,0.,0.536939273569395));
#1805=DIRECTION('',(0.843620896196135,0.,-0.536939273569395));
#1806=DIRECTION('',(0.,1.,0.));
#1807=DIRECTION('',(-0.843620896196135,0.,0.536939273569395));
#1808=DIRECTION('',(0.,1.,0.));
#1809=DIRECTION('center_axis',(0.,1.,0.));
#1810=DIRECTION('ref_axis',(0.514671857299551,0.,0.857387239993593));
#1811=DIRECTION('center_axis',(0.,-1.,0.));
#1812=DIRECTION('ref_axis',(0.514671857299551,0.,0.857387239993593));
#1813=DIRECTION('center_axis',(0.,1.,0.));
#1814=DIRECTION('ref_axis',(-1.,0.,0.));
#1815=DIRECTION('center_axis',(0.,1.,0.));
#1816=DIRECTION('ref_axis',(0.51467185729955,0.,0.857387239993593));
#1817=DIRECTION('center_axis',(0.,1.,0.));
#1818=DIRECTION('ref_axis',(-1.,0.,0.));
#1819=DIRECTION('center_axis',(0.,1.,0.));
#1820=DIRECTION('ref_axis',(0.51467185729955,0.,0.857387239993593));
#1821=DIRECTION('center_axis',(0.,1.,0.));
#1822=DIRECTION('ref_axis',(0.51467185729955,0.,0.857387239993593));
#1823=DIRECTION('',(0.843620896196135,0.,-0.536939273569395));
#1824=DIRECTION('center_axis',(0.,-1.,0.));
#1825=DIRECTION('ref_axis',(0.514671857299551,0.,0.857387239993593));
#1826=DIRECTION('',(0.870565973404208,0.,-0.492051710647148));
#1827=DIRECTION('center_axis',(0.492051710647148,0.,0.870565973404208));
#1828=DIRECTION('ref_axis',(0.870565973404208,0.,-0.492051710647148));
#1829=DIRECTION('',(0.,1.,0.));
#1830=DIRECTION('',(0.870565973404208,0.,-0.492051710647148));
#1831=DIRECTION('',(0.,1.,0.));
#1832=DIRECTION('',(0.,1.,0.));
#1833=DIRECTION('center_axis',(0.,-1.,0.));
#1834=DIRECTION('ref_axis',(0.514671857299551,0.,0.857387239993593));
#1835=DIRECTION('center_axis',(0.536939273569395,0.,0.843620896196135));
#1836=DIRECTION('ref_axis',(0.843620896196135,0.,-0.536939273569395));
#1837=DIRECTION('',(0.,1.,0.));
#1838=DIRECTION('',(0.843620896196135,0.,-0.536939273569395));
#1839=DIRECTION('center_axis',(0.,1.,0.));
#1840=DIRECTION('ref_axis',(0.51467185729955,0.,0.857387239993593));
#1841=DIRECTION('',(0.,-1.,0.));
#1842=DIRECTION('center_axis',(0.,-1.,0.));
#1843=DIRECTION('ref_axis',(0.51467185729955,0.,0.857387239993593));
#1844=DIRECTION('center_axis',(0.,1.,0.));
#1845=DIRECTION('ref_axis',(0.51467185729955,0.,0.857387239993593));
#1846=DIRECTION('center_axis',(0.,1.,0.));
#1847=DIRECTION('ref_axis',(-1.,0.,0.));
#1848=DIRECTION('center_axis',(0.,0.,1.));
#1849=DIRECTION('ref_axis',(-0.707106781186553,0.707106781186542,0.));
#1850=DIRECTION('center_axis',(0.,0.,1.));
#1851=DIRECTION('ref_axis',(0.,1.,0.));
#1852=DIRECTION('',(0.,0.,1.));
#1853=DIRECTION('center_axis',(0.,0.,-1.));
#1854=DIRECTION('ref_axis',(-1.,0.,0.));
#1855=DIRECTION('',(0.,0.,-1.));
#1856=DIRECTION('center_axis',(0.,-1.,0.));
#1857=DIRECTION('ref_axis',(0.,0.,-1.));
#1858=DIRECTION('center_axis',(1.,0.,0.));
#1859=DIRECTION('ref_axis',(0.,0.,-1.));
#1860=DIRECTION('center_axis',(0.,1.,0.));
#1861=DIRECTION('ref_axis',(0.707106781186543,0.,0.707106781186552));
#1862=DIRECTION('center_axis',(0.,-1.,0.));
#1863=DIRECTION('ref_axis',(0.707106781186543,0.,0.707106781186552));
#1864=DIRECTION('center_axis',(-1.,0.,0.));
#1865=DIRECTION('ref_axis',(0.,0.707106781186549,-0.707106781186546));
#1866=DIRECTION('center_axis',(1.,0.,0.));
#1867=DIRECTION('ref_axis',(0.,0.,-1.));
#1868=DIRECTION('',(1.,0.,0.));
#1869=DIRECTION('',(-1.,0.,0.));
#1870=DIRECTION('center_axis',(0.,-1.,0.));
#1871=DIRECTION('ref_axis',(0.,0.,-1.));
#1872=DIRECTION('center_axis',(8.88178419700128E-15,0.,1.));
#1873=DIRECTION('ref_axis',(1.,0.,-8.88178419700128E-15));
#1874=DIRECTION('center_axis',(0.,1.,0.));
#1875=DIRECTION('ref_axis',(-0.707106781186548,0.,0.707106781186548));
#1876=DIRECTION('center_axis',(0.,-1.,0.));
#1877=DIRECTION('ref_axis',(-0.707106781186548,0.,0.707106781186548));
#1878=DIRECTION('center_axis',(2.089831575765E-15,0.,-1.));
#1879=DIRECTION('ref_axis',(0.70710678118654,0.707106781186555,0.));
#1880=DIRECTION('center_axis',(0.,0.,1.));
#1881=DIRECTION('ref_axis',(1.,0.,0.));
#1882=DIRECTION('',(-2.089831575765E-15,0.,1.));
#1883=DIRECTION('',(2.089831575765E-15,0.,-1.));
#1884=DIRECTION('center_axis',(0.,-1.,0.));
#1885=DIRECTION('ref_axis',(0.,0.,-1.));
#1886=DIRECTION('center_axis',(-1.,0.,0.));
#1887=DIRECTION('ref_axis',(0.,0.,1.));
#1888=DIRECTION('center_axis',(0.,1.,0.));
#1889=DIRECTION('ref_axis',(-0.707106781186548,0.,-0.707106781186548));
#1890=DIRECTION('center_axis',(0.,-1.,0.));
#1891=DIRECTION('ref_axis',(-0.707106781186548,0.,-0.707106781186548));
#1892=DIRECTION('center_axis',(1.,0.,-3.7007434154172E-16));
#1893=DIRECTION('ref_axis',(0.,0.707106781186549,0.707106781186546));
#1894=DIRECTION('center_axis',(-1.,0.,0.));
#1895=DIRECTION('ref_axis',(0.,0.,1.));
#1896=DIRECTION('',(-1.,0.,3.7007434154172E-16));
#1897=DIRECTION('',(1.,0.,-3.7007434154172E-16));
#1898=DIRECTION('center_axis',(0.,-1.,0.));
#1899=DIRECTION('ref_axis',(0.,0.,-1.));
#1900=DIRECTION('center_axis',(0.,1.,0.));
#1901=DIRECTION('ref_axis',(0.707106781186543,0.,-0.707106781186552));
#1902=DIRECTION('center_axis',(0.,-1.,0.));
#1903=DIRECTION('ref_axis',(0.707106781186543,0.,-0.707106781186552));
#1904=DIRECTION('center_axis',(0.,-1.,0.));
#1905=DIRECTION('ref_axis',(-1.,0.,8.88178419700113E-15));
#1906=DIRECTION('',(0.,-1.,0.));
#1907=DIRECTION('center_axis',(0.,1.,0.));
#1908=DIRECTION('ref_axis',(-1.,0.,8.88178419700113E-15));
#1909=DIRECTION('',(0.,-1.,0.));
#1910=DIRECTION('center_axis',(0.,0.,1.));
#1911=DIRECTION('ref_axis',(-1.,0.,0.));
#1912=DIRECTION('',(0.,-1.,0.));
#1913=DIRECTION('',(1.,0.,0.));
#1914=DIRECTION('center_axis',(0.,-1.,0.));
#1915=DIRECTION('ref_axis',(0.,0.,1.));
#1916=DIRECTION('',(0.,-1.,0.));
#1917=DIRECTION('center_axis',(0.,1.,0.));
#1918=DIRECTION('ref_axis',(0.,0.,1.));
#1919=DIRECTION('center_axis',(1.,0.,0.));
#1920=DIRECTION('ref_axis',(0.,0.,1.));
#1921=DIRECTION('',(0.,-1.,0.));
#1922=DIRECTION('',(0.,0.,-1.));
#1923=DIRECTION('center_axis',(0.,1.,0.));
#1924=DIRECTION('ref_axis',(0.,0.,1.));
#1925=DIRECTION('center_axis',(0.,-1.,0.));
#1926=DIRECTION('ref_axis',(-0.707106781186547,0.,0.707106781186547));
#1927=DIRECTION('',(1.,0.,0.));
#1928=DIRECTION('',(0.707106781186548,0.,0.707106781186548));
#1929=DIRECTION('',(1.,0.,0.));
#1930=DIRECTION('',(0.707106781186548,0.,-0.707106781186548));
#1931=DIRECTION('',(1.,0.,0.));
#1932=DIRECTION('center_axis',(0.,-1.,0.));
#1933=DIRECTION('ref_axis',(0.707106781186547,0.,0.707106781186547));
#1934=DIRECTION('',(0.,0.,-1.));
#1935=DIRECTION('center_axis',(0.,-1.,0.));
#1936=DIRECTION('ref_axis',(0.707106781186547,0.,-0.707106781186547));
#1937=DIRECTION('',(-1.,0.,0.));
#1938=DIRECTION('center_axis',(0.,1.,0.));
#1939=DIRECTION('ref_axis',(-0.599096685021897,0.,0.800676690053966));
#1940=DIRECTION('',(-0.28216632399155,0.,-0.959365501571271));
#1941=DIRECTION('center_axis',(0.,-1.,0.));
#1942=DIRECTION('ref_axis',(0.899072292773049,0.,-0.437800196856754));
#1943=DIRECTION('',(-0.581238193719096,0.,-0.813733471206735));
#1944=DIRECTION('center_axis',(0.,-1.,0.));
#1945=DIRECTION('ref_axis',(0.326168626994542,0.,-0.945311602998977));
#1946=DIRECTION('',(-0.959365501571271,0.,0.28216632399155));
#1947=DIRECTION('center_axis',(0.,1.,0.));
#1948=DIRECTION('ref_axis',(-0.269066371259894,0.,0.963121637103556));
#1949=DIRECTION('',(-0.674212466643251,0.,-0.738537439689298));
#1950=DIRECTION('center_axis',(0.,-1.,0.));
#1951=DIRECTION('ref_axis',(0.288787285414178,0.,-0.957393285846057));
#1952=DIRECTION('',(-0.970142500145332,0.,0.242535625036333));
#1953=DIRECTION('center_axis',(0.,-1.,0.));
#1954=DIRECTION('ref_axis',(-0.857492925712541,0.,-0.514495755427532));
#1955=DIRECTION('',(0.242535625036333,0.,0.970142500145332));
#1956=DIRECTION('',(0.992277876713668,0.,-0.124034734589208));
#1957=DIRECTION('center_axis',(0.,1.,0.));
#1958=DIRECTION('ref_axis',(0.661802563235742,0.,-0.749678175815864));
#1959=DIRECTION('',(0.,0.,1.));
#1960=DIRECTION('center_axis',(0.,1.,0.));
#1961=DIRECTION('ref_axis',(0.707106781186552,0.,0.707106781186543));
#1962=DIRECTION('',(-1.,0.,0.));
#1963=DIRECTION('center_axis',(0.,-1.,0.));
#1964=DIRECTION('ref_axis',(-0.707106781186547,0.,-0.707106781186547));
#1965=DIRECTION('',(0.,0.,1.));
#1966=DIRECTION('center_axis',(0.,-1.,0.));
#1967=DIRECTION('ref_axis',(-1.,0.,0.));
#1968=DIRECTION('',(1.,0.,-3.40873163029446E-16));
#1969=DIRECTION('',(3.40873163029446E-16,0.,1.));
#1970=DIRECTION('',(-1.,0.,3.40873163029446E-16));
#1971=DIRECTION('',(-3.40873163029446E-16,0.,-1.));
#1972=DIRECTION('center_axis',(0.,-1.,0.));
#1973=DIRECTION('ref_axis',(-1.,0.,0.));
#1974=DIRECTION('center_axis',(0.,-1.,0.));
#1975=DIRECTION('ref_axis',(-1.,0.,0.));
#1976=DIRECTION('center_axis',(0.,-1.,0.));
#1977=DIRECTION('ref_axis',(-1.,0.,0.));
#1978=DIRECTION('center_axis',(0.,-1.,0.));
#1979=DIRECTION('ref_axis',(-1.,0.,0.));
#1980=DIRECTION('center_axis',(0.,-1.,0.));
#1981=DIRECTION('ref_axis',(0.,0.,-1.));
#1982=DIRECTION('',(0.,-1.,0.));
#1983=DIRECTION('center_axis',(0.,1.,0.));
#1984=DIRECTION('ref_axis',(0.,0.,-1.));
#1985=DIRECTION('',(0.,-1.,0.));
#1986=DIRECTION('center_axis',(-1.,0.,-2.089831575765E-15));
#1987=DIRECTION('ref_axis',(2.089831575765E-15,0.,-1.));
#1988=DIRECTION('',(-2.089831575765E-15,0.,1.));
#1989=DIRECTION('center_axis',(0.,-1.,0.));
#1990=DIRECTION('ref_axis',(1.,0.,0.));
#1991=DIRECTION('',(0.,-1.,0.));
#1992=DIRECTION('center_axis',(0.,1.,0.));
#1993=DIRECTION('ref_axis',(1.,0.,0.));
#1994=DIRECTION('center_axis',(-3.7007434154172E-16,0.,-1.));
#1995=DIRECTION('ref_axis',(1.,0.,-3.7007434154172E-16));
#1996=DIRECTION('',(-1.,0.,3.7007434154172E-16));
#1997=DIRECTION('center_axis',(0.,-1.,0.));
#1998=DIRECTION('ref_axis',(-1.,0.,0.));
#1999=DIRECTION('',(0.,-1.,0.));
#2000=DIRECTION('center_axis',(0.,1.,0.));
#2001=DIRECTION('ref_axis',(-1.,0.,0.));
#2002=DIRECTION('center_axis',(0.,-1.,0.));
#2003=DIRECTION('ref_axis',(-1.,0.,0.));
#2004=DIRECTION('',(0.,-1.,0.));
#2005=DIRECTION('center_axis',(0.,-1.,0.));
#2006=DIRECTION('ref_axis',(-1.,0.,0.));
#2007=DIRECTION('center_axis',(0.,1.,0.));
#2008=DIRECTION('ref_axis',(-1.,0.,0.));
#2009=DIRECTION('center_axis',(0.,1.,0.));
#2010=DIRECTION('ref_axis',(-1.,0.,0.));
#2011=DIRECTION('center_axis',(0.,-1.,0.));
#2012=DIRECTION('ref_axis',(-1.,0.,0.));
#2013=DIRECTION('',(0.,-1.,0.));
#2014=DIRECTION('center_axis',(0.,-1.,0.));
#2015=DIRECTION('ref_axis',(-1.,0.,0.));
#2016=DIRECTION('center_axis',(0.,1.,0.));
#2017=DIRECTION('ref_axis',(-1.,0.,0.));
#2018=DIRECTION('center_axis',(0.,1.,0.));
#2019=DIRECTION('ref_axis',(-1.,0.,0.));
#2020=DIRECTION('center_axis',(0.,-1.,0.));
#2021=DIRECTION('ref_axis',(-1.,0.,0.));
#2022=DIRECTION('',(0.,-1.,0.));
#2023=DIRECTION('center_axis',(0.,-1.,0.));
#2024=DIRECTION('ref_axis',(-1.,0.,0.));
#2025=DIRECTION('center_axis',(0.,1.,0.));
#2026=DIRECTION('ref_axis',(-1.,0.,0.));
#2027=DIRECTION('center_axis',(0.,1.,0.));
#2028=DIRECTION('ref_axis',(-1.,0.,0.));
#2029=DIRECTION('center_axis',(0.,-1.,0.));
#2030=DIRECTION('ref_axis',(-1.,0.,0.));
#2031=DIRECTION('',(0.,-1.,0.));
#2032=DIRECTION('center_axis',(0.,-1.,0.));
#2033=DIRECTION('ref_axis',(-1.,0.,0.));
#2034=DIRECTION('center_axis',(0.,1.,0.));
#2035=DIRECTION('ref_axis',(-1.,0.,0.));
#2036=DIRECTION('center_axis',(0.,1.,0.));
#2037=DIRECTION('ref_axis',(-1.,0.,0.));
#2038=DIRECTION('center_axis',(3.40873163029446E-16,0.,1.));
#2039=DIRECTION('ref_axis',(1.,1.91883465641393E-61,-3.40873163029446E-16));
#2040=DIRECTION('',(1.,0.,-3.40873163029446E-16));
#2041=DIRECTION('',(0.,1.,0.));
#2042=DIRECTION('',(0.,1.,0.));
#2043=DIRECTION('center_axis',(1.,0.,-3.40873163029446E-16));
#2044=DIRECTION('ref_axis',(-3.40873163029446E-16,-1.68268177169751E-16,
-1.));
#2045=DIRECTION('',(-3.40873163029446E-16,0.,-1.));
#2046=DIRECTION('',(0.,1.,0.));
#2047=DIRECTION('center_axis',(-3.40873163029446E-16,0.,-1.));
#2048=DIRECTION('ref_axis',(-1.,-1.91883465641393E-61,3.40873163029446E-16));
#2049=DIRECTION('',(-1.,0.,3.40873163029446E-16));
#2050=DIRECTION('',(0.,1.,0.));
#2051=DIRECTION('center_axis',(-1.,0.,3.40873163029446E-16));
#2052=DIRECTION('ref_axis',(3.40873163029446E-16,1.68268177169751E-16,1.));
#2053=DIRECTION('',(3.40873163029446E-16,0.,1.));
#2054=DIRECTION('center_axis',(0.,-1.,0.));
#2055=DIRECTION('ref_axis',(-1.,0.,0.));
#2056=DIRECTION('',(0.,-1.,0.));
#2057=DIRECTION('center_axis',(0.,1.,0.));
#2058=DIRECTION('ref_axis',(-1.,0.,0.));
#2059=DIRECTION('center_axis',(0.,-1.,0.));
#2060=DIRECTION('ref_axis',(-1.,0.,0.));
#2061=DIRECTION('',(0.,-1.,0.));
#2062=DIRECTION('center_axis',(0.,1.,0.));
#2063=DIRECTION('ref_axis',(-1.,0.,0.));
#2064=DIRECTION('center_axis',(0.,-1.,0.));
#2065=DIRECTION('ref_axis',(-1.,0.,0.));
#2066=DIRECTION('',(0.,-1.,0.));
#2067=DIRECTION('center_axis',(0.,1.,0.));
#2068=DIRECTION('ref_axis',(-1.,0.,0.));
#2069=DIRECTION('center_axis',(0.,-1.,0.));
#2070=DIRECTION('ref_axis',(-1.,0.,0.));
#2071=DIRECTION('',(0.,-1.,0.));
#2072=DIRECTION('center_axis',(0.,1.,0.));
#2073=DIRECTION('ref_axis',(-1.,0.,0.));
#2074=DIRECTION('center_axis',(0.,1.,0.));
#2075=DIRECTION('ref_axis',(-0.707106781186547,0.,0.707106781186547));
#2076=DIRECTION('',(0.,-1.,0.));
#2077=DIRECTION('center_axis',(0.,1.,0.));
#2078=DIRECTION('ref_axis',(-0.707106781186547,0.,0.707106781186547));
#2079=DIRECTION('',(0.,1.,0.));
#2080=DIRECTION('center_axis',(0.,1.,0.));
#2081=DIRECTION('ref_axis',(1.,0.,0.));
#2082=DIRECTION('',(0.,0.,-1.));
#2083=DIRECTION('center_axis',(0.,1.,0.));
#2084=DIRECTION('ref_axis',(-0.707106781186547,0.,-0.707106781186547));
#2085=DIRECTION('',(1.,0.,0.));
#2086=DIRECTION('center_axis',(0.,-1.,0.));
#2087=DIRECTION('ref_axis',(0.707106781186552,0.,0.707106781186543));
#2088=DIRECTION('',(0.,0.,-1.));
#2089=DIRECTION('center_axis',(0.,-1.,0.));
#2090=DIRECTION('ref_axis',(0.661802563235742,0.,-0.749678175815864));
#2091=DIRECTION('',(-0.992277876713668,0.,0.124034734589208));
#2092=DIRECTION('',(-0.242535625036333,0.,-0.970142500145332));
#2093=DIRECTION('center_axis',(0.,1.,0.));
#2094=DIRECTION('ref_axis',(-0.857492925712541,0.,-0.514495755427532));
#2095=DIRECTION('',(0.970142500145332,0.,-0.242535625036333));
#2096=DIRECTION('center_axis',(0.,1.,0.));
#2097=DIRECTION('ref_axis',(0.288787285414178,0.,-0.957393285846057));
#2098=DIRECTION('',(0.674212466643251,0.,0.738537439689298));
#2099=DIRECTION('center_axis',(0.,-1.,0.));
#2100=DIRECTION('ref_axis',(-0.269066371259894,0.,0.963121637103556));
#2101=DIRECTION('',(0.959365501571271,0.,-0.28216632399155));
#2102=DIRECTION('center_axis',(0.,1.,0.));
#2103=DIRECTION('ref_axis',(0.326168626994542,0.,-0.945311602998977));
#2104=DIRECTION('',(0.581238193719096,0.,0.813733471206735));
#2105=DIRECTION('center_axis',(0.,1.,0.));
#2106=DIRECTION('ref_axis',(0.899072292773049,0.,-0.437800196856754));
#2107=DIRECTION('',(0.28216632399155,0.,0.959365501571271));
#2108=DIRECTION('center_axis',(0.,-1.,0.));
#2109=DIRECTION('ref_axis',(-0.599096685021897,0.,0.800676690053966));
#2110=DIRECTION('',(1.,0.,0.));
#2111=DIRECTION('center_axis',(0.,1.,0.));
#2112=DIRECTION('ref_axis',(0.707106781186547,0.,-0.707106781186547));
#2113=DIRECTION('',(0.,0.,1.));
#2114=DIRECTION('center_axis',(0.,1.,0.));
#2115=DIRECTION('ref_axis',(0.707106781186547,0.,0.707106781186547));
#2116=DIRECTION('',(-1.,0.,0.));
#2117=DIRECTION('',(0.707106781186548,0.,-0.707106781186548));
#2118=DIRECTION('',(1.,0.,0.));
#2119=DIRECTION('',(0.707106781186548,0.,0.707106781186548));
#2120=DIRECTION('',(-1.,0.,0.));
#2121=DIRECTION('center_axis',(-1.,0.,0.));
#2122=DIRECTION('ref_axis',(0.,0.,1.));
#2123=DIRECTION('',(0.,1.,0.));
#2124=DIRECTION('center_axis',(0.,1.,0.));
#2125=DIRECTION('ref_axis',(-0.707106781186547,0.,-0.707106781186547));
#2126=DIRECTION('',(0.,-1.,0.));
#2127=DIRECTION('center_axis',(0.,1.,0.));
#2128=DIRECTION('ref_axis',(0.707106781186547,0.,-0.707106781186547));
#2129=DIRECTION('',(0.,-1.,0.));
#2130=DIRECTION('',(0.,1.,0.));
#2131=DIRECTION('center_axis',(1.,0.,0.));
#2132=DIRECTION('ref_axis',(0.,0.,-1.));
#2133=DIRECTION('',(0.,1.,0.));
#2134=DIRECTION('center_axis',(0.,1.,0.));
#2135=DIRECTION('ref_axis',(0.707106781186547,0.,0.707106781186547));
#2136=DIRECTION('',(0.,-1.,0.));
#2137=DIRECTION('center_axis',(0.,1.,0.));
#2138=DIRECTION('ref_axis',(0.707106781186552,0.,0.707106781186543));
#2139=DIRECTION('',(0.,1.,0.));
#2140=DIRECTION('',(0.,-1.,0.));
#2141=DIRECTION('center_axis',(0.,0.,-1.));
#2142=DIRECTION('ref_axis',(-1.,0.,0.));
#2143=DIRECTION('center_axis',(0.,1.,0.));
#2144=DIRECTION('ref_axis',(-0.599096685021897,0.,0.800676690053966));
#2145=DIRECTION('',(0.,1.,0.));
#2146=DIRECTION('',(0.,-1.,0.));
#2147=DIRECTION('center_axis',(0.959365501571271,0.,-0.28216632399155));
#2148=DIRECTION('ref_axis',(-0.28216632399155,0.,-0.959365501571271));
#2149=DIRECTION('',(0.,-1.,0.));
#2150=DIRECTION('center_axis',(0.,1.,0.));
#2151=DIRECTION('ref_axis',(0.899072292773049,0.,-0.437800196856754));
#2152=DIRECTION('',(0.,1.,0.));
#2153=DIRECTION('center_axis',(0.813733471206735,0.,-0.581238193719096));
#2154=DIRECTION('ref_axis',(-0.581238193719096,0.,-0.813733471206735));
#2155=DIRECTION('',(0.,-1.,0.));
#2156=DIRECTION('center_axis',(0.,1.,0.));
#2157=DIRECTION('ref_axis',(-0.857492925712541,0.,-0.514495755427532));
#2158=DIRECTION('',(0.,-1.,0.));
#2159=DIRECTION('',(0.,1.,0.));
#2160=DIRECTION('center_axis',(-0.970142500145332,0.,0.242535625036333));
#2161=DIRECTION('ref_axis',(0.242535625036333,0.,0.970142500145332));
#2162=DIRECTION('center_axis',(0.,1.,0.));
#2163=DIRECTION('ref_axis',(0.288787285414178,0.,-0.957393285846057));
#2164=DIRECTION('',(0.,-1.,0.));
#2165=DIRECTION('',(0.,1.,0.));
#2166=DIRECTION('center_axis',(0.738537439689298,0.,-0.674212466643251));
#2167=DIRECTION('ref_axis',(-0.674212466643251,0.,-0.738537439689298));
#2168=DIRECTION('',(0.,1.,0.));
#2169=DIRECTION('center_axis',(0.,1.,0.));
#2170=DIRECTION('ref_axis',(-0.269066371259894,0.,0.963121637103556));
#2171=DIRECTION('',(0.,-1.,0.));
#2172=DIRECTION('center_axis',(0.,1.,0.));
#2173=DIRECTION('ref_axis',(0.326168626994542,0.,-0.945311602998977));
#2174=DIRECTION('',(0.,1.,0.));
#2175=DIRECTION('center_axis',(-0.28216632399155,0.,-0.959365501571271));
#2176=DIRECTION('ref_axis',(-0.959365501571271,0.,0.28216632399155));
#2177=DIRECTION('center_axis',(0.,1.,0.));
#2178=DIRECTION('ref_axis',(0.661802563235742,0.,-0.749678175815864));
#2179=DIRECTION('',(0.,1.,0.));
#2180=DIRECTION('',(0.,-1.,0.));
#2181=DIRECTION('center_axis',(-1.,0.,0.));
#2182=DIRECTION('ref_axis',(0.,0.,1.));
#2183=DIRECTION('center_axis',(0.,0.,1.));
#2184=DIRECTION('ref_axis',(1.,0.,0.));
#2185=DIRECTION('',(0.,1.,0.));
#2186=DIRECTION('center_axis',(0.124034734589208,0.,0.992277876713668));
#2187=DIRECTION('ref_axis',(0.992277876713668,0.,-0.124034734589208));
#2188=DIRECTION('center_axis',(-0.242535625036333,0.,-0.970142500145332));
#2189=DIRECTION('ref_axis',(-0.970142500145332,0.,0.242535625036333));
#2190=DIRECTION('center_axis',(0.,0.,-1.));
#2191=DIRECTION('ref_axis',(-1.,0.,0.));
#2192=DIRECTION('center_axis',(0.,0.,1.));
#2193=DIRECTION('ref_axis',(1.,0.,0.));
#2194=DIRECTION('',(0.,1.,0.));
#2195=DIRECTION('center_axis',(0.707106781186548,0.,0.707106781186548));
#2196=DIRECTION('ref_axis',(0.707106781186548,0.,-0.707106781186548));
#2197=DIRECTION('',(0.,1.,0.));
#2198=DIRECTION('center_axis',(0.,0.,1.));
#2199=DIRECTION('ref_axis',(1.,0.,0.));
#2200=DIRECTION('',(0.,1.,0.));
#2201=DIRECTION('center_axis',(-0.707106781186548,0.,0.707106781186548));
#2202=DIRECTION('ref_axis',(0.707106781186548,0.,0.707106781186548));
#2203=CARTESIAN_POINT('',(0.,0.,0.));
#2204=CARTESIAN_POINT('Origin',(182.594322954035,3.,24.4789538240224));
#2205=CARTESIAN_POINT('',(184.681077268729,3.5,25.8071100502393));
#2206=CARTESIAN_POINT('',(182.594322954035,3.5,24.4789538240224));
#2207=CARTESIAN_POINT('',(182.594322954035,3.5,24.4789538240224));
#2208=CARTESIAN_POINT('',(184.681077268729,4.,25.8071100502393));
#2209=CARTESIAN_POINT('',(184.681077268729,3.,25.8071100502393));
#2210=CARTESIAN_POINT('',(182.594322954035,4.,24.4789538240224));
#2211=CARTESIAN_POINT('',(182.594322954035,4.,24.4789538240224));
#2212=CARTESIAN_POINT('',(182.594322954035,3.,24.4789538240224));
#2213=CARTESIAN_POINT('Origin',(192.196762967241,3.,30.3186209952374));
#2214=CARTESIAN_POINT('',(194.35016778381,3.5,31.5357447470024));
#2215=CARTESIAN_POINT('',(192.196762967241,3.5,30.3186209952374));
#2216=CARTESIAN_POINT('',(194.35016778381,3.5,31.5357447470024));
#2217=CARTESIAN_POINT('',(194.35016778381,4.,31.5357447470024));
#2218=CARTESIAN_POINT('',(194.35016778381,3.,31.5357447470024));
#2219=CARTESIAN_POINT('',(192.196762967241,4.,30.3186209952374));
#2220=CARTESIAN_POINT('',(194.35016778381,4.,31.5357447470024));
#2221=CARTESIAN_POINT('',(192.196762967241,3.,30.3186209952374));
#2222=CARTESIAN_POINT('Ctrl Pts',(192.196762967241,3.5,30.3186209952374));
#2223=CARTESIAN_POINT('Ctrl Pts',(197.969688644001,3.5,20.493791988762));
#2224=CARTESIAN_POINT('Ctrl Pts',(194.303526366414,3.5,18.293070470465));
#2225=CARTESIAN_POINT('Ctrl Pts',(190.637364088827,3.5,16.0923489521679));
#2226=CARTESIAN_POINT('Ctrl Pts',(184.681077268729,3.5,25.8071100502394));
#2227=CARTESIAN_POINT('Ctrl Pts',(192.196762967241,4.,30.3186209952374));
#2228=CARTESIAN_POINT('Ctrl Pts',(197.969688644001,4.,20.493791988762));
#2229=CARTESIAN_POINT('Ctrl Pts',(194.303526366414,4.,18.293070470465));
#2230=CARTESIAN_POINT('Ctrl Pts',(190.637364088827,4.,16.0923489521679));
#2231=CARTESIAN_POINT('Ctrl Pts',(184.681077268729,4.,25.8071100502394));
#2232=CARTESIAN_POINT('Origin',(188.288500980973,3.5,28.3134474166107));
#2233=CARTESIAN_POINT('Origin',(188.288500980973,4.,28.3134474166107));
#2234=CARTESIAN_POINT('Origin',(190.155079757626,4.,23.5379077422929));
#2235=CARTESIAN_POINT('',(195.657570804227,4.,16.0373799622311));
#2236=CARTESIAN_POINT('Origin',(188.288500980973,4.,28.3134474166107));
#2237=CARTESIAN_POINT('Origin',(188.288500980973,4.,28.3134474166107));
#2238=CARTESIAN_POINT('Origin',(188.288500980973,3.5,28.3134474166107));
#2239=CARTESIAN_POINT('',(182.226834178136,3.5,25.0911500862192));
#2240=CARTESIAN_POINT('Origin',(188.288500980973,3.5,28.3134474166107));
#2241=CARTESIAN_POINT('',(184.380238994705,3.5,26.3082738379841));
#2242=CARTESIAN_POINT('',(186.290717347811,3.5,27.3880933697817));
#2243=CARTESIAN_POINT('',(191.895924693217,3.5,30.8197847829822));
#2244=CARTESIAN_POINT('Origin',(188.288500980973,3.5,28.3134474166107));
#2245=CARTESIAN_POINT('',(193.982679007911,3.5,32.1479410091992));
#2246=CARTESIAN_POINT('',(191.087955129409,3.5,30.3055365079415));
#2247=CARTESIAN_POINT('Origin',(188.288500980973,3.5,28.3134474166107));
#2248=CARTESIAN_POINT('Origin',(193.982679007911,3.,32.1479410091992));
#2249=CARTESIAN_POINT('',(191.895924693217,4.,30.8197847829822));
#2250=CARTESIAN_POINT('',(191.895924693217,3.,30.8197847829822));
#2251=CARTESIAN_POINT('',(193.982679007911,4.,32.1479410091992));
#2252=CARTESIAN_POINT('',(193.982679007911,4.,32.1479410091992));
#2253=CARTESIAN_POINT('',(193.982679007911,3.,32.1479410091992));
#2254=CARTESIAN_POINT('Ctrl Pts',(184.380238994705,3.5,26.3082738379841));
#2255=CARTESIAN_POINT('Ctrl Pts',(178.607313317945,3.5,36.1331028444594));
#2256=CARTESIAN_POINT('Ctrl Pts',(182.273475595532,3.5,38.3338243627565));
#2257=CARTESIAN_POINT('Ctrl Pts',(185.939637873119,3.5,40.5345458810536));
#2258=CARTESIAN_POINT('Ctrl Pts',(191.895924693217,3.5,30.8197847829822));
#2259=CARTESIAN_POINT('Ctrl Pts',(184.380238994705,4.,26.3082738379841));
#2260=CARTESIAN_POINT('Ctrl Pts',(178.607313317945,4.,36.1331028444594));
#2261=CARTESIAN_POINT('Ctrl Pts',(182.273475595532,4.,38.3338243627565));
#2262=CARTESIAN_POINT('Ctrl Pts',(185.939637873119,4.,40.5345458810536));
#2263=CARTESIAN_POINT('Ctrl Pts',(191.895924693217,4.,30.8197847829822));
#2264=CARTESIAN_POINT('',(184.380238994705,4.,26.3082738379841));
#2265=CARTESIAN_POINT('',(184.380238994705,3.,26.3082738379841));
#2266=CARTESIAN_POINT('Origin',(188.288500980973,4.,28.3134474166107));
#2267=CARTESIAN_POINT('Origin',(184.380238994705,3.,26.3082738379841));
#2268=CARTESIAN_POINT('',(182.226834178136,4.,25.0911500862192));
#2269=CARTESIAN_POINT('',(182.226834178136,3.,25.0911500862192));
#2270=CARTESIAN_POINT('',(182.226834178136,4.,25.0911500862192));
#2271=CARTESIAN_POINT('Ctrl Pts',(195.657570804227,3.,16.0373799622311));
#2272=CARTESIAN_POINT('Ctrl Pts',(189.777820292297,3.,12.507887131832));
#2273=CARTESIAN_POINT('Ctrl Pts',(182.408750469043,3.,24.7839545862116));
#2274=CARTESIAN_POINT('Ctrl Pts',(175.039680645788,3.,37.0600220405912));
#2275=CARTESIAN_POINT('Ctrl Pts',(180.919431157719,3.,40.5895148709903));
#2276=CARTESIAN_POINT('Ctrl Pts',(186.799181669649,3.,44.1190077013894));
#2277=CARTESIAN_POINT('Ctrl Pts',(194.168251492903,3.,31.8429402470098));
#2278=CARTESIAN_POINT('Ctrl Pts',(201.537321316157,3.,19.5668727926302));
#2279=CARTESIAN_POINT('Ctrl Pts',(195.657570804227,3.,16.0373799622311));
#2280=CARTESIAN_POINT('Ctrl Pts',(195.657570804227,4.,16.0373799622311));
#2281=CARTESIAN_POINT('Ctrl Pts',(189.777820292297,4.,12.507887131832));
#2282=CARTESIAN_POINT('Ctrl Pts',(182.408750469043,4.,24.7839545862116));
#2283=CARTESIAN_POINT('Ctrl Pts',(175.039680645788,4.,37.0600220405912));
#2284=CARTESIAN_POINT('Ctrl Pts',(180.919431157719,4.,40.5895148709903));
#2285=CARTESIAN_POINT('Ctrl Pts',(186.799181669649,4.,44.1190077013894));
#2286=CARTESIAN_POINT('Ctrl Pts',(194.168251492903,4.,31.8429402470098));
#2287=CARTESIAN_POINT('Ctrl Pts',(201.537321316157,4.,19.5668727926302));
#2288=CARTESIAN_POINT('Ctrl Pts',(195.657570804227,4.,16.0373799622311));
#2289=CARTESIAN_POINT('Origin',(188.288500980973,4.,28.3134474166107));
#2290=CARTESIAN_POINT('',(195.657570804227,3.,16.0373799622311));
#2291=CARTESIAN_POINT('',(195.657570804227,3.,16.0373799622311));
#2292=CARTESIAN_POINT('Origin',(188.288500980973,3.,28.3134474166107));
#2293=CARTESIAN_POINT('Origin',(186.42192220432,4.,33.0889870909286));
#2294=CARTESIAN_POINT('Origin',(159.225968542997,3.,25.0911500862192));
#2295=CARTESIAN_POINT('',(157.072563726427,3.5,26.3082738379841));
#2296=CARTESIAN_POINT('',(159.225968542997,3.5,25.0911500862192));
#2297=CARTESIAN_POINT('',(159.225968542997,3.5,25.0911500862192));
#2298=CARTESIAN_POINT('',(157.072563726427,4.,26.3082738379841));
#2299=CARTESIAN_POINT('',(157.072563726427,3.,26.3082738379841));
#2300=CARTESIAN_POINT('',(159.225968542997,4.,25.0911500862192));
#2301=CARTESIAN_POINT('',(159.225968542997,4.,25.0911500862192));
#2302=CARTESIAN_POINT('',(159.225968542997,3.,25.0911500862192));
#2303=CARTESIAN_POINT('Origin',(149.556878027915,3.,30.8197847829822));
#2304=CARTESIAN_POINT('',(147.470123713221,3.5,32.1479410091992));
#2305=CARTESIAN_POINT('',(149.556878027915,3.5,30.8197847829821));
#2306=CARTESIAN_POINT('',(147.470123713221,3.5,32.1479410091992));
#2307=CARTESIAN_POINT('',(147.470123713221,4.,32.1479410091992));
#2308=CARTESIAN_POINT('',(147.470123713221,3.,32.1479410091992));
#2309=CARTESIAN_POINT('',(149.556878027915,4.,30.8197847829821));
#2310=CARTESIAN_POINT('',(147.470123713221,4.,32.1479410091992));
#2311=CARTESIAN_POINT('',(149.556878027915,3.,30.8197847829821));
#2312=CARTESIAN_POINT('Ctrl Pts',(149.556878027915,3.5,30.8197847829822));
#2313=CARTESIAN_POINT('Ctrl Pts',(155.513164848013,3.5,40.5345458810536));
#2314=CARTESIAN_POINT('Ctrl Pts',(159.1793271256,3.5,38.3338243627565));
#2315=CARTESIAN_POINT('Ctrl Pts',(162.845489403187,3.5,36.1331028444594));
#2316=CARTESIAN_POINT('Ctrl Pts',(157.072563726427,3.5,26.3082738379841));
#2317=CARTESIAN_POINT('Ctrl Pts',(149.556878027915,4.,30.8197847829822));
#2318=CARTESIAN_POINT('Ctrl Pts',(155.513164848013,4.,40.5345458810536));
#2319=CARTESIAN_POINT('Ctrl Pts',(159.1793271256,4.,38.3338243627565));
#2320=CARTESIAN_POINT('Ctrl Pts',(162.845489403187,4.,36.1331028444594));
#2321=CARTESIAN_POINT('Ctrl Pts',(157.072563726427,4.,26.3082738379841));
#2322=CARTESIAN_POINT('Origin',(153.164301740159,3.5,28.3134474166107));
#2323=CARTESIAN_POINT('Origin',(153.164301740159,4.,28.3134474166107));
#2324=CARTESIAN_POINT('Origin',(155.030880516812,4.,33.0889870909286));
#2325=CARTESIAN_POINT('Origin',(153.164301740159,4.,28.3134474166107));
#2326=CARTESIAN_POINT('Origin',(153.164301740159,3.5,28.3134474166107));
#2327=CARTESIAN_POINT('',(147.102634937322,3.5,31.5357447470024));
#2328=CARTESIAN_POINT('Origin',(153.164301740159,3.5,28.3134474166107));
#2329=CARTESIAN_POINT('',(158.858479767098,3.5,24.4789538240224));
#2330=CARTESIAN_POINT('Origin',(153.164301740159,3.5,28.3134474166107));
#2331=CARTESIAN_POINT('',(156.771725452403,3.5,25.8071100502394));
#2332=CARTESIAN_POINT('',(154.920378731249,3.5,26.9854364383885));
#2333=CARTESIAN_POINT('',(149.256039753891,3.5,30.3186209952374));
#2334=CARTESIAN_POINT('Origin',(153.164301740159,3.5,28.3134474166107));
#2335=CARTESIAN_POINT('',(150.089815698713,3.5,29.8473633393222));
#2336=CARTESIAN_POINT('Origin',(147.102634937322,3.,31.5357447470024));
#2337=CARTESIAN_POINT('',(149.256039753891,4.,30.3186209952374));
#2338=CARTESIAN_POINT('',(149.256039753891,3.,30.3186209952374));
#2339=CARTESIAN_POINT('',(147.102634937322,4.,31.5357447470024));
#2340=CARTESIAN_POINT('',(147.102634937322,4.,31.5357447470024));
#2341=CARTESIAN_POINT('',(147.102634937322,3.,31.5357447470024));
#2342=CARTESIAN_POINT('Ctrl Pts',(156.771725452403,3.5,25.8071100502394));
#2343=CARTESIAN_POINT('Ctrl Pts',(150.815438632306,3.5,16.0923489521679));
#2344=CARTESIAN_POINT('Ctrl Pts',(147.149276354719,3.5,18.293070470465));
#2345=CARTESIAN_POINT('Ctrl Pts',(143.483114077132,3.5,20.493791988762));
#2346=CARTESIAN_POINT('Ctrl Pts',(149.256039753891,3.5,30.3186209952374));
#2347=CARTESIAN_POINT('Ctrl Pts',(156.771725452403,4.,25.8071100502394));
#2348=CARTESIAN_POINT('Ctrl Pts',(150.815438632306,4.,16.0923489521679));
#2349=CARTESIAN_POINT('Ctrl Pts',(147.149276354719,4.,18.293070470465));
#2350=CARTESIAN_POINT('Ctrl Pts',(143.483114077132,4.,20.493791988762));
#2351=CARTESIAN_POINT('Ctrl Pts',(149.256039753891,4.,30.3186209952374));
#2352=CARTESIAN_POINT('',(156.771725452403,4.,25.8071100502394));
#2353=CARTESIAN_POINT('',(156.771725452403,3.,25.8071100502394));
#2354=CARTESIAN_POINT('Origin',(153.164301740159,4.,28.3134474166107));
#2355=CARTESIAN_POINT('Origin',(156.771725452404,3.,25.8071100502393));
#2356=CARTESIAN_POINT('',(158.858479767098,4.,24.4789538240224));
#2357=CARTESIAN_POINT('',(158.858479767098,3.,24.4789538240224));
#2358=CARTESIAN_POINT('',(158.858479767098,4.,24.4789538240224));
#2359=CARTESIAN_POINT('Ctrl Pts',(145.795231916905,3.,16.0373799622311));
#2360=CARTESIAN_POINT('Ctrl Pts',(139.915481404975,3.,19.5668727926302));
#2361=CARTESIAN_POINT('Ctrl Pts',(147.284551228229,3.,31.8429402470098));
#2362=CARTESIAN_POINT('Ctrl Pts',(154.653621051484,3.,44.1190077013894));
#2363=CARTESIAN_POINT('Ctrl Pts',(160.533371563414,3.,40.5895148709903));
#2364=CARTESIAN_POINT('Ctrl Pts',(166.413122075344,3.,37.0600220405912));
#2365=CARTESIAN_POINT('Ctrl Pts',(159.04405225209,3.,24.7839545862116));
#2366=CARTESIAN_POINT('Ctrl Pts',(151.674982428835,3.,12.507887131832));
#2367=CARTESIAN_POINT('Ctrl Pts',(145.795231916905,3.,16.0373799622311));
#2368=CARTESIAN_POINT('Ctrl Pts',(145.795231916905,4.,16.0373799622311));
#2369=CARTESIAN_POINT('Ctrl Pts',(139.915481404975,4.,19.5668727926302));
#2370=CARTESIAN_POINT('Ctrl Pts',(147.284551228229,4.,31.8429402470098));
#2371=CARTESIAN_POINT('Ctrl Pts',(154.653621051484,4.,44.1190077013894));
#2372=CARTESIAN_POINT('Ctrl Pts',(160.533371563414,4.,40.5895148709903));
#2373=CARTESIAN_POINT('Ctrl Pts',(166.413122075344,4.,37.0600220405912));
#2374=CARTESIAN_POINT('Ctrl Pts',(159.04405225209,4.,24.7839545862116));
#2375=CARTESIAN_POINT('Ctrl Pts',(151.674982428835,4.,12.507887131832));
#2376=CARTESIAN_POINT('Ctrl Pts',(145.795231916905,4.,16.0373799622311));
#2377=CARTESIAN_POINT('',(145.795231916905,4.,16.0373799622311));
#2378=CARTESIAN_POINT('Origin',(153.164301740159,4.,28.3134474166107));
#2379=CARTESIAN_POINT('',(145.795231916905,3.,16.0373799622311));
#2380=CARTESIAN_POINT('',(145.795231916905,3.,16.0373799622311));
#2381=CARTESIAN_POINT('Origin',(153.164301740159,3.,28.3134474166107));
#2382=CARTESIAN_POINT('Origin',(153.164301740159,4.,28.3134474166107));
#2383=CARTESIAN_POINT('Origin',(151.297722963506,4.,23.5379077422929));
#2384=CARTESIAN_POINT('Origin',(184.726401360566,2.,49.1140710193805));
#2385=CARTESIAN_POINT('',(184.726401360566,3.,44.9054250131476));
#2386=CARTESIAN_POINT('',(183.726401360566,2.,44.9054250131476));
#2387=CARTESIAN_POINT('Origin',(184.726401360566,2.,44.9054250131476));
#2388=CARTESIAN_POINT('',(183.726401360566,2.,53.4054250131476));
#2389=CARTESIAN_POINT('',(183.726401360566,2.,49.1140710193805));
#2390=CARTESIAN_POINT('',(184.726401360566,3.,53.4054250131476));
#2391=CARTESIAN_POINT('Origin',(184.726401360566,2.,53.4054250131476));
#2392=CARTESIAN_POINT('',(184.726401360566,3.,49.1140710193805));
#2393=CARTESIAN_POINT('Origin',(182.726401360566,2.,53.4054250131476));
#2394=CARTESIAN_POINT('',(182.726401360566,2.,54.4054250131476));
#2395=CARTESIAN_POINT('',(182.726401360566,3.,55.4054250131476));
#2396=CARTESIAN_POINT('Origin',(182.726401360566,2.,55.4054250131476));
#2397=CARTESIAN_POINT('Origin',(182.726401360566,3.,53.4054250131476));
#2398=CARTESIAN_POINT('Origin',(182.726401360566,2.,53.4054250131476));
#2399=CARTESIAN_POINT('Origin',(176.363200680283,2.,55.4054250131476));
#2400=CARTESIAN_POINT('',(158.726401360566,2.,54.4054250131476));
#2401=CARTESIAN_POINT('',(158.726401360566,3.,55.4054250131476));
#2402=CARTESIAN_POINT('Origin',(158.726401360566,2.,55.4054250131476));
#2403=CARTESIAN_POINT('',(176.363200680283,3.,55.4054250131476));
#2404=CARTESIAN_POINT('',(176.363200680283,2.,54.4054250131476));
#2405=CARTESIAN_POINT('Origin',(158.726401360566,2.,53.4054250131476));
#2406=CARTESIAN_POINT('',(157.726401360566,2.,53.4054250131476));
#2407=CARTESIAN_POINT('',(156.726401360566,3.,53.4054250131476));
#2408=CARTESIAN_POINT('Origin',(156.726401360566,2.,53.4054250131476));
#2409=CARTESIAN_POINT('Origin',(158.726401360566,3.,53.4054250131476));
#2410=CARTESIAN_POINT('Origin',(158.726401360566,2.,53.4054250131476));
#2411=CARTESIAN_POINT('Origin',(156.726401360566,2.,53.3640710193804));
#2412=CARTESIAN_POINT('',(157.726401360566,2.,44.9054250131476));
#2413=CARTESIAN_POINT('',(156.726401360566,3.,44.9054250131476));
#2414=CARTESIAN_POINT('Origin',(156.726401360566,2.,44.9054250131476));
#2415=CARTESIAN_POINT('',(156.726401360566,3.,53.3640710193804));
#2416=CARTESIAN_POINT('',(157.726401360566,2.,53.3640710193804));
#2417=CARTESIAN_POINT('Origin',(158.726401360566,2.,44.9054250131476));
#2418=CARTESIAN_POINT('',(158.726401360566,2.,43.9054250131476));
#2419=CARTESIAN_POINT('',(158.726401360566,3.,42.9054250131476));
#2420=CARTESIAN_POINT('Origin',(158.726401360566,2.,42.9054250131476));
#2421=CARTESIAN_POINT('Origin',(158.726401360566,3.,44.9054250131476));
#2422=CARTESIAN_POINT('Origin',(158.726401360566,2.,44.9054250131476));
#2423=CARTESIAN_POINT('Origin',(164.363200680283,2.,42.9054250131476));
#2424=CARTESIAN_POINT('',(182.726401360566,2.,43.9054250131476));
#2425=CARTESIAN_POINT('',(182.726401360566,3.,42.9054250131476));
#2426=CARTESIAN_POINT('Origin',(182.726401360566,2.,42.9054250131476));
#2427=CARTESIAN_POINT('',(164.363200680283,3.,42.9054250131476));
#2428=CARTESIAN_POINT('',(164.363200680283,2.,43.9054250131476));
#2429=CARTESIAN_POINT('Origin',(182.726401360566,2.,44.9054250131476));
#2430=CARTESIAN_POINT('Origin',(182.726401360566,3.,44.9054250131476));
#2431=CARTESIAN_POINT('Origin',(182.726401360566,2.,44.9054250131476));
#2432=CARTESIAN_POINT('Origin',(158.726401360566,3.,53.4054250131476));
#2433=CARTESIAN_POINT('',(158.726401360566,0.,54.4054250131476));
#2434=CARTESIAN_POINT('',(158.726401360566,3.,54.4054250131476));
#2435=CARTESIAN_POINT('',(157.726401360566,0.,53.4054250131476));
#2436=CARTESIAN_POINT('Origin',(158.726401360566,0.,53.4054250131476));
#2437=CARTESIAN_POINT('',(157.726401360566,3.,53.4054250131476));
#2438=CARTESIAN_POINT('Origin',(182.726401360566,3.,54.4054250131476));
#2439=CARTESIAN_POINT('',(182.726401360566,0.,54.4054250131476));
#2440=CARTESIAN_POINT('',(182.726401360566,3.,54.4054250131476));
#2441=CARTESIAN_POINT('',(176.363200680283,0.,54.4054250131476));
#2442=CARTESIAN_POINT('Origin',(182.726401360566,3.,53.4054250131476));
#2443=CARTESIAN_POINT('',(183.726401360566,0.,53.4054250131476));
#2444=CARTESIAN_POINT('',(183.726401360566,3.,53.4054250131476));
#2445=CARTESIAN_POINT('Origin',(182.726401360566,0.,53.4054250131476));
#2446=CARTESIAN_POINT('Origin',(183.726401360566,3.,44.9054250131476));
#2447=CARTESIAN_POINT('',(183.726401360566,0.,44.9054250131476));
#2448=CARTESIAN_POINT('',(183.726401360566,3.,44.9054250131476));
#2449=CARTESIAN_POINT('',(183.726401360566,0.,49.1140710193805));
#2450=CARTESIAN_POINT('Origin',(170.,3.,53.3227170256133));
#2451=CARTESIAN_POINT('',(117.5,3.,135.));
#2452=CARTESIAN_POINT('',(115.,3.,132.5));
#2453=CARTESIAN_POINT('Origin',(117.5,3.,132.5));
#2454=CARTESIAN_POINT('',(135.000002011657,3.,135.000002011657));
#2455=CARTESIAN_POINT('',(225.,3.,135.));
#2456=CARTESIAN_POINT('',(145.000002160668,3.,145.000002160668));
#2457=CARTESIAN_POINT('',(135.000002011657,3.,135.000002011657));
#2458=CARTESIAN_POINT('',(195.000002905726,3.,145.000002160668));
#2459=CARTESIAN_POINT('',(145.000002160668,3.,145.000002160668));
#2460=CARTESIAN_POINT('',(205.000005066395,3.,135.));
#2461=CARTESIAN_POINT('',(195.000002905726,3.,145.000002160668));
#2462=CARTESIAN_POINT('',(222.5,3.,135.));
#2463=CARTESIAN_POINT('',(225.,3.,135.));
#2464=CARTESIAN_POINT('',(225.,3.,132.5));
#2465=CARTESIAN_POINT('Origin',(222.5,3.,132.5));
#2466=CARTESIAN_POINT('',(225.,3.,12.5));
#2467=CARTESIAN_POINT('',(225.,3.,10.));
#2468=CARTESIAN_POINT('',(222.5,3.,10.));
#2469=CARTESIAN_POINT('Origin',(222.5,3.,12.5));
#2470=CARTESIAN_POINT('',(186.336475965575,3.,10.));
#2471=CARTESIAN_POINT('',(115.,3.,10.));
#2472=CARTESIAN_POINT('',(185.377110464004,3.,9.28216632399155));
#2473=CARTESIAN_POINT('Origin',(186.336475965575,3.,9.));
#2474=CARTESIAN_POINT('',(181.903743226553,3.,-2.52728228334109));
#2475=CARTESIAN_POINT('',(180.000002682209,3.,-9.00000013411045));
#2476=CARTESIAN_POINT('',(176.078462011972,3.,-14.4901570724429));
#2477=CARTESIAN_POINT('Origin',(143.529123163702,3.,8.75937067632091));
#2478=CARTESIAN_POINT('',(172.480765701839,3.,-19.5269319066288));
#2479=CARTESIAN_POINT('',(170.000002533197,3.,-23.0000003427267));
#2480=CARTESIAN_POINT('',(165.905366930649,3.,-21.7956957537419));
#2481=CARTESIAN_POINT('Origin',(167.598364874598,3.,-16.0395027443143));
#2482=CARTESIAN_POINT('',(154.198877383794,3.,-18.3526105929022));
#2483=CARTESIAN_POINT('',(153.000002279878,3.,-18.0000002682209));
#2484=CARTESIAN_POINT('',(152.157469856432,3.,-18.9229166627582));
#2485=CARTESIAN_POINT('Origin',(153.634544735811,3.,-20.2713415960447));
#2486=CARTESIAN_POINT('',(134.619400166627,3.,-38.1342509625955));
#2487=CARTESIAN_POINT('',(134.418272154645,3.,-38.3545681094417));
#2488=CARTESIAN_POINT('',(134.128863634264,3.,-38.2822159793465));
#2489=CARTESIAN_POINT('Origin',(134.250131446782,3.,-37.7971447292739));
#2490=CARTESIAN_POINT('',(133.485073231927,3.,-38.1212683787623));
#2491=CARTESIAN_POINT('',(133.000001981854,3.,-38.0000005662441));
#2492=CARTESIAN_POINT('',(133.121269794373,3.,-37.5149293161715));
#2493=CARTESIAN_POINT('Origin',(133.606341044445,3.,-37.6361971286896));
#2494=CARTESIAN_POINT('',(139.603070309761,3.,-11.5877272546186));
#2495=CARTESIAN_POINT('',(141.000002101064,3.,-6.00000008940697));
#2496=CARTESIAN_POINT('',(146.715222335535,3.,-6.71440261871592));
#2497=CARTESIAN_POINT('Ctrl Pts',(146.715222335535,2.99999999999999,-6.71440261871592));
#2498=CARTESIAN_POINT('Ctrl Pts',(145.30529332521,2.99999999999999,-6.53816149242524));
#2499=CARTESIAN_POINT('Ctrl Pts',(143.897128408342,2.99999999999999,-6.73615419904732));
#2500=CARTESIAN_POINT('Ctrl Pts',(142.72491333268,2.99999999999999,-7.35111251803835));
#2501=CARTESIAN_POINT('Ctrl Pts',(141.943436615573,2.99999999999999,-7.76108473069903));
#2502=CARTESIAN_POINT('Ctrl Pts',(141.266826494557,2.99999999999999,-8.35637499330147));
#2503=CARTESIAN_POINT('Ctrl Pts',(140.739171452399,2.99999999999999,-9.08328948710141));
#2504=CARTESIAN_POINT('Ctrl Pts',(140.211516410241,2.99999999999999,-9.81020398090135));
#2505=CARTESIAN_POINT('Ctrl Pts',(139.832816446941,2.99999999999999,-10.6687427058988));
#2506=CARTESIAN_POINT('Ctrl Pts',(139.603070309761,2.99999999999999,-11.5877272546186));
#2507=CARTESIAN_POINT('',(152.503863401125,3.,-7.43798275191469));
#2508=CARTESIAN_POINT('',(157.000002339482,3.,-8.00000011920929));
#2509=CARTESIAN_POINT('',(157.000002339482,3.,-3.46887124506001));
#2510=CARTESIAN_POINT('Origin',(153.000002339482,3.,-3.46887124506001));
#2511=CARTESIAN_POINT('',(157.000002339482,3.,9.));
#2512=CARTESIAN_POINT('',(157.000002339482,3.,10.0000001490116));
#2513=CARTESIAN_POINT('',(156.000002339482,3.,10.));
#2514=CARTESIAN_POINT('Origin',(156.000002339482,3.,9.));
#2515=CARTESIAN_POINT('',(117.5,3.,10.));
#2516=CARTESIAN_POINT('',(115.,3.,10.));
#2517=CARTESIAN_POINT('',(115.,3.,12.5));
#2518=CARTESIAN_POINT('Origin',(117.5,3.,12.5));
#2519=CARTESIAN_POINT('',(115.,3.,135.));
#2520=CARTESIAN_POINT('',(205.507651360566,3.,76.8366750131477));
#2521=CARTESIAN_POINT('Origin',(201.107651360566,3.,76.8366750131477));
#2522=CARTESIAN_POINT('',(125.051401360567,3.,64.8116750131479));
#2523=CARTESIAN_POINT('',(182.201401360567,3.,64.8116750131478));
#2524=CARTESIAN_POINT('',(176.100700680283,3.,64.8116750131478));
#2525=CARTESIAN_POINT('',(182.201401360567,3.,121.961675013148));
#2526=CARTESIAN_POINT('',(182.201401360567,3.,87.6421960193806));
#2527=CARTESIAN_POINT('',(125.051401360567,3.,121.961675013148));
#2528=CARTESIAN_POINT('',(147.525700680283,3.,121.961675013148));
#2529=CARTESIAN_POINT('',(125.051401360567,3.,59.0671960193806));
#2530=CARTESIAN_POINT('',(123.250001788139,3.,15.0000002235174));
#2531=CARTESIAN_POINT('Origin',(120.000001788139,3.,15.0000002235174));
#2532=CARTESIAN_POINT('',(121.500001765788,3.,131.500001959503));
#2533=CARTESIAN_POINT('Origin',(118.500001765788,3.,131.500001959503));
#2534=CARTESIAN_POINT('',(223.250003278255,3.,15.0000002235174));
#2535=CARTESIAN_POINT('Origin',(220.000003278255,3.,15.0000002235174));
#2536=CARTESIAN_POINT('',(224.500003300607,3.,131.500001959503));
#2537=CARTESIAN_POINT('Origin',(221.500003300607,3.,131.500001959503));
#2538=CARTESIAN_POINT('Origin',(158.726401360566,3.,44.9054250131476));
#2539=CARTESIAN_POINT('',(157.726401360566,0.,44.9054250131476));
#2540=CARTESIAN_POINT('',(157.726401360566,3.,44.9054250131476));
#2541=CARTESIAN_POINT('',(158.726401360566,0.,43.9054250131476));
#2542=CARTESIAN_POINT('Origin',(158.726401360566,0.,44.9054250131476));
#2543=CARTESIAN_POINT('',(158.726401360566,3.,43.9054250131476));
#2544=CARTESIAN_POINT('Origin',(157.726401360566,3.,53.4054250131476));
#2545=CARTESIAN_POINT('',(157.726401360566,0.,53.3640710193805));
#2546=CARTESIAN_POINT('Origin',(182.726401360566,3.,44.9054250131476));
#2547=CARTESIAN_POINT('',(182.726401360566,0.,43.9054250131476));
#2548=CARTESIAN_POINT('',(182.726401360566,3.,43.9054250131476));
#2549=CARTESIAN_POINT('Origin',(182.726401360566,0.,44.9054250131476));
#2550=CARTESIAN_POINT('Origin',(158.726401360566,3.,43.9054250131476));
#2551=CARTESIAN_POINT('',(164.363200680283,0.,43.9054250131476));
#2552=CARTESIAN_POINT('Origin',(201.107651360566,3.,76.8366750131477));
#2553=CARTESIAN_POINT('',(205.507651360566,0.,76.8366750131477));
#2554=CARTESIAN_POINT('',(205.507651360566,3.,76.8366750131477));
#2555=CARTESIAN_POINT('Origin',(201.107651360566,0.,76.8366750131477));
#2556=CARTESIAN_POINT('Origin',(221.500003300607,3.,131.500001959503));
#2557=CARTESIAN_POINT('',(224.500003300607,0.5,131.500001959503));
#2558=CARTESIAN_POINT('',(224.500003300607,3.,131.500001959503));
#2559=CARTESIAN_POINT('Origin',(221.500003300607,0.5,131.500001959503));
#2560=CARTESIAN_POINT('Origin',(221.500003300607,0.5,131.500001959503));
#2561=CARTESIAN_POINT('',(223.850003300607,0.5,131.500001959503));
#2562=CARTESIAN_POINT('Origin',(221.500003300607,0.5,131.500001959503));
#2563=CARTESIAN_POINT('Origin',(220.000003278255,3.,15.0000002235174));
#2564=CARTESIAN_POINT('',(223.250003278255,0.5,15.0000002235174));
#2565=CARTESIAN_POINT('',(223.250003278255,3.,15.0000002235174));
#2566=CARTESIAN_POINT('Origin',(220.000003278255,0.5,15.0000002235174));
#2567=CARTESIAN_POINT('Origin',(220.000003278255,0.5,15.0000002235174));
#2568=CARTESIAN_POINT('',(222.350003278255,0.5,15.0000002235174));
#2569=CARTESIAN_POINT('Origin',(220.000003278255,0.5,15.0000002235174));
#2570=CARTESIAN_POINT('Origin',(118.500001765788,3.,131.500001959503));
#2571=CARTESIAN_POINT('',(121.500001765788,0.5,131.500001959503));
#2572=CARTESIAN_POINT('',(121.500001765788,3.,131.500001959503));
#2573=CARTESIAN_POINT('Origin',(118.500001765788,0.5,131.500001959503));
#2574=CARTESIAN_POINT('Origin',(118.500001765788,0.5,131.500001959503));
#2575=CARTESIAN_POINT('',(120.850001765788,0.5,131.500001959503));
#2576=CARTESIAN_POINT('Origin',(118.500001765788,0.5,131.500001959503));
#2577=CARTESIAN_POINT('Origin',(120.000001788139,3.,15.0000002235174));
#2578=CARTESIAN_POINT('',(123.250001788139,0.5,15.0000002235174));
#2579=CARTESIAN_POINT('',(123.250001788139,3.,15.0000002235174));
#2580=CARTESIAN_POINT('Origin',(120.000001788139,0.5,15.0000002235174));
#2581=CARTESIAN_POINT('Origin',(120.000001788139,0.5,15.0000002235174));
#2582=CARTESIAN_POINT('',(122.350001788139,0.5,15.0000002235174));
#2583=CARTESIAN_POINT('Origin',(120.000001788139,0.5,15.0000002235174));
#2584=CARTESIAN_POINT('Origin',(125.051401360567,-1.99000000000566,121.961675013148));
#2585=CARTESIAN_POINT('',(125.051401360567,0.,121.961675013148));
#2586=CARTESIAN_POINT('',(182.201401360567,0.,121.961675013148));
#2587=CARTESIAN_POINT('',(147.525700680283,0.,121.961675013148));
#2588=CARTESIAN_POINT('',(125.051401360567,-1.99000000000566,121.961675013148));
#2589=CARTESIAN_POINT('',(182.201401360567,-1.99000000000566,121.961675013148));
#2590=CARTESIAN_POINT('Origin',(182.201401360567,-1.99000000000566,121.961675013148));
#2591=CARTESIAN_POINT('',(182.201401360567,0.,64.8116750131478));
#2592=CARTESIAN_POINT('',(182.201401360567,0.,87.6421960193806));
#2593=CARTESIAN_POINT('',(182.201401360567,-1.99000000000567,64.8116750131478));
#2594=CARTESIAN_POINT('Origin',(182.201401360567,-1.99000000000567,64.8116750131478));
#2595=CARTESIAN_POINT('',(125.051401360567,0.,64.8116750131479));
#2596=CARTESIAN_POINT('',(176.100700680283,0.,64.8116750131478));
#2597=CARTESIAN_POINT('',(125.051401360567,-1.99000000000567,64.8116750131479));
#2598=CARTESIAN_POINT('Origin',(125.051401360567,-1.99000000000567,64.8116750131479));
#2599=CARTESIAN_POINT('',(125.051401360567,0.,59.0671960193806));
#2600=CARTESIAN_POINT('Origin',(118.500001765788,1.,131.500001959503));
#2601=CARTESIAN_POINT('',(120.850001765788,8.32667268468867E-16,131.500001959503));
#2602=CARTESIAN_POINT('',(120.850001765788,1.,131.500001959503));
#2603=CARTESIAN_POINT('Origin',(118.500001765788,0.,131.500001959503));
#2604=CARTESIAN_POINT('Origin',(120.000001788139,1.,15.0000002235174));
#2605=CARTESIAN_POINT('',(122.350001788139,8.32667268468867E-16,15.0000002235174));
#2606=CARTESIAN_POINT('',(122.350001788139,1.,15.0000002235174));
#2607=CARTESIAN_POINT('Origin',(120.000001788139,0.,15.0000002235174));
#2608=CARTESIAN_POINT('Origin',(221.500003300607,1.,131.500001959503));
#2609=CARTESIAN_POINT('',(223.850003300607,8.32667268468867E-16,131.500001959503));
#2610=CARTESIAN_POINT('',(223.850003300607,1.,131.500001959503));
#2611=CARTESIAN_POINT('Origin',(221.500003300607,0.,131.500001959503));
#2612=CARTESIAN_POINT('Origin',(220.000003278255,1.,15.0000002235174));
#2613=CARTESIAN_POINT('',(222.350003278255,8.32667268468867E-16,15.0000002235174));
#2614=CARTESIAN_POINT('',(222.350003278255,1.,15.0000002235174));
#2615=CARTESIAN_POINT('Origin',(220.000003278255,0.,15.0000002235174));
#2616=CARTESIAN_POINT('Origin',(117.5,0.,132.5));
#2617=CARTESIAN_POINT('',(115.,0.,132.5));
#2618=CARTESIAN_POINT('',(115.,0.,132.5));
#2619=CARTESIAN_POINT('',(117.5,0.,135.));
#2620=CARTESIAN_POINT('Origin',(117.5,0.,132.5));
#2621=CARTESIAN_POINT('',(117.5,0.,135.));
#2622=CARTESIAN_POINT('Origin',(170.,0.,53.3227170256133));
#2623=CARTESIAN_POINT('',(115.,0.,12.5));
#2624=CARTESIAN_POINT('',(115.,0.,135.));
#2625=CARTESIAN_POINT('',(117.5,0.,10.));
#2626=CARTESIAN_POINT('Origin',(117.5,0.,12.5));
#2627=CARTESIAN_POINT('',(156.000002339482,0.,10.));
#2628=CARTESIAN_POINT('',(115.,0.,10.));
#2629=CARTESIAN_POINT('',(157.000002339482,0.,9.));
#2630=CARTESIAN_POINT('Origin',(156.000002339482,0.,9.));
#2631=CARTESIAN_POINT('',(157.000002339482,0.,-3.46887124506001));
#2632=CARTESIAN_POINT('',(157.000002339482,0.,10.0000001490116));
#2633=CARTESIAN_POINT('',(152.503863401125,0.,-7.43798275191469));
#2634=CARTESIAN_POINT('Origin',(153.000002339482,0.,-3.46887124506001));
#2635=CARTESIAN_POINT('',(146.715222335535,1.52655665885959E-15,-6.71440261871592));
#2636=CARTESIAN_POINT('',(157.000002339482,0.,-8.00000011920929));
#2637=CARTESIAN_POINT('',(139.603070309761,1.11022302462516E-15,-11.5877272546186));
#2638=CARTESIAN_POINT('Ctrl Pts',(139.603070309761,8.58495305259971E-17,
-11.5877272546186));
#2639=CARTESIAN_POINT('Ctrl Pts',(139.832816446941,1.00558317793743E-16,
-10.6687427058988));
#2640=CARTESIAN_POINT('Ctrl Pts',(140.211516410241,1.35307187255466E-16,
-9.81020398090135));
#2641=CARTESIAN_POINT('Ctrl Pts',(140.739171452399,1.91235543773859E-16,
-9.08328948710141));
#2642=CARTESIAN_POINT('Ctrl Pts',(141.266826494557,2.47163900292252E-16,
-8.35637499330147));
#2643=CARTESIAN_POINT('Ctrl Pts',(141.943436615573,3.24271743867314E-16,
-7.76108473069903));
#2644=CARTESIAN_POINT('Ctrl Pts',(142.72491333268,4.17773211711385E-16,
-7.35111251803835));
#2645=CARTESIAN_POINT('Ctrl Pts',(143.897128408342,5.58025413477492E-16,
-6.73615419904732));
#2646=CARTESIAN_POINT('Ctrl Pts',(145.30529332521,7.3516326984887E-16,-6.53816149242524));
#2647=CARTESIAN_POINT('Ctrl Pts',(146.715222335535,9.18516798994865E-16,
-6.71440261871592));
#2648=CARTESIAN_POINT('',(133.121269794373,0.,-37.5149293161715));
#2649=CARTESIAN_POINT('',(141.000002101064,0.,-6.00000008940697));
#2650=CARTESIAN_POINT('',(133.485073231927,0.,-38.1212683787623));
#2651=CARTESIAN_POINT('Origin',(133.606341044445,0.,-37.6361971286896));
#2652=CARTESIAN_POINT('',(134.128863634264,0.,-38.2822159793465));
#2653=CARTESIAN_POINT('',(133.000001981854,0.,-38.0000005662441));
#2654=CARTESIAN_POINT('',(134.619400166627,0.,-38.1342509625955));
#2655=CARTESIAN_POINT('Origin',(134.250131446782,0.,-37.7971447292739));
#2656=CARTESIAN_POINT('',(152.157469856432,0.,-18.9229166627582));
#2657=CARTESIAN_POINT('',(134.418272154645,0.,-38.3545681094417));
#2658=CARTESIAN_POINT('',(154.198877383794,0.,-18.3526105929022));
#2659=CARTESIAN_POINT('Origin',(153.634544735811,0.,-20.2713415960447));
#2660=CARTESIAN_POINT('',(165.905366930649,0.,-21.7956957537419));
#2661=CARTESIAN_POINT('',(153.000002279878,0.,-18.0000002682209));
#2662=CARTESIAN_POINT('',(172.480765701839,0.,-19.5269319066288));
#2663=CARTESIAN_POINT('Origin',(167.598364874598,0.,-16.0395027443143));
#2664=CARTESIAN_POINT('',(176.078462011972,0.,-14.4901570724429));
#2665=CARTESIAN_POINT('',(170.000002533197,0.,-23.0000003427267));
#2666=CARTESIAN_POINT('',(181.903743226553,0.,-2.52728228334109));
#2667=CARTESIAN_POINT('Origin',(143.529123163702,0.,8.75937067632091));
#2668=CARTESIAN_POINT('',(185.377110464004,0.,9.28216632399155));
#2669=CARTESIAN_POINT('',(180.000002682209,0.,-9.00000013411045));
#2670=CARTESIAN_POINT('',(186.336475965575,0.,10.));
#2671=CARTESIAN_POINT('Origin',(186.336475965575,0.,9.));
#2672=CARTESIAN_POINT('',(222.5,0.,10.));
#2673=CARTESIAN_POINT('',(115.,0.,10.));
#2674=CARTESIAN_POINT('',(225.,0.,12.5));
#2675=CARTESIAN_POINT('Origin',(222.5,0.,12.5));
#2676=CARTESIAN_POINT('',(225.,0.,132.5));
#2677=CARTESIAN_POINT('',(225.,0.,10.));
#2678=CARTESIAN_POINT('',(222.5,0.,135.));
#2679=CARTESIAN_POINT('Origin',(222.5,0.,132.5));
#2680=CARTESIAN_POINT('',(205.000005066395,0.,135.));
#2681=CARTESIAN_POINT('',(225.,0.,135.));
#2682=CARTESIAN_POINT('',(195.000002905726,0.,145.000002160668));
#2683=CARTESIAN_POINT('',(195.000002905726,0.,145.000002160668));
#2684=CARTESIAN_POINT('',(145.000002160668,0.,145.000002160668));
#2685=CARTESIAN_POINT('',(145.000002160668,0.,145.000002160668));
#2686=CARTESIAN_POINT('',(135.000002011657,0.,135.000002011657));
#2687=CARTESIAN_POINT('',(135.000002011657,0.,135.000002011657));
#2688=CARTESIAN_POINT('',(225.,0.,135.));
#2689=CARTESIAN_POINT('Origin',(115.,0.,10.));
#2690=CARTESIAN_POINT('',(115.,0.,12.5));
#2691=CARTESIAN_POINT('Origin',(117.5,0.,12.5));
#2692=CARTESIAN_POINT('',(117.5,0.,10.));
#2693=CARTESIAN_POINT('Origin',(222.5,0.,12.5));
#2694=CARTESIAN_POINT('',(225.,0.,12.5));
#2695=CARTESIAN_POINT('',(222.5,0.,10.));
#2696=CARTESIAN_POINT('Origin',(225.,0.,135.));
#2697=CARTESIAN_POINT('',(225.,0.,132.5));
#2698=CARTESIAN_POINT('Origin',(222.5,0.,132.5));
#2699=CARTESIAN_POINT('',(222.5,0.,135.));
#2700=CARTESIAN_POINT('Origin',(156.000002339482,0.,9.));
#2701=CARTESIAN_POINT('',(156.000002339482,0.,10.));
#2702=CARTESIAN_POINT('',(157.000002339482,0.,9.));
#2703=CARTESIAN_POINT('Origin',(157.000002339482,0.,10.));
#2704=CARTESIAN_POINT('Origin',(186.336475965575,0.,9.));
#2705=CARTESIAN_POINT('',(185.377110464004,0.,9.28216632399155));
#2706=CARTESIAN_POINT('',(186.336475965575,0.,10.));
#2707=CARTESIAN_POINT('Origin',(185.588238015771,0.,10.));
#2708=CARTESIAN_POINT('',(181.903743226553,0.,-2.5272822833411));
#2709=CARTESIAN_POINT('Origin',(143.529123163702,0.,8.75937067632091));
#2710=CARTESIAN_POINT('',(176.078462011972,0.,-14.4901570724429));
#2711=CARTESIAN_POINT('Origin',(180.000002682209,0.,-9.00000013411045));
#2712=CARTESIAN_POINT('',(172.480765701839,0.,-19.5269319066288));
#2713=CARTESIAN_POINT('Origin',(133.606341044445,0.,-37.6361971286896));
#2714=CARTESIAN_POINT('',(133.485073231927,0.,-38.1212683787623));
#2715=CARTESIAN_POINT('',(133.121269794373,0.,-37.5149293161715));
#2716=CARTESIAN_POINT('Origin',(133.000001981854,0.,-38.0000005662441));
#2717=CARTESIAN_POINT('Ctrl Pts',(139.603070309761,3.,-11.5877272546186));
#2718=CARTESIAN_POINT('Ctrl Pts',(139.603070309761,2.,-11.5877272546186));
#2719=CARTESIAN_POINT('Ctrl Pts',(139.603070309761,1.,-11.5877272546186));
#2720=CARTESIAN_POINT('Ctrl Pts',(139.603070309761,-1.11022302462516E-15,
-11.5877272546186));
#2721=CARTESIAN_POINT('Origin',(134.250131446782,0.,-37.7971447292739));
#2722=CARTESIAN_POINT('',(134.619400166627,0.,-38.1342509625955));
#2723=CARTESIAN_POINT('',(134.128863634264,0.,-38.2822159793465));
#2724=CARTESIAN_POINT('Origin',(153.000002279878,0.,-18.0000002682209));
#2725=CARTESIAN_POINT('',(152.157469856432,0.,-18.9229166627582));
#2726=CARTESIAN_POINT('Origin',(153.634544735811,0.,-20.2713415960447));
#2727=CARTESIAN_POINT('',(154.198877383794,0.,-18.3526105929022));
#2728=CARTESIAN_POINT('Origin',(167.598364874598,0.,-16.0395027443143));
#2729=CARTESIAN_POINT('',(165.905366930649,0.,-21.7956957537419));
#2730=CARTESIAN_POINT('Origin',(170.000002533197,0.,-23.0000003427267));
#2731=CARTESIAN_POINT('Origin',(153.000002339482,0.,-3.46887124506001));
#2732=CARTESIAN_POINT('',(157.000002339482,0.,-3.46887124506001));
#2733=CARTESIAN_POINT('',(152.503863401125,0.,-7.43798275191469));
#2734=CARTESIAN_POINT('Origin',(157.000002339482,0.,-8.00000011920929));
#2735=CARTESIAN_POINT('Ctrl Pts',(139.603070309761,-1.11022302462516E-15,
-11.5877272546186));
#2736=CARTESIAN_POINT('Ctrl Pts',(139.603070309761,1.,-11.5877272546186));
#2737=CARTESIAN_POINT('Ctrl Pts',(139.603070309761,2.,-11.5877272546186));
#2738=CARTESIAN_POINT('Ctrl Pts',(139.603070309761,3.,-11.5877272546186));
#2739=CARTESIAN_POINT('Ctrl Pts',(139.832816446941,-1.09551423735741E-15,
-10.6687427058988));
#2740=CARTESIAN_POINT('Ctrl Pts',(139.832816446941,1.,-10.6687427058988));
#2741=CARTESIAN_POINT('Ctrl Pts',(139.832816446941,2.,-10.6687427058988));
#2742=CARTESIAN_POINT('Ctrl Pts',(139.832816446941,3.,-10.6687427058988));
#2743=CARTESIAN_POINT('Ctrl Pts',(140.590216373542,-1.02601649843396E-15,
-8.9516652559039));
#2744=CARTESIAN_POINT('Ctrl Pts',(140.590216373542,0.999999999999998,-8.9516652559039));
#2745=CARTESIAN_POINT('Ctrl Pts',(140.590216373542,2.00000000000001,-8.9516652559039));
#2746=CARTESIAN_POINT('Ctrl Pts',(140.590216373542,3.,-8.9516652559039));
#2747=CARTESIAN_POINT('Ctrl Pts',(142.958351797096,-7.5613904592125E-16,
-6.86814933679538));
#2748=CARTESIAN_POINT('Ctrl Pts',(142.958351797096,1.,-6.86814933679538));
#2749=CARTESIAN_POINT('Ctrl Pts',(142.958351797096,2.,-6.86814933679538));
#2750=CARTESIAN_POINT('Ctrl Pts',(142.958351797096,3.,-6.86814933679538));
#2751=CARTESIAN_POINT('Ctrl Pts',(145.30529332521,-4.60909285302281E-16,
-6.53816149242524));
#2752=CARTESIAN_POINT('Ctrl Pts',(145.30529332521,0.999999999999998,-6.53816149242524));
#2753=CARTESIAN_POINT('Ctrl Pts',(145.30529332521,2.,-6.53816149242524));
#2754=CARTESIAN_POINT('Ctrl Pts',(145.30529332521,3.,-6.53816149242524));
#2755=CARTESIAN_POINT('Ctrl Pts',(146.715222335535,-2.77555756156289E-16,
-6.71440261871592));
#2756=CARTESIAN_POINT('Ctrl Pts',(146.715222335535,1.,-6.71440261871592));
#2757=CARTESIAN_POINT('Ctrl Pts',(146.715222335535,2.,-6.71440261871592));
#2758=CARTESIAN_POINT('Ctrl Pts',(146.715222335535,3.,-6.71440261871592));
#2759=CARTESIAN_POINT('Ctrl Pts',(146.715222335535,-2.77555756156289E-16,
-6.71440261871592));
#2760=CARTESIAN_POINT('Ctrl Pts',(146.715222335535,1.,-6.71440261871592));
#2761=CARTESIAN_POINT('Ctrl Pts',(146.715222335535,2.,-6.71440261871592));
#2762=CARTESIAN_POINT('Ctrl Pts',(146.715222335535,3.,-6.71440261871592));
#2763=CARTESIAN_POINT('Origin',(115.,0.,135.));
#2764=CARTESIAN_POINT('',(135.000002011657,0.,135.000002011657));
#2765=CARTESIAN_POINT('Origin',(141.000002101064,0.,-6.00000008940697));
#2766=CARTESIAN_POINT('Origin',(134.418272154645,0.,-38.3545681094417));
#2767=CARTESIAN_POINT('Origin',(225.,0.,10.));
#2768=CARTESIAN_POINT('Origin',(205.000005066395,0.,135.));
#2769=CARTESIAN_POINT('',(205.000005066395,0.,135.));
#2770=CARTESIAN_POINT('Origin',(195.000002905726,0.,145.000002160668));
#2771=CARTESIAN_POINT('',(195.000002905726,0.,145.000002160668));
#2772=CARTESIAN_POINT('Origin',(145.000002160668,0.,145.000002160668));
#2773=CARTESIAN_POINT('',(145.000002160668,0.,145.000002160668));
#2774=CARTESIAN_POINT('Origin',(135.000002011657,0.,135.000002011657));
#2775=UNCERTAINTY_MEASURE_WITH_UNIT(LENGTH_MEASURE(0.01),#2779,
'DISTANCE_ACCURACY_VALUE',
'Maximum model space distance between geometric entities at asserted c
onnectivities');
#2776=UNCERTAINTY_MEASURE_WITH_UNIT(LENGTH_MEASURE(0.01),#2779,
'DISTANCE_ACCURACY_VALUE',
'Maximum model space distance between geometric entities at asserted c
onnectivities');
#2777=(
GEOMETRIC_REPRESENTATION_CONTEXT(3)
GLOBAL_UNCERTAINTY_ASSIGNED_CONTEXT((#2775))
GLOBAL_UNIT_ASSIGNED_CONTEXT((#2779,#2781,#2782))
REPRESENTATION_CONTEXT('','3D')
);
#2778=(
GEOMETRIC_REPRESENTATION_CONTEXT(3)
GLOBAL_UNCERTAINTY_ASSIGNED_CONTEXT((#2776))
GLOBAL_UNIT_ASSIGNED_CONTEXT((#2779,#2781,#2782))
REPRESENTATION_CONTEXT('','3D')
);
#2779=(
LENGTH_UNIT()
NAMED_UNIT(*)
SI_UNIT(.MILLI.,.METRE.)
);
#2780=(
LENGTH_UNIT()
NAMED_UNIT(*)
SI_UNIT($,.METRE.)
);
#2781=(
NAMED_UNIT(*)
PLANE_ANGLE_UNIT()
SI_UNIT($,.RADIAN.)
);
#2782=(
NAMED_UNIT(*)
SI_UNIT($,.STERADIAN.)
SOLID_ANGLE_UNIT()
);
#2783=SHAPE_DEFINITION_REPRESENTATION(#2784,#2785);
#2784=PRODUCT_DEFINITION_SHAPE('',$,#2787);
#2785=SHAPE_REPRESENTATION('',(#1583),#2777);
#2786=PRODUCT_DEFINITION_CONTEXT('part definition',#2791,'design');
#2787=PRODUCT_DEFINITION('top','top',#2788,#2786);
#2788=PRODUCT_DEFINITION_FORMATION('',$,#2793);
#2789=PRODUCT_RELATED_PRODUCT_CATEGORY('top','top',(#2793));
#2790=APPLICATION_PROTOCOL_DEFINITION('international standard',
'automotive_design',2009,#2791);
#2791=APPLICATION_CONTEXT(
'Core Data for Automotive Mechanical Design Process');
#2792=PRODUCT_CONTEXT('part definition',#2791,'mechanical');
#2793=PRODUCT('top','top',$,(#2792));
#2794=PRESENTATION_STYLE_ASSIGNMENT((#2796));
#2795=PRESENTATION_STYLE_ASSIGNMENT((#2797));
#2796=SURFACE_STYLE_USAGE(.BOTH.,#2798);
#2797=SURFACE_STYLE_USAGE(.BOTH.,#2799);
#2798=SURFACE_SIDE_STYLE('',(#2800));
#2799=SURFACE_SIDE_STYLE('',(#2801));
#2800=SURFACE_STYLE_FILL_AREA(#2802);
#2801=SURFACE_STYLE_FILL_AREA(#2803);
#2802=FILL_AREA_STYLE('Steel - Satin',(#2804));
#2803=FILL_AREA_STYLE('Copper - Polished',(#2805));
#2804=FILL_AREA_STYLE_COLOUR('Steel - Satin',#2806);
#2805=FILL_AREA_STYLE_COLOUR('Copper - Polished',#2807);
#2806=COLOUR_RGB('Steel - Satin',0.627450980392157,0.627450980392157,0.627450980392157);
#2807=COLOUR_RGB('Copper - Polished',0.925490196078431,0.509803921568627,
0.380392156862745);
ENDSEC;
END-ISO-10303-21;
