ISO-10303-21;
HEADER;
FILE_DESCRIPTION(('KiCad electronic assembly'),'2;1');
FILE_NAME('.step','2026-07-25T16:47:11',('Pcbnew'),('Kicad'),
  'Open CASCADE STEP processor 7.9','KiCad to STEP converter','Unknown'
  );
FILE_SCHEMA(('AUTOMOTIVE_DESIGN { 1 0 10303 214 1 1 1 1 }'));
ENDSEC;
DATA;
#1 = APPLICATION_PROTOCOL_DEFINITION('international standard',
  'automotive_design',2000,#2);
#2 = APPLICATION_CONTEXT(
  'core data for automotive mechanical design processes');
#3 = SHAPE_DEFINITION_REPRESENTATION(#4,#10);
#4 = PRODUCT_DEFINITION_SHAPE('','',#5);
#5 = PRODUCT_DEFINITION('design','',#6,#9);
#6 = PRODUCT_DEFINITION_FORMATION('','',#7);
#7 = PRODUCT('.step 1','.step 1','',(#8));
#8 = PRODUCT_CONTEXT('',#2,'mechanical');
#9 = PRODUCT_DEFINITION_CONTEXT('part definition',#2,'design');
#10 = SHAPE_REPRESENTATION('',(#11,#15,#19,#23,#27,#31,#35,#39,#43,#47,
    #51),#55);
#11 = AXIS2_PLACEMENT_3D('',#12,#13,#14);
#12 = CARTESIAN_POINT('',(0.,0.,0.));
#13 = DIRECTION('',(0.,0.,1.));
#14 = DIRECTION('',(1.,0.,-0.));
#15 = AXIS2_PLACEMENT_3D('',#16,#17,#18);
#16 = CARTESIAN_POINT('',(145.25625,-102.39375,-8.5E-02));
#17 = DIRECTION('',(-1.224646799147E-16,-1.359631073447E-32,-1.));
#18 = DIRECTION('',(1.110223024625E-16,-1.,0.));
#19 = AXIS2_PLACEMENT_3D('',#20,#21,#22);
#20 = CARTESIAN_POINT('',(164.30625,-121.44375,-8.5E-02));
#21 = DIRECTION('',(-1.224646799147E-16,-1.359631073447E-32,-1.));
#22 = DIRECTION('',(1.110223024625E-16,-1.,0.));
#23 = AXIS2_PLACEMENT_3D('',#24,#25,#26);
#24 = CARTESIAN_POINT('',(126.20625,-102.39375,-8.5E-02));
#25 = DIRECTION('',(-1.224646799147E-16,-1.359631073447E-32,-1.));
#26 = DIRECTION('',(1.110223024625E-16,-1.,0.));
#27 = AXIS2_PLACEMENT_3D('',#28,#29,#30);
#28 = CARTESIAN_POINT('',(164.30625,-140.49375,-8.5E-02));
#29 = DIRECTION('',(-1.224646799147E-16,-1.359631073447E-32,-1.));
#30 = DIRECTION('',(1.110223024625E-16,-1.,0.));
#31 = AXIS2_PLACEMENT_3D('',#32,#33,#34);
#32 = CARTESIAN_POINT('',(164.30625,-102.39375,-8.5E-02));
#33 = DIRECTION('',(-1.224646799147E-16,-1.359631073447E-32,-1.));
#34 = DIRECTION('',(1.110223024625E-16,-1.,0.));
#35 = AXIS2_PLACEMENT_3D('',#36,#37,#38);
#36 = CARTESIAN_POINT('',(126.20625,-140.49375,-8.5E-02));
#37 = DIRECTION('',(-1.224646799147E-16,-1.359631073447E-32,-1.));
#38 = DIRECTION('',(1.110223024625E-16,-1.,0.));
#39 = AXIS2_PLACEMENT_3D('',#40,#41,#42);
#40 = CARTESIAN_POINT('',(145.25625,-140.49375,-8.5E-02));
#41 = DIRECTION('',(-1.224646799147E-16,-1.359631073447E-32,-1.));
#42 = DIRECTION('',(1.110223024625E-16,-1.,0.));
#43 = AXIS2_PLACEMENT_3D('',#44,#45,#46);
#44 = CARTESIAN_POINT('',(145.25625,-121.44375,-8.5E-02));
#45 = DIRECTION('',(-1.224646799147E-16,-1.359631073447E-32,-1.));
#46 = DIRECTION('',(1.110223024625E-16,-1.,0.));
#47 = AXIS2_PLACEMENT_3D('',#48,#49,#50);
#48 = CARTESIAN_POINT('',(126.20625,-121.44375,-8.5E-02));
#49 = DIRECTION('',(-1.224646799147E-16,-1.359631073447E-32,-1.));
#50 = DIRECTION('',(1.110223024625E-16,-1.,0.));
#51 = AXIS2_PLACEMENT_3D('',#52,#53,#54);
#52 = CARTESIAN_POINT('',(0.,0.,0.));
#53 = DIRECTION('',(0.,0.,1.));
#54 = DIRECTION('',(1.,0.,-0.));
#55 = ( GEOMETRIC_REPRESENTATION_CONTEXT(3) 
GLOBAL_UNCERTAINTY_ASSIGNED_CONTEXT((#59)) GLOBAL_UNIT_ASSIGNED_CONTEXT(
(#56,#57,#58)) REPRESENTATION_CONTEXT('Context #1',
  '3D Context with UNIT and UNCERTAINTY') );
#56 = ( LENGTH_UNIT() NAMED_UNIT(*) SI_UNIT(.MILLI.,.METRE.) );
#57 = ( NAMED_UNIT(*) PLANE_ANGLE_UNIT() SI_UNIT($,.RADIAN.) );
#58 = ( NAMED_UNIT(*) SI_UNIT($,.STERADIAN.) SOLID_ANGLE_UNIT() );
#59 = UNCERTAINTY_MEASURE_WITH_UNIT(LENGTH_MEASURE(1.E-07),#56,
  'distance_accuracy_value','confusion accuracy');
#60 = PRODUCT_RELATED_PRODUCT_CATEGORY('part',$,(#7));
#61 = SHAPE_DEFINITION_REPRESENTATION(#62,#68);
#62 = PRODUCT_DEFINITION_SHAPE('','',#63);
#63 = PRODUCT_DEFINITION('design','',#64,#67);
#64 = PRODUCT_DEFINITION_FORMATION('','',#65);
#65 = PRODUCT('D_DO-35_SOD27_P7.62mm_Horizontal',
  'D_DO-35_SOD27_P7.62mm_Horizontal','',(#66));
#66 = PRODUCT_CONTEXT('',#2,'mechanical');
#67 = PRODUCT_DEFINITION_CONTEXT('part definition',#2,'design');
#68 = SHAPE_REPRESENTATION('',(#11,#69),#73);
#69 = AXIS2_PLACEMENT_3D('',#70,#71,#72);
#70 = CARTESIAN_POINT('',(0.,0.,0.));
#71 = DIRECTION('',(0.,0.,1.));
#72 = DIRECTION('',(1.,0.,-0.));
#73 = ( GEOMETRIC_REPRESENTATION_CONTEXT(3) 
GLOBAL_UNCERTAINTY_ASSIGNED_CONTEXT((#77)) GLOBAL_UNIT_ASSIGNED_CONTEXT(
(#74,#75,#76)) REPRESENTATION_CONTEXT('Context #1',
  '3D Context with UNIT and UNCERTAINTY') );
#74 = ( LENGTH_UNIT() NAMED_UNIT(*) SI_UNIT(.MILLI.,.METRE.) );
#75 = ( NAMED_UNIT(*) PLANE_ANGLE_UNIT() SI_UNIT($,.RADIAN.) );
#76 = ( NAMED_UNIT(*) SI_UNIT($,.STERADIAN.) SOLID_ANGLE_UNIT() );
#77 = UNCERTAINTY_MEASURE_WITH_UNIT(LENGTH_MEASURE(1.E-07),#74,
  'distance_accuracy_value','confusion accuracy');
#78 = CONTEXT_DEPENDENT_SHAPE_REPRESENTATION(#79,#81);
#79 = ( REPRESENTATION_RELATIONSHIP('','',#68,#10) 
REPRESENTATION_RELATIONSHIP_WITH_TRANSFORMATION(#80) 
SHAPE_REPRESENTATION_RELATIONSHIP() );
#80 = ITEM_DEFINED_TRANSFORMATION('','',#11,#15);
#81 = PRODUCT_DEFINITION_SHAPE('Placement','Placement of an item',#82);
#82 = NEXT_ASSEMBLY_USAGE_OCCURRENCE('2','D4','',#5,#63,$);
#83 = PRODUCT_RELATED_PRODUCT_CATEGORY('part',$,(#65));
#84 = SHAPE_DEFINITION_REPRESENTATION(#85,#91);
#85 = PRODUCT_DEFINITION_SHAPE('','',#86);
#86 = PRODUCT_DEFINITION('design','',#87,#90);
#87 = PRODUCT_DEFINITION_FORMATION('','',#88);
#88 = PRODUCT('D_DO-35_SOD27_P7.62mm_Horizontal',
  'D_DO-35_SOD27_P7.62mm_Horizontal','',(#89));
#89 = PRODUCT_CONTEXT('',#2,'mechanical');
#90 = PRODUCT_DEFINITION_CONTEXT('part definition',#2,'design');
#91 = SHAPE_REPRESENTATION('',(#11,#92,#247),#442);
#92 = MANIFOLD_SOLID_BREP('',#93);
#93 = CLOSED_SHELL('',(#94,#127,#153,#178,#204,#229,#238));
#94 = ADVANCED_FACE('',(#95),#122,.T.);
#95 = FACE_BOUND('',#96,.T.);
#96 = EDGE_LOOP('',(#97,#107,#114,#115));
#97 = ORIENTED_EDGE('',*,*,#98,.T.);
#98 = EDGE_CURVE('',#99,#101,#103,.T.);
#99 = VERTEX_POINT('',#100);
#100 = CARTESIAN_POINT('',(0.25,0.,-2.5));
#101 = VERTEX_POINT('',#102);
#102 = CARTESIAN_POINT('',(0.25,1.E-15,1.));
#103 = LINE('',#104,#105);
#104 = CARTESIAN_POINT('',(0.25,6.7E-16,1.));
#105 = VECTOR('',#106,1.);
#106 = DIRECTION('',(0.,2.2E-16,1.));
#107 = ORIENTED_EDGE('',*,*,#108,.F.);
#108 = EDGE_CURVE('',#101,#101,#109,.T.);
#109 = CIRCLE('',#110,0.25);
#110 = AXIS2_PLACEMENT_3D('',#111,#112,#113);
#111 = CARTESIAN_POINT('',(0.,6.7E-16,1.));
#112 = DIRECTION('',(-0.,2.2E-16,1.));
#113 = DIRECTION('',(1.,0.,0.));
#114 = ORIENTED_EDGE('',*,*,#98,.F.);
#115 = ORIENTED_EDGE('',*,*,#116,.T.);
#116 = EDGE_CURVE('',#99,#99,#117,.T.);
#117 = CIRCLE('',#118,0.25);
#118 = AXIS2_PLACEMENT_3D('',#119,#120,#121);
#119 = CARTESIAN_POINT('',(0.,-1.1E-16,-2.5));
#120 = DIRECTION('',(-0.,2.2E-16,1.));
#121 = DIRECTION('',(1.,0.,0.));
#122 = CYLINDRICAL_SURFACE('',#123,0.25);
#123 = AXIS2_PLACEMENT_3D('',#124,#125,#126);
#124 = CARTESIAN_POINT('',(0.,6.7E-16,1.));
#125 = DIRECTION('',(0.,2.2E-16,1.));
#126 = DIRECTION('',(1.,0.,-0.));
#127 = ADVANCED_FACE('',(#128),#148,.T.);
#128 = FACE_BOUND('',#129,.T.);
#129 = EDGE_LOOP('',(#130,#139,#146,#147));
#130 = ORIENTED_EDGE('',*,*,#131,.T.);
#131 = EDGE_CURVE('',#101,#132,#134,.T.);
#132 = VERTEX_POINT('',#133);
#133 = CARTESIAN_POINT('',(0.5,1.E-15,1.25));
#134 = CIRCLE('',#135,0.25);
#135 = AXIS2_PLACEMENT_3D('',#136,#137,#138);
#136 = CARTESIAN_POINT('',(0.5,7.6E-16,1.));
#137 = DIRECTION('',(0.,1.,-2.2E-16));
#138 = DIRECTION('',(1.,0.,0.));
#139 = ORIENTED_EDGE('',*,*,#140,.T.);
#140 = EDGE_CURVE('',#132,#132,#141,.T.);
#141 = CIRCLE('',#142,0.25);
#142 = AXIS2_PLACEMENT_3D('',#143,#144,#145);
#143 = CARTESIAN_POINT('',(0.5,7.8E-16,1.5));
#144 = DIRECTION('',(-1.,0.,-1.8E-16));
#145 = DIRECTION('',(-1.8E-16,2.2E-16,1.));
#146 = ORIENTED_EDGE('',*,*,#131,.F.);
#147 = ORIENTED_EDGE('',*,*,#108,.T.);
#148 = TOROIDAL_SURFACE('',#149,0.5,0.25);
#149 = AXIS2_PLACEMENT_3D('',#150,#151,#152);
#150 = CARTESIAN_POINT('',(0.5,6.7E-16,1.));
#151 = DIRECTION('',(0.,1.,-2.2E-16));
#152 = DIRECTION('',(1.,0.,0.));
#153 = ADVANCED_FACE('',(#154),#173,.T.);
#154 = FACE_BOUND('',#155,.T.);
#155 = EDGE_LOOP('',(#156,#164,#171,#172));
#156 = ORIENTED_EDGE('',*,*,#157,.T.);
#157 = EDGE_CURVE('',#132,#158,#160,.T.);
#158 = VERTEX_POINT('',#159);
#159 = CARTESIAN_POINT('',(7.12,1.E-15,1.25));
#160 = LINE('',#161,#162);
#161 = CARTESIAN_POINT('',(0.5,7.2E-16,1.25));
#162 = VECTOR('',#163,1.);
#163 = DIRECTION('',(1.,0.,0.));
#164 = ORIENTED_EDGE('',*,*,#165,.F.);
#165 = EDGE_CURVE('',#158,#158,#166,.T.);
#166 = CIRCLE('',#167,0.25);
#167 = AXIS2_PLACEMENT_3D('',#168,#169,#170);
#168 = CARTESIAN_POINT('',(7.12,7.8E-16,1.5));
#169 = DIRECTION('',(1.,0.,0.));
#170 = DIRECTION('',(0.,-2.2E-16,-1.));
#171 = ORIENTED_EDGE('',*,*,#157,.F.);
#172 = ORIENTED_EDGE('',*,*,#140,.F.);
#173 = CYLINDRICAL_SURFACE('',#174,0.25);
#174 = AXIS2_PLACEMENT_3D('',#175,#176,#177);
#175 = CARTESIAN_POINT('',(0.5,7.8E-16,1.5));
#176 = DIRECTION('',(1.,0.,0.));
#177 = DIRECTION('',(0.,-2.2E-16,-1.));
#178 = ADVANCED_FACE('',(#179),#199,.T.);
#179 = FACE_BOUND('',#180,.T.);
#180 = EDGE_LOOP('',(#181,#190,#197,#198));
#181 = ORIENTED_EDGE('',*,*,#182,.T.);
#182 = EDGE_CURVE('',#158,#183,#185,.T.);
#183 = VERTEX_POINT('',#184);
#184 = CARTESIAN_POINT('',(7.37,1.E-15,1.));
#185 = CIRCLE('',#186,0.25);
#186 = AXIS2_PLACEMENT_3D('',#187,#188,#189);
#187 = CARTESIAN_POINT('',(7.12,7.6E-16,1.));
#188 = DIRECTION('',(0.,1.,-2.2E-16));
#189 = DIRECTION('',(1.,0.,0.));
#190 = ORIENTED_EDGE('',*,*,#191,.T.);
#191 = EDGE_CURVE('',#183,#183,#192,.T.);
#192 = CIRCLE('',#193,0.25);
#193 = AXIS2_PLACEMENT_3D('',#194,#195,#196);
#194 = CARTESIAN_POINT('',(7.62,6.7E-16,1.));
#195 = DIRECTION('',(-2.4E-16,2.2E-16,1.));
#196 = DIRECTION('',(1.,0.,2.4E-16));
#197 = ORIENTED_EDGE('',*,*,#182,.F.);
#198 = ORIENTED_EDGE('',*,*,#165,.T.);
#199 = TOROIDAL_SURFACE('',#200,0.5,0.25);
#200 = AXIS2_PLACEMENT_3D('',#201,#202,#203);
#201 = CARTESIAN_POINT('',(7.12,6.7E-16,1.));
#202 = DIRECTION('',(0.,1.,-2.2E-16));
#203 = DIRECTION('',(1.,0.,0.));
#204 = ADVANCED_FACE('',(#205),#224,.T.);
#205 = FACE_BOUND('',#206,.T.);
#206 = EDGE_LOOP('',(#207,#215,#222,#223));
#207 = ORIENTED_EDGE('',*,*,#208,.T.);
#208 = EDGE_CURVE('',#183,#209,#211,.T.);
#209 = VERTEX_POINT('',#210);
#210 = CARTESIAN_POINT('',(7.37,0.,-2.5));
#211 = LINE('',#212,#213);
#212 = CARTESIAN_POINT('',(7.37,6.7E-16,1.));
#213 = VECTOR('',#214,1.);
#214 = DIRECTION('',(0.,-2.2E-16,-1.));
#215 = ORIENTED_EDGE('',*,*,#216,.F.);
#216 = EDGE_CURVE('',#209,#209,#217,.T.);
#217 = CIRCLE('',#218,0.25);
#218 = AXIS2_PLACEMENT_3D('',#219,#220,#221);
#219 = CARTESIAN_POINT('',(7.62,-1.1E-16,-2.5));
#220 = DIRECTION('',(-0.,-2.2E-16,-1.));
#221 = DIRECTION('',(-1.,0.,0.));
#222 = ORIENTED_EDGE('',*,*,#208,.F.);
#223 = ORIENTED_EDGE('',*,*,#191,.F.);
#224 = CYLINDRICAL_SURFACE('',#225,0.25);
#225 = AXIS2_PLACEMENT_3D('',#226,#227,#228);
#226 = CARTESIAN_POINT('',(7.62,6.7E-16,1.));
#227 = DIRECTION('',(0.,-2.2E-16,-1.));
#228 = DIRECTION('',(-1.,-0.,0.));
#229 = ADVANCED_FACE('',(#230),#233,.T.);
#230 = FACE_BOUND('',#231,.F.);
#231 = EDGE_LOOP('',(#232));
#232 = ORIENTED_EDGE('',*,*,#116,.T.);
#233 = PLANE('',#234);
#234 = AXIS2_PLACEMENT_3D('',#235,#236,#237);
#235 = CARTESIAN_POINT('',(0.25,-1.1E-16,-2.5));
#236 = DIRECTION('',(0.,0.,-1.));
#237 = DIRECTION('',(-1.,0.,0.));
#238 = ADVANCED_FACE('',(#239),#242,.F.);
#239 = FACE_BOUND('',#240,.T.);
#240 = EDGE_LOOP('',(#241));
#241 = ORIENTED_EDGE('',*,*,#216,.T.);
#242 = PLANE('',#243);
#243 = AXIS2_PLACEMENT_3D('',#244,#245,#246);
#244 = CARTESIAN_POINT('',(7.37,-1.1E-16,-2.5));
#245 = DIRECTION('',(0.,0.,1.));
#246 = DIRECTION('',(1.,0.,-0.));
#247 = MANIFOLD_SOLID_BREP('',#248);
#248 = CLOSED_SHELL('',(#249,#282,#302,#322,#347,#372,#398,#424,#433));
#249 = ADVANCED_FACE('',(#250),#277,.T.);
#250 = FACE_BOUND('',#251,.T.);
#251 = EDGE_LOOP('',(#252,#261,#269,#276));
#252 = ORIENTED_EDGE('',*,*,#253,.T.);
#253 = EDGE_CURVE('',#254,#254,#256,.T.);
#254 = VERTEX_POINT('',#255);
#255 = CARTESIAN_POINT('',(2.41,3.557331958362E-15,2.51));
#256 = CIRCLE('',#257,1.01);
#257 = AXIS2_PLACEMENT_3D('',#258,#259,#260);
#258 = CARTESIAN_POINT('',(2.41,6.630669073875E-16,1.5));
#259 = DIRECTION('',(1.,0.,-0.));
#260 = DIRECTION('',(0.,9.92044604925E-16,1.));
#261 = ORIENTED_EDGE('',*,*,#262,.T.);
#262 = EDGE_CURVE('',#254,#263,#265,.T.);
#263 = VERTEX_POINT('',#264);
#264 = CARTESIAN_POINT('',(3.41,3.557331958362E-15,2.51));
#265 = LINE('',#266,#267);
#266 = CARTESIAN_POINT('',(2.41,5.573319583618E-16,2.51));
#267 = VECTOR('',#268,1.);
#268 = DIRECTION('',(1.,0.,0.));
#269 = ORIENTED_EDGE('',*,*,#270,.F.);
#270 = EDGE_CURVE('',#263,#263,#271,.T.);
#271 = CIRCLE('',#272,1.01);
#272 = AXIS2_PLACEMENT_3D('',#273,#274,#275);
#273 = CARTESIAN_POINT('',(3.41,6.630669073875E-16,1.5));
#274 = DIRECTION('',(1.,0.,-0.));
#275 = DIRECTION('',(0.,9.92044604925E-16,1.));
#276 = ORIENTED_EDGE('',*,*,#262,.F.);
#277 = CYLINDRICAL_SURFACE('',#278,1.01);
#278 = AXIS2_PLACEMENT_3D('',#279,#280,#281);
#279 = CARTESIAN_POINT('',(2.41,6.630669073875E-16,1.5));
#280 = DIRECTION('',(1.,0.,0.));
#281 = DIRECTION('',(-0.,9.92044604925E-16,1.));
#282 = ADVANCED_FACE('',(#283,#286),#297,.F.);
#283 = FACE_BOUND('',#284,.T.);
#284 = EDGE_LOOP('',(#285));
#285 = ORIENTED_EDGE('',*,*,#253,.F.);
#286 = FACE_BOUND('',#287,.T.);
#287 = EDGE_LOOP('',(#288));
#288 = ORIENTED_EDGE('',*,*,#289,.T.);
#289 = EDGE_CURVE('',#290,#290,#292,.T.);
#290 = VERTEX_POINT('',#291);
#291 = CARTESIAN_POINT('',(2.41,5.551115123126E-16,2.5));
#292 = CIRCLE('',#293,1.);
#293 = AXIS2_PLACEMENT_3D('',#294,#295,#296);
#294 = CARTESIAN_POINT('',(2.41,6.630669073875E-16,1.5));
#295 = DIRECTION('',(1.,0.,-0.));
#296 = DIRECTION('',(0.,1.002044604925E-15,1.));
#297 = PLANE('',#298);
#298 = AXIS2_PLACEMENT_3D('',#299,#300,#301);
#299 = CARTESIAN_POINT('',(2.41,6.630669073875E-16,1.5));
#300 = DIRECTION('',(1.,0.,0.));
#301 = DIRECTION('',(-0.,1.002044604925E-15,1.));
#302 = ADVANCED_FACE('',(#303,#306),#317,.T.);
#303 = FACE_BOUND('',#304,.T.);
#304 = EDGE_LOOP('',(#305));
#305 = ORIENTED_EDGE('',*,*,#270,.T.);
#306 = FACE_BOUND('',#307,.T.);
#307 = EDGE_LOOP('',(#308));
#308 = ORIENTED_EDGE('',*,*,#309,.F.);
#309 = EDGE_CURVE('',#310,#310,#312,.T.);
#310 = VERTEX_POINT('',#311);
#311 = CARTESIAN_POINT('',(3.41,5.551115123126E-16,2.5));
#312 = CIRCLE('',#313,1.);
#313 = AXIS2_PLACEMENT_3D('',#314,#315,#316);
#314 = CARTESIAN_POINT('',(3.41,6.630669073875E-16,1.5));
#315 = DIRECTION('',(1.,0.,-0.));
#316 = DIRECTION('',(0.,1.002044604925E-15,1.));
#317 = PLANE('',#318);
#318 = AXIS2_PLACEMENT_3D('',#319,#320,#321);
#319 = CARTESIAN_POINT('',(3.41,6.630669073875E-16,1.5));
#320 = DIRECTION('',(1.,0.,0.));
#321 = DIRECTION('',(-0.,9.92044604925E-16,1.));
#322 = ADVANCED_FACE('',(#323),#342,.T.);
#323 = FACE_BOUND('',#324,.T.);
#324 = EDGE_LOOP('',(#325,#334,#340,#341));
#325 = ORIENTED_EDGE('',*,*,#326,.T.);
#326 = EDGE_CURVE('',#327,#327,#329,.T.);
#327 = VERTEX_POINT('',#328);
#328 = CARTESIAN_POINT('',(2.21,3.555111512313E-15,2.5));
#329 = CIRCLE('',#330,1.);
#330 = AXIS2_PLACEMENT_3D('',#331,#332,#333);
#331 = CARTESIAN_POINT('',(2.21,6.630669073875E-16,1.5));
#332 = DIRECTION('',(1.,0.,-0.));
#333 = DIRECTION('',(0.,1.002044604925E-15,1.));
#334 = ORIENTED_EDGE('',*,*,#335,.T.);
#335 = EDGE_CURVE('',#327,#290,#336,.T.);
#336 = LINE('',#337,#338);
#337 = CARTESIAN_POINT('',(1.81,5.551115123126E-16,2.5));
#338 = VECTOR('',#339,1.);
#339 = DIRECTION('',(1.,0.,0.));
#340 = ORIENTED_EDGE('',*,*,#289,.F.);
#341 = ORIENTED_EDGE('',*,*,#335,.F.);
#342 = CYLINDRICAL_SURFACE('',#343,1.);
#343 = AXIS2_PLACEMENT_3D('',#344,#345,#346);
#344 = CARTESIAN_POINT('',(1.81,6.630669073875E-16,1.5));
#345 = DIRECTION('',(1.,0.,0.));
#346 = DIRECTION('',(-0.,1.002044604925E-15,1.));
#347 = ADVANCED_FACE('',(#348),#367,.T.);
#348 = FACE_BOUND('',#349,.T.);
#349 = EDGE_LOOP('',(#350,#351,#359,#366));
#350 = ORIENTED_EDGE('',*,*,#309,.T.);
#351 = ORIENTED_EDGE('',*,*,#352,.T.);
#352 = EDGE_CURVE('',#310,#353,#355,.T.);
#353 = VERTEX_POINT('',#354);
#354 = CARTESIAN_POINT('',(5.41,3.555111512313E-15,2.5));
#355 = LINE('',#356,#357);
#356 = CARTESIAN_POINT('',(1.81,5.551115123126E-16,2.5));
#357 = VECTOR('',#358,1.);
#358 = DIRECTION('',(1.,0.,0.));
#359 = ORIENTED_EDGE('',*,*,#360,.F.);
#360 = EDGE_CURVE('',#353,#353,#361,.T.);
#361 = CIRCLE('',#362,1.);
#362 = AXIS2_PLACEMENT_3D('',#363,#364,#365);
#363 = CARTESIAN_POINT('',(5.41,6.630669073875E-16,1.5));
#364 = DIRECTION('',(1.,0.,-0.));
#365 = DIRECTION('',(0.,1.002044604925E-15,1.));
#366 = ORIENTED_EDGE('',*,*,#352,.F.);
#367 = CYLINDRICAL_SURFACE('',#368,1.);
#368 = AXIS2_PLACEMENT_3D('',#369,#370,#371);
#369 = CARTESIAN_POINT('',(1.81,6.630669073875E-16,1.5));
#370 = DIRECTION('',(1.,0.,0.));
#371 = DIRECTION('',(-0.,1.002044604925E-15,1.));
#372 = ADVANCED_FACE('',(#373),#393,.T.);
#373 = FACE_BOUND('',#374,.T.);
#374 = EDGE_LOOP('',(#375,#384,#391,#392));
#375 = ORIENTED_EDGE('',*,*,#376,.T.);
#376 = EDGE_CURVE('',#377,#377,#379,.T.);
#377 = VERTEX_POINT('',#378);
#378 = CARTESIAN_POINT('',(1.81,1.466293670343E-15,2.1));
#379 = CIRCLE('',#380,0.6);
#380 = AXIS2_PLACEMENT_3D('',#381,#382,#383);
#381 = CARTESIAN_POINT('',(1.81,6.630669073875E-16,1.5));
#382 = DIRECTION('',(1.,0.,-0.));
#383 = DIRECTION('',(0.,1.002044604925E-15,1.));
#384 = ORIENTED_EDGE('',*,*,#385,.F.);
#385 = EDGE_CURVE('',#327,#377,#386,.T.);
#386 = CIRCLE('',#387,0.4);
#387 = AXIS2_PLACEMENT_3D('',#388,#389,#390);
#388 = CARTESIAN_POINT('',(2.21,1.266293670343E-15,2.1));
#389 = DIRECTION('',(0.,-1.,1.002044604925E-15));
#390 = DIRECTION('',(0.,1.002044604925E-15,1.));
#391 = ORIENTED_EDGE('',*,*,#326,.F.);
#392 = ORIENTED_EDGE('',*,*,#385,.T.);
#393 = TOROIDAL_SURFACE('',#394,0.6,0.4);
#394 = AXIS2_PLACEMENT_3D('',#395,#396,#397);
#395 = CARTESIAN_POINT('',(2.21,6.630669073875E-16,1.5));
#396 = DIRECTION('',(-1.,0.,0.));
#397 = DIRECTION('',(0.,1.002044604925E-15,1.));
#398 = ADVANCED_FACE('',(#399),#419,.T.);
#399 = FACE_BOUND('',#400,.T.);
#400 = EDGE_LOOP('',(#401,#402,#411,#418));
#401 = ORIENTED_EDGE('',*,*,#360,.T.);
#402 = ORIENTED_EDGE('',*,*,#403,.F.);
#403 = EDGE_CURVE('',#404,#353,#406,.T.);
#404 = VERTEX_POINT('',#405);
#405 = CARTESIAN_POINT('',(5.81,1.466293670343E-15,2.1));
#406 = CIRCLE('',#407,0.4);
#407 = AXIS2_PLACEMENT_3D('',#408,#409,#410);
#408 = CARTESIAN_POINT('',(5.41,1.266293670343E-15,2.1));
#409 = DIRECTION('',(0.,-1.,1.002044604925E-15));
#410 = DIRECTION('',(0.,1.002044604925E-15,1.));
#411 = ORIENTED_EDGE('',*,*,#412,.F.);
#412 = EDGE_CURVE('',#404,#404,#413,.T.);
#413 = CIRCLE('',#414,0.6);
#414 = AXIS2_PLACEMENT_3D('',#415,#416,#417);
#415 = CARTESIAN_POINT('',(5.81,6.630669073875E-16,1.5));
#416 = DIRECTION('',(1.,0.,-0.));
#417 = DIRECTION('',(0.,1.002044604925E-15,1.));
#418 = ORIENTED_EDGE('',*,*,#403,.T.);
#419 = TOROIDAL_SURFACE('',#420,0.6,0.4);
#420 = AXIS2_PLACEMENT_3D('',#421,#422,#423);
#421 = CARTESIAN_POINT('',(5.41,6.630669073875E-16,1.5));
#422 = DIRECTION('',(-1.,0.,0.));
#423 = DIRECTION('',(0.,1.002044604925E-15,1.));
#424 = ADVANCED_FACE('',(#425),#428,.F.);
#425 = FACE_BOUND('',#426,.T.);
#426 = EDGE_LOOP('',(#427));
#427 = ORIENTED_EDGE('',*,*,#376,.F.);
#428 = PLANE('',#429);
#429 = AXIS2_PLACEMENT_3D('',#430,#431,#432);
#430 = CARTESIAN_POINT('',(1.81,6.630669073875E-16,1.5));
#431 = DIRECTION('',(1.,0.,0.));
#432 = DIRECTION('',(-0.,1.002044604925E-15,1.));
#433 = ADVANCED_FACE('',(#434),#437,.T.);
#434 = FACE_BOUND('',#435,.F.);
#435 = EDGE_LOOP('',(#436));
#436 = ORIENTED_EDGE('',*,*,#412,.F.);
#437 = PLANE('',#438);
#438 = AXIS2_PLACEMENT_3D('',#439,#440,#441);
#439 = CARTESIAN_POINT('',(5.81,6.630669073875E-16,1.5));
#440 = DIRECTION('',(1.,0.,0.));
#441 = DIRECTION('',(-0.,1.002044604925E-15,1.));
#442 = ( GEOMETRIC_REPRESENTATION_CONTEXT(3) 
GLOBAL_UNCERTAINTY_ASSIGNED_CONTEXT((#446)) GLOBAL_UNIT_ASSIGNED_CONTEXT
((#443,#444,#445)) REPRESENTATION_CONTEXT('Context #1',
  '3D Context with UNIT and UNCERTAINTY') );
#443 = ( LENGTH_UNIT() NAMED_UNIT(*) SI_UNIT(.MILLI.,.METRE.) );
#444 = ( NAMED_UNIT(*) PLANE_ANGLE_UNIT() SI_UNIT($,.RADIAN.) );
#445 = ( NAMED_UNIT(*) SI_UNIT($,.STERADIAN.) SOLID_ANGLE_UNIT() );
#446 = UNCERTAINTY_MEASURE_WITH_UNIT(LENGTH_MEASURE(1.E-07),#443,
  'distance_accuracy_value','confusion accuracy');
#447 = CONTEXT_DEPENDENT_SHAPE_REPRESENTATION(#448,#450);
#448 = ( REPRESENTATION_RELATIONSHIP('','',#91,#68) 
REPRESENTATION_RELATIONSHIP_WITH_TRANSFORMATION(#449) 
SHAPE_REPRESENTATION_RELATIONSHIP() );
#449 = ITEM_DEFINED_TRANSFORMATION('','',#11,#69);
#450 = PRODUCT_DEFINITION_SHAPE('Placement','Placement of an item',#451
  );
#451 = NEXT_ASSEMBLY_USAGE_OCCURRENCE('1','=>[0:1:1:3]','',#63,#86,$);
#452 = PRODUCT_RELATED_PRODUCT_CATEGORY('part',$,(#88));
#453 = CONTEXT_DEPENDENT_SHAPE_REPRESENTATION(#454,#456);
#454 = ( REPRESENTATION_RELATIONSHIP('','',#68,#10) 
REPRESENTATION_RELATIONSHIP_WITH_TRANSFORMATION(#455) 
SHAPE_REPRESENTATION_RELATIONSHIP() );
#455 = ITEM_DEFINED_TRANSFORMATION('','',#11,#19);
#456 = PRODUCT_DEFINITION_SHAPE('Placement','Placement of an item',#457
  );
#457 = NEXT_ASSEMBLY_USAGE_OCCURRENCE('3','D8','',#5,#63,$);
#458 = CONTEXT_DEPENDENT_SHAPE_REPRESENTATION(#459,#461);
#459 = ( REPRESENTATION_RELATIONSHIP('','',#68,#10) 
REPRESENTATION_RELATIONSHIP_WITH_TRANSFORMATION(#460) 
SHAPE_REPRESENTATION_RELATIONSHIP() );
#460 = ITEM_DEFINED_TRANSFORMATION('','',#11,#23);
#461 = PRODUCT_DEFINITION_SHAPE('Placement','Placement of an item',#462
  );
#462 = NEXT_ASSEMBLY_USAGE_OCCURRENCE('4','D1','',#5,#63,$);
#463 = CONTEXT_DEPENDENT_SHAPE_REPRESENTATION(#464,#466);
#464 = ( REPRESENTATION_RELATIONSHIP('','',#68,#10) 
REPRESENTATION_RELATIONSHIP_WITH_TRANSFORMATION(#465) 
SHAPE_REPRESENTATION_RELATIONSHIP() );
#465 = ITEM_DEFINED_TRANSFORMATION('','',#11,#27);
#466 = PRODUCT_DEFINITION_SHAPE('Placement','Placement of an item',#467
  );
#467 = NEXT_ASSEMBLY_USAGE_OCCURRENCE('5','D9','',#5,#63,$);
#468 = CONTEXT_DEPENDENT_SHAPE_REPRESENTATION(#469,#471);
#469 = ( REPRESENTATION_RELATIONSHIP('','',#68,#10) 
REPRESENTATION_RELATIONSHIP_WITH_TRANSFORMATION(#470) 
SHAPE_REPRESENTATION_RELATIONSHIP() );
#470 = ITEM_DEFINED_TRANSFORMATION('','',#11,#31);
#471 = PRODUCT_DEFINITION_SHAPE('Placement','Placement of an item',#472
  );
#472 = NEXT_ASSEMBLY_USAGE_OCCURRENCE('6','D7','',#5,#63,$);
#473 = CONTEXT_DEPENDENT_SHAPE_REPRESENTATION(#474,#476);
#474 = ( REPRESENTATION_RELATIONSHIP('','',#68,#10) 
REPRESENTATION_RELATIONSHIP_WITH_TRANSFORMATION(#475) 
SHAPE_REPRESENTATION_RELATIONSHIP() );
#475 = ITEM_DEFINED_TRANSFORMATION('','',#11,#35);
#476 = PRODUCT_DEFINITION_SHAPE('Placement','Placement of an item',#477
  );
#477 = NEXT_ASSEMBLY_USAGE_OCCURRENCE('7','D3','',#5,#63,$);
#478 = CONTEXT_DEPENDENT_SHAPE_REPRESENTATION(#479,#481);
#479 = ( REPRESENTATION_RELATIONSHIP('','',#68,#10) 
REPRESENTATION_RELATIONSHIP_WITH_TRANSFORMATION(#480) 
SHAPE_REPRESENTATION_RELATIONSHIP() );
#480 = ITEM_DEFINED_TRANSFORMATION('','',#11,#39);
#481 = PRODUCT_DEFINITION_SHAPE('Placement','Placement of an item',#482
  );
#482 = NEXT_ASSEMBLY_USAGE_OCCURRENCE('8','D6','',#5,#63,$);
#483 = CONTEXT_DEPENDENT_SHAPE_REPRESENTATION(#484,#486);
#484 = ( REPRESENTATION_RELATIONSHIP('','',#68,#10) 
REPRESENTATION_RELATIONSHIP_WITH_TRANSFORMATION(#485) 
SHAPE_REPRESENTATION_RELATIONSHIP() );
#485 = ITEM_DEFINED_TRANSFORMATION('','',#11,#43);
#486 = PRODUCT_DEFINITION_SHAPE('Placement','Placement of an item',#487
  );
#487 = NEXT_ASSEMBLY_USAGE_OCCURRENCE('9','D5','',#5,#63,$);
#488 = CONTEXT_DEPENDENT_SHAPE_REPRESENTATION(#489,#491);
#489 = ( REPRESENTATION_RELATIONSHIP('','',#68,#10) 
REPRESENTATION_RELATIONSHIP_WITH_TRANSFORMATION(#490) 
SHAPE_REPRESENTATION_RELATIONSHIP() );
#490 = ITEM_DEFINED_TRANSFORMATION('','',#11,#47);
#491 = PRODUCT_DEFINITION_SHAPE('Placement','Placement of an item',#492
  );
#492 = NEXT_ASSEMBLY_USAGE_OCCURRENCE('10','D2','',#5,#63,$);
#493 = SHAPE_DEFINITION_REPRESENTATION(#494,#500);
#494 = PRODUCT_DEFINITION_SHAPE('','',#495);
#495 = PRODUCT_DEFINITION('design','',#496,#499);
#496 = PRODUCT_DEFINITION_FORMATION('','',#497);
#497 = PRODUCT('rotom-board_PCB','rotom-board_PCB','',(#498));
#498 = PRODUCT_CONTEXT('',#2,'mechanical');
#499 = PRODUCT_DEFINITION_CONTEXT('part definition',#2,'design');
#500 = ADVANCED_BREP_SHAPE_REPRESENTATION('',(#11,#501),#9289);
#501 = MANIFOLD_SOLID_BREP('',#502);
#502 = CLOSED_SHELL('',(#503,#543,#574,#605,#2918,#5231,#5243,#5260,
    #5277,#5294,#5311,#5328,#5345,#5362,#5384,#5401,#5418,#5435,#5452,
    #5469,#5486,#5503,#5520,#5537,#5554,#5571,#5588,#5605,#5622,#5634,
    #5651,#5668,#5685,#5702,#5719,#5736,#5753,#5770,#5792,#5809,#5826,
    #5843,#5860,#5877,#5894,#5911,#5928,#5945,#5962,#5979,#5996,#6013,
    #6030,#6042,#6059,#6076,#6093,#6110,#6127,#6144,#6161,#6178,#6200,
    #6217,#6234,#6251,#6268,#6285,#6302,#6319,#6336,#6353,#6370,#6387,
    #6404,#6421,#6438,#6450,#6467,#6484,#6501,#6518,#6535,#6552,#6569,
    #6586,#6608,#6625,#6642,#6659,#6676,#6693,#6710,#6727,#6744,#6761,
    #6778,#6795,#6812,#6829,#6846,#6858,#6875,#6892,#6909,#6926,#6943,
    #6965,#6982,#6999,#7016,#7033,#7050,#7067,#7084,#7101,#7118,#7135,
    #7152,#7169,#7186,#7203,#7215,#7232,#7249,#7266,#7283,#7300,#7322,
    #7339,#7356,#7373,#7390,#7407,#7424,#7441,#7458,#7475,#7492,#7509,
    #7526,#7543,#7560,#7572,#7589,#7611,#7628,#7645,#7657,#7674,#7691,
    #7708,#7725,#7742,#7759,#7776,#7798,#7815,#7832,#7849,#7866,#7883,
    #7900,#7917,#7934,#7951,#7968,#7985,#8002,#8019,#8036,#8048,#8065,
    #8082,#8099,#8116,#8133,#8150,#8167,#8184,#8206,#8223,#8240,#8257,
    #8274,#8291,#8308,#8325,#8342,#8359,#8376,#8393,#8410,#8427,#8444,
    #8456,#8473,#8490,#8507,#8524,#8541,#8558,#8575,#8592,#8609,#8631,
    #8648,#8665,#8682,#8699,#8716,#8733,#8750,#8767,#8784,#8801,#8818,
    #8835,#8852,#8869,#8881,#8898,#8915,#8932,#8949,#8966,#8983,#9005,
    #9022,#9039,#9051,#9068,#9085,#9102,#9119,#9136,#9153,#9170,#9187,
    #9204,#9221,#9238,#9255,#9272));
#503 = ADVANCED_FACE('',(#504),#538,.T.);
#504 = FACE_BOUND('',#505,.T.);
#505 = EDGE_LOOP('',(#506,#516,#524,#532));
#506 = ORIENTED_EDGE('',*,*,#507,.T.);
#507 = EDGE_CURVE('',#508,#510,#512,.T.);
#508 = VERTEX_POINT('',#509);
#509 = CARTESIAN_POINT('',(200.025,-157.1625,0.));
#510 = VERTEX_POINT('',#511);
#511 = CARTESIAN_POINT('',(200.025,-157.1625,1.51));
#512 = LINE('',#513,#514);
#513 = CARTESIAN_POINT('',(200.025,-157.1625,0.));
#514 = VECTOR('',#515,1.);
#515 = DIRECTION('',(0.,0.,1.));
#516 = ORIENTED_EDGE('',*,*,#517,.T.);
#517 = EDGE_CURVE('',#510,#518,#520,.T.);
#518 = VERTEX_POINT('',#519);
#519 = CARTESIAN_POINT('',(104.775,-157.1625,1.51));
#520 = LINE('',#521,#522);
#521 = CARTESIAN_POINT('',(200.025,-157.1625,1.51));
#522 = VECTOR('',#523,1.);
#523 = DIRECTION('',(-1.,0.,0.));
#524 = ORIENTED_EDGE('',*,*,#525,.F.);
#525 = EDGE_CURVE('',#526,#518,#528,.T.);
#526 = VERTEX_POINT('',#527);
#527 = CARTESIAN_POINT('',(104.775,-157.1625,0.));
#528 = LINE('',#529,#530);
#529 = CARTESIAN_POINT('',(104.775,-157.1625,0.));
#530 = VECTOR('',#531,1.);
#531 = DIRECTION('',(0.,0.,1.));
#532 = ORIENTED_EDGE('',*,*,#533,.F.);
#533 = EDGE_CURVE('',#508,#526,#534,.T.);
#534 = LINE('',#535,#536);
#535 = CARTESIAN_POINT('',(200.025,-157.1625,0.));
#536 = VECTOR('',#537,1.);
#537 = DIRECTION('',(-1.,0.,0.));
#538 = PLANE('',#539);
#539 = AXIS2_PLACEMENT_3D('',#540,#541,#542);
#540 = CARTESIAN_POINT('',(200.025,-157.1625,0.));
#541 = DIRECTION('',(0.,-1.,0.));
#542 = DIRECTION('',(-1.,0.,0.));
#543 = ADVANCED_FACE('',(#544),#569,.T.);
#544 = FACE_BOUND('',#545,.T.);
#545 = EDGE_LOOP('',(#546,#556,#562,#563));
#546 = ORIENTED_EDGE('',*,*,#547,.T.);
#547 = EDGE_CURVE('',#548,#550,#552,.T.);
#548 = VERTEX_POINT('',#549);
#549 = CARTESIAN_POINT('',(200.025,-71.4375,0.));
#550 = VERTEX_POINT('',#551);
#551 = CARTESIAN_POINT('',(200.025,-71.4375,1.51));
#552 = LINE('',#553,#554);
#553 = CARTESIAN_POINT('',(200.025,-71.4375,0.));
#554 = VECTOR('',#555,1.);
#555 = DIRECTION('',(0.,0.,1.));
#556 = ORIENTED_EDGE('',*,*,#557,.T.);
#557 = EDGE_CURVE('',#550,#510,#558,.T.);
#558 = LINE('',#559,#560);
#559 = CARTESIAN_POINT('',(200.025,-71.4375,1.51));
#560 = VECTOR('',#561,1.);
#561 = DIRECTION('',(0.,-1.,0.));
#562 = ORIENTED_EDGE('',*,*,#507,.F.);
#563 = ORIENTED_EDGE('',*,*,#564,.F.);
#564 = EDGE_CURVE('',#548,#508,#565,.T.);
#565 = LINE('',#566,#567);
#566 = CARTESIAN_POINT('',(200.025,-71.4375,0.));
#567 = VECTOR('',#568,1.);
#568 = DIRECTION('',(0.,-1.,0.));
#569 = PLANE('',#570);
#570 = AXIS2_PLACEMENT_3D('',#571,#572,#573);
#571 = CARTESIAN_POINT('',(200.025,-71.4375,0.));
#572 = DIRECTION('',(1.,0.,-0.));
#573 = DIRECTION('',(0.,-1.,0.));
#574 = ADVANCED_FACE('',(#575),#600,.T.);
#575 = FACE_BOUND('',#576,.T.);
#576 = EDGE_LOOP('',(#577,#578,#586,#594));
#577 = ORIENTED_EDGE('',*,*,#525,.T.);
#578 = ORIENTED_EDGE('',*,*,#579,.T.);
#579 = EDGE_CURVE('',#518,#580,#582,.T.);
#580 = VERTEX_POINT('',#581);
#581 = CARTESIAN_POINT('',(104.775,-71.4375,1.51));
#582 = LINE('',#583,#584);
#583 = CARTESIAN_POINT('',(104.775,-157.1625,1.51));
#584 = VECTOR('',#585,1.);
#585 = DIRECTION('',(0.,1.,0.));
#586 = ORIENTED_EDGE('',*,*,#587,.F.);
#587 = EDGE_CURVE('',#588,#580,#590,.T.);
#588 = VERTEX_POINT('',#589);
#589 = CARTESIAN_POINT('',(104.775,-71.4375,0.));
#590 = LINE('',#591,#592);
#591 = CARTESIAN_POINT('',(104.775,-71.4375,0.));
#592 = VECTOR('',#593,1.);
#593 = DIRECTION('',(0.,0.,1.));
#594 = ORIENTED_EDGE('',*,*,#595,.F.);
#595 = EDGE_CURVE('',#526,#588,#596,.T.);
#596 = LINE('',#597,#598);
#597 = CARTESIAN_POINT('',(104.775,-157.1625,0.));
#598 = VECTOR('',#599,1.);
#599 = DIRECTION('',(0.,1.,0.));
#600 = PLANE('',#601);
#601 = AXIS2_PLACEMENT_3D('',#602,#603,#604);
#602 = CARTESIAN_POINT('',(104.775,-157.1625,0.));
#603 = DIRECTION('',(-1.,0.,0.));
#604 = DIRECTION('',(0.,1.,0.));
#605 = ADVANCED_FACE('',(#606,#617,#628,#639,#650,#661,#672,#683,#694,
    #836,#847,#858,#869,#880,#891,#902,#913,#924,#1066,#1077,#1088,#1099
    ,#1110,#1121,#1132,#1143,#1154,#1296,#1307,#1318,#1329,#1340,#1351,
    #1362,#1373,#1384,#1526,#1537,#1548,#1559,#1570,#1581,#1723,#1734,
    #1745,#1756,#1767,#1778,#1920,#1931,#1967,#1978,#1989,#2000,#2011,
    #2022,#2033,#2044,#2186,#2197,#2208,#2219,#2230,#2241,#2252,#2263,
    #2274,#2416,#2427,#2438,#2449,#2460,#2471,#2482,#2493,#2504,#2515,
    #2657,#2668,#2679,#2690,#2701,#2712,#2723,#2759,#2770,#2781,#2792,
    #2803,#2814,#2825,#2836,#2847,#2858,#2869,#2880,#2891,#2902),#2913,
  .F.);
#606 = FACE_BOUND('',#607,.F.);
#607 = EDGE_LOOP('',(#608,#609,#610,#616));
#608 = ORIENTED_EDGE('',*,*,#533,.F.);
#609 = ORIENTED_EDGE('',*,*,#564,.F.);
#610 = ORIENTED_EDGE('',*,*,#611,.F.);
#611 = EDGE_CURVE('',#588,#548,#612,.T.);
#612 = LINE('',#613,#614);
#613 = CARTESIAN_POINT('',(104.775,-71.4375,0.));
#614 = VECTOR('',#615,1.);
#615 = DIRECTION('',(1.,0.,0.));
#616 = ORIENTED_EDGE('',*,*,#595,.F.);
#617 = FACE_BOUND('',#618,.F.);
#618 = EDGE_LOOP('',(#619));
#619 = ORIENTED_EDGE('',*,*,#620,.T.);
#620 = EDGE_CURVE('',#621,#621,#623,.T.);
#621 = VERTEX_POINT('',#622);
#622 = CARTESIAN_POINT('',(114.14125,-151.08625,0.));
#623 = CIRCLE('',#624,0.75);
#624 = AXIS2_PLACEMENT_3D('',#625,#626,#627);
#625 = CARTESIAN_POINT('',(114.14125,-150.33625,0.));
#626 = DIRECTION('',(-0.,0.,-1.));
#627 = DIRECTION('',(-0.,-1.,0.));
#628 = FACE_BOUND('',#629,.F.);
#629 = EDGE_LOOP('',(#630));
#630 = ORIENTED_EDGE('',*,*,#631,.T.);
#631 = EDGE_CURVE('',#632,#632,#634,.T.);
#632 = VERTEX_POINT('',#633);
#633 = CARTESIAN_POINT('',(120.49125,-148.54625,0.));
#634 = CIRCLE('',#635,0.75);
#635 = AXIS2_PLACEMENT_3D('',#636,#637,#638);
#636 = CARTESIAN_POINT('',(120.49125,-147.79625,0.));
#637 = DIRECTION('',(-0.,0.,-1.));
#638 = DIRECTION('',(-0.,-1.,0.));
#639 = FACE_BOUND('',#640,.F.);
#640 = EDGE_LOOP('',(#641));
#641 = ORIENTED_EDGE('',*,*,#642,.T.);
#642 = EDGE_CURVE('',#643,#643,#645,.T.);
#643 = VERTEX_POINT('',#644);
#644 = CARTESIAN_POINT('',(111.60125,-146.10625,0.));
#645 = CIRCLE('',#646,0.85);
#646 = AXIS2_PLACEMENT_3D('',#647,#648,#649);
#647 = CARTESIAN_POINT('',(111.60125,-145.25625,0.));
#648 = DIRECTION('',(-0.,0.,-1.));
#649 = DIRECTION('',(-0.,-1.,0.));
#650 = FACE_BOUND('',#651,.F.);
#651 = EDGE_LOOP('',(#652));
#652 = ORIENTED_EDGE('',*,*,#653,.T.);
#653 = EDGE_CURVE('',#654,#654,#656,.T.);
#654 = VERTEX_POINT('',#655);
#655 = CARTESIAN_POINT('',(116.68125,-147.25625,0.));
#656 = CIRCLE('',#657,2.);
#657 = AXIS2_PLACEMENT_3D('',#658,#659,#660);
#658 = CARTESIAN_POINT('',(116.68125,-145.25625,0.));
#659 = DIRECTION('',(-0.,0.,-1.));
#660 = DIRECTION('',(-0.,-1.,0.));
#661 = FACE_BOUND('',#662,.F.);
#662 = EDGE_LOOP('',(#663));
#663 = ORIENTED_EDGE('',*,*,#664,.T.);
#664 = EDGE_CURVE('',#665,#665,#667,.T.);
#665 = VERTEX_POINT('',#666);
#666 = CARTESIAN_POINT('',(126.20625,-148.51375,0.));
#667 = CIRCLE('',#668,0.4);
#668 = AXIS2_PLACEMENT_3D('',#669,#670,#671);
#669 = CARTESIAN_POINT('',(126.20625,-148.11375,0.));
#670 = DIRECTION('',(-0.,0.,-1.));
#671 = DIRECTION('',(-3.5527136788E-14,-1.,0.));
#672 = FACE_BOUND('',#673,.F.);
#673 = EDGE_LOOP('',(#674));
#674 = ORIENTED_EDGE('',*,*,#675,.T.);
#675 = EDGE_CURVE('',#676,#676,#678,.T.);
#676 = VERTEX_POINT('',#677);
#677 = CARTESIAN_POINT('',(121.76125,-146.10625,0.));
#678 = CIRCLE('',#679,0.85);
#679 = AXIS2_PLACEMENT_3D('',#680,#681,#682);
#680 = CARTESIAN_POINT('',(121.76125,-145.25625,0.));
#681 = DIRECTION('',(-0.,0.,-1.));
#682 = DIRECTION('',(1.671865260612E-14,-1.,-0.));
#683 = FACE_BOUND('',#684,.F.);
#684 = EDGE_LOOP('',(#685));
#685 = ORIENTED_EDGE('',*,*,#686,.T.);
#686 = EDGE_CURVE('',#687,#687,#689,.T.);
#687 = VERTEX_POINT('',#688);
#688 = CARTESIAN_POINT('',(130.65125,-146.10625,0.));
#689 = CIRCLE('',#690,0.85);
#690 = AXIS2_PLACEMENT_3D('',#691,#692,#693);
#691 = CARTESIAN_POINT('',(130.65125,-145.25625,0.));
#692 = DIRECTION('',(-0.,0.,-1.));
#693 = DIRECTION('',(-0.,-1.,0.));
#694 = FACE_BOUND('',#695,.F.);
#695 = EDGE_LOOP('',(#696,#707,#716,#724,#733,#742,#751,#759,#768,#777,
    #786,#794,#803,#812,#821,#829));
#696 = ORIENTED_EDGE('',*,*,#697,.F.);
#697 = EDGE_CURVE('',#698,#700,#702,.T.);
#698 = VERTEX_POINT('',#699);
#699 = CARTESIAN_POINT('',(115.63454,-138.822609,0.));
#700 = VERTEX_POINT('',#701);
#701 = CARTESIAN_POINT('',(114.931767,-139.471188,0.));
#702 = CIRCLE('',#703,0.499999729127);
#703 = AXIS2_PLACEMENT_3D('',#704,#705,#706);
#704 = CARTESIAN_POINT('',(115.38228174567,-139.2543097091,0.));
#705 = DIRECTION('',(0.,0.,1.));
#706 = DIRECTION('',(0.504516781968,0.863401885979,-0.));
#707 = ORIENTED_EDGE('',*,*,#708,.F.);
#708 = EDGE_CURVE('',#709,#698,#711,.T.);
#709 = VERTEX_POINT('',#710);
#710 = CARTESIAN_POINT('',(115.886798,-138.890908,0.));
#711 = CIRCLE('',#712,0.500008729288);
#712 = AXIS2_PLACEMENT_3D('',#713,#714,#715);
#713 = CARTESIAN_POINT('',(115.88680065687,-138.3908992707,0.));
#714 = DIRECTION('',(0.,0.,-1.));
#715 = DIRECTION('',(-5.313662540565E-06,-0.999999999986,-0.));
#716 = ORIENTED_EDGE('',*,*,#717,.F.);
#717 = EDGE_CURVE('',#718,#709,#720,.T.);
#718 = VERTEX_POINT('',#719);
#719 = CARTESIAN_POINT('',(117.475704,-138.890909,0.));
#720 = LINE('',#721,#722);
#721 = CARTESIAN_POINT('',(117.475704,-138.890909,0.));
#722 = VECTOR('',#723,1.);
#723 = DIRECTION('',(-1.,6.29363850017E-07,0.));
#724 = ORIENTED_EDGE('',*,*,#725,.F.);
#725 = EDGE_CURVE('',#726,#718,#728,.T.);
#726 = VERTEX_POINT('',#727);
#727 = CARTESIAN_POINT('',(117.727962,-138.82261,0.));
#728 = CIRCLE('',#729,0.500008729288);
#729 = AXIS2_PLACEMENT_3D('',#730,#731,#732);
#730 = CARTESIAN_POINT('',(117.47570134312,-138.3909002707,0.));
#731 = DIRECTION('',(0.,0.,-1.));
#732 = DIRECTION('',(0.504512505686,-0.863404384751,0.));
#733 = ORIENTED_EDGE('',*,*,#734,.F.);
#734 = EDGE_CURVE('',#735,#726,#737,.T.);
#735 = VERTEX_POINT('',#736);
#736 = CARTESIAN_POINT('',(118.430735,-139.471188,0.));
#737 = CIRCLE('',#738,0.499999422661);
#738 = AXIS2_PLACEMENT_3D('',#739,#740,#741);
#739 = CARTESIAN_POINT('',(117.98022029551,-139.25431033,0.));
#740 = DIRECTION('',(0.,0.,1.));
#741 = DIRECTION('',(0.901030449374,-0.433755840654,0.));
#742 = ORIENTED_EDGE('',*,*,#743,.F.);
#743 = EDGE_CURVE('',#744,#735,#746,.T.);
#744 = VERTEX_POINT('',#745);
#745 = CARTESIAN_POINT('',(118.38125,-139.688065,0.));
#746 = CIRCLE('',#747,0.499989884977);
#747 = AXIS2_PLACEMENT_3D('',#748,#749,#750);
#748 = CARTESIAN_POINT('',(118.88123988497,-139.6880640791,0.));
#749 = DIRECTION('',(0.,0.,-1.));
#750 = DIRECTION('',(-0.999999999998,-1.841808653046E-06,-0.));
#751 = ORIENTED_EDGE('',*,*,#752,.F.);
#752 = EDGE_CURVE('',#753,#744,#755,.T.);
#753 = VERTEX_POINT('',#754);
#754 = CARTESIAN_POINT('',(118.38125,-141.09375,0.));
#755 = LINE('',#756,#757);
#756 = CARTESIAN_POINT('',(118.38125,-141.09375,0.));
#757 = VECTOR('',#758,1.);
#758 = DIRECTION('',(0.,1.,0.));
#759 = ORIENTED_EDGE('',*,*,#760,.F.);
#760 = EDGE_CURVE('',#761,#753,#763,.T.);
#761 = VERTEX_POINT('',#762);
#762 = CARTESIAN_POINT('',(118.430735,-141.310628,0.));
#763 = CIRCLE('',#764,0.499989885034);
#764 = AXIS2_PLACEMENT_3D('',#765,#766,#767);
#765 = CARTESIAN_POINT('',(118.88123988503,-141.0937519208,0.));
#766 = DIRECTION('',(0.,0.,-1.));
#767 = DIRECTION('',(-0.901027997796,-0.43376093322,-0.));
#768 = ORIENTED_EDGE('',*,*,#769,.F.);
#769 = EDGE_CURVE('',#770,#761,#772,.T.);
#770 = VERTEX_POINT('',#771);
#771 = CARTESIAN_POINT('',(117.727962,-141.959207,0.));
#772 = CIRCLE('',#773,0.499999448976);
#773 = AXIS2_PLACEMENT_3D('',#774,#775,#776);
#774 = CARTESIAN_POINT('',(117.98022090428,-141.5275069951,0.));
#775 = DIRECTION('',(0.,0.,1.));
#776 = DIRECTION('',(-0.504518364574,-0.863400961204,0.));
#777 = ORIENTED_EDGE('',*,*,#778,.F.);
#778 = EDGE_CURVE('',#779,#770,#781,.T.);
#779 = VERTEX_POINT('',#780);
#780 = CARTESIAN_POINT('',(117.475703,-141.890908,0.));
#781 = CIRCLE('',#782,0.500008729226);
#782 = AXIS2_PLACEMENT_3D('',#783,#784,#785);
#783 = CARTESIAN_POINT('',(117.47570134314,-142.3909167292,0.));
#784 = DIRECTION('',(0.,0.,-1.));
#785 = DIRECTION('',(3.313649459133E-06,0.999999999995,0.));
#786 = ORIENTED_EDGE('',*,*,#787,.F.);
#787 = EDGE_CURVE('',#788,#779,#790,.T.);
#788 = VERTEX_POINT('',#789);
#789 = CARTESIAN_POINT('',(115.886799,-141.890908,0.));
#790 = LINE('',#791,#792);
#791 = CARTESIAN_POINT('',(115.886799,-141.890908,0.));
#792 = VECTOR('',#793,1.);
#793 = DIRECTION('',(1.,0.,0.));
#794 = ORIENTED_EDGE('',*,*,#795,.F.);
#795 = EDGE_CURVE('',#796,#788,#798,.T.);
#796 = VERTEX_POINT('',#797);
#797 = CARTESIAN_POINT('',(115.634541,-141.959207,0.));
#798 = CIRCLE('',#799,0.500008729289);
#799 = AXIS2_PLACEMENT_3D('',#800,#801,#802);
#800 = CARTESIAN_POINT('',(115.88680165687,-142.3909167292,0.));
#801 = DIRECTION('',(0.,0.,-1.));
#802 = DIRECTION('',(-0.504512505685,0.863404384751,0.));
#803 = ORIENTED_EDGE('',*,*,#804,.F.);
#804 = EDGE_CURVE('',#805,#796,#807,.T.);
#805 = VERTEX_POINT('',#806);
#806 = CARTESIAN_POINT('',(114.931767,-141.310628,0.));
#807 = CIRCLE('',#808,0.500000669307);
#808 = AXIS2_PLACEMENT_3D('',#809,#810,#811);
#809 = CARTESIAN_POINT('',(115.3822835355,-141.5275047404,0.));
#810 = DIRECTION('',(0.,0.,1.));
#811 = DIRECTION('',(-0.901031864884,0.433752900236,0.));
#812 = ORIENTED_EDGE('',*,*,#813,.F.);
#813 = EDGE_CURVE('',#814,#805,#816,.T.);
#814 = VERTEX_POINT('',#815);
#815 = CARTESIAN_POINT('',(114.981252,-141.09375,0.));
#816 = CIRCLE('',#817,0.499989885034);
#817 = AXIS2_PLACEMENT_3D('',#818,#819,#820);
#818 = CARTESIAN_POINT('',(114.48126211496,-141.0937519208,0.));
#819 = DIRECTION('',(0.,0.,-1.));
#820 = DIRECTION('',(0.999999999993,3.841811306829E-06,0.));
#821 = ORIENTED_EDGE('',*,*,#822,.F.);
#822 = EDGE_CURVE('',#823,#814,#825,.T.);
#823 = VERTEX_POINT('',#824);
#824 = CARTESIAN_POINT('',(114.981252,-139.688066,0.));
#825 = LINE('',#826,#827);
#826 = CARTESIAN_POINT('',(114.981252,-139.688066,0.));
#827 = VECTOR('',#828,1.);
#828 = DIRECTION('',(0.,-1.,0.));
#829 = ORIENTED_EDGE('',*,*,#830,.F.);
#830 = EDGE_CURVE('',#700,#823,#831,.T.);
#831 = CIRCLE('',#832,0.499989885034);
#832 = AXIS2_PLACEMENT_3D('',#833,#834,#835);
#833 = CARTESIAN_POINT('',(114.48126211497,-139.6880640791,0.));
#834 = DIRECTION('',(0.,0.,-1.));
#835 = DIRECTION('',(0.901027997796,0.43376093322,0.));
#836 = FACE_BOUND('',#837,.F.);
#837 = EDGE_LOOP('',(#838));
#838 = ORIENTED_EDGE('',*,*,#839,.T.);
#839 = EDGE_CURVE('',#840,#840,#842,.T.);
#840 = VERTEX_POINT('',#841);
#841 = CARTESIAN_POINT('',(126.20625,-140.89375,0.));
#842 = CIRCLE('',#843,0.4);
#843 = AXIS2_PLACEMENT_3D('',#844,#845,#846);
#844 = CARTESIAN_POINT('',(126.20625,-140.49375,0.));
#845 = DIRECTION('',(-0.,0.,-1.));
#846 = DIRECTION('',(-3.552713678801E-14,-1.,0.));
#847 = FACE_BOUND('',#848,.F.);
#848 = EDGE_LOOP('',(#849));
#849 = ORIENTED_EDGE('',*,*,#850,.T.);
#850 = EDGE_CURVE('',#851,#851,#853,.T.);
#851 = VERTEX_POINT('',#852);
#852 = CARTESIAN_POINT('',(133.19125,-151.08625,0.));
#853 = CIRCLE('',#854,0.75);
#854 = AXIS2_PLACEMENT_3D('',#855,#856,#857);
#855 = CARTESIAN_POINT('',(133.19125,-150.33625,0.));
#856 = DIRECTION('',(-0.,0.,-1.));
#857 = DIRECTION('',(-0.,-1.,0.));
#858 = FACE_BOUND('',#859,.F.);
#859 = EDGE_LOOP('',(#860));
#860 = ORIENTED_EDGE('',*,*,#861,.T.);
#861 = EDGE_CURVE('',#862,#862,#864,.T.);
#862 = VERTEX_POINT('',#863);
#863 = CARTESIAN_POINT('',(139.54125,-148.54625,0.));
#864 = CIRCLE('',#865,0.75);
#865 = AXIS2_PLACEMENT_3D('',#866,#867,#868);
#866 = CARTESIAN_POINT('',(139.54125,-147.79625,0.));
#867 = DIRECTION('',(-0.,0.,-1.));
#868 = DIRECTION('',(-0.,-1.,0.));
#869 = FACE_BOUND('',#870,.F.);
#870 = EDGE_LOOP('',(#871));
#871 = ORIENTED_EDGE('',*,*,#872,.T.);
#872 = EDGE_CURVE('',#873,#873,#875,.T.);
#873 = VERTEX_POINT('',#874);
#874 = CARTESIAN_POINT('',(135.73125,-147.25625,0.));
#875 = CIRCLE('',#876,2.);
#876 = AXIS2_PLACEMENT_3D('',#877,#878,#879);
#877 = CARTESIAN_POINT('',(135.73125,-145.25625,0.));
#878 = DIRECTION('',(-0.,0.,-1.));
#879 = DIRECTION('',(-0.,-1.,0.));
#880 = FACE_BOUND('',#881,.F.);
#881 = EDGE_LOOP('',(#882));
#882 = ORIENTED_EDGE('',*,*,#883,.T.);
#883 = EDGE_CURVE('',#884,#884,#886,.T.);
#884 = VERTEX_POINT('',#885);
#885 = CARTESIAN_POINT('',(140.81125,-146.10625,0.));
#886 = CIRCLE('',#887,0.85);
#887 = AXIS2_PLACEMENT_3D('',#888,#889,#890);
#888 = CARTESIAN_POINT('',(140.81125,-145.25625,0.));
#889 = DIRECTION('',(-0.,0.,-1.));
#890 = DIRECTION('',(-0.,-1.,0.));
#891 = FACE_BOUND('',#892,.F.);
#892 = EDGE_LOOP('',(#893));
#893 = ORIENTED_EDGE('',*,*,#894,.T.);
#894 = EDGE_CURVE('',#895,#895,#897,.T.);
#895 = VERTEX_POINT('',#896);
#896 = CARTESIAN_POINT('',(145.25625,-148.51375,0.));
#897 = CIRCLE('',#898,0.4);
#898 = AXIS2_PLACEMENT_3D('',#899,#900,#901);
#899 = CARTESIAN_POINT('',(145.25625,-148.11375,0.));
#900 = DIRECTION('',(-0.,0.,-1.));
#901 = DIRECTION('',(-0.,-1.,0.));
#902 = FACE_BOUND('',#903,.F.);
#903 = EDGE_LOOP('',(#904));
#904 = ORIENTED_EDGE('',*,*,#905,.T.);
#905 = EDGE_CURVE('',#906,#906,#908,.T.);
#906 = VERTEX_POINT('',#907);
#907 = CARTESIAN_POINT('',(152.24125,-151.08625,0.));
#908 = CIRCLE('',#909,0.75);
#909 = AXIS2_PLACEMENT_3D('',#910,#911,#912);
#910 = CARTESIAN_POINT('',(152.24125,-150.33625,0.));
#911 = DIRECTION('',(-0.,0.,-1.));
#912 = DIRECTION('',(-0.,-1.,0.));
#913 = FACE_BOUND('',#914,.F.);
#914 = EDGE_LOOP('',(#915));
#915 = ORIENTED_EDGE('',*,*,#916,.T.);
#916 = EDGE_CURVE('',#917,#917,#919,.T.);
#917 = VERTEX_POINT('',#918);
#918 = CARTESIAN_POINT('',(149.70125,-146.10625,0.));
#919 = CIRCLE('',#920,0.85);
#920 = AXIS2_PLACEMENT_3D('',#921,#922,#923);
#921 = CARTESIAN_POINT('',(149.70125,-145.25625,0.));
#922 = DIRECTION('',(-0.,0.,-1.));
#923 = DIRECTION('',(-3.343730521224E-14,-1.,0.));
#924 = FACE_BOUND('',#925,.F.);
#925 = EDGE_LOOP('',(#926,#937,#946,#954,#963,#972,#981,#989,#998,#1007,
    #1016,#1024,#1033,#1042,#1051,#1059));
#926 = ORIENTED_EDGE('',*,*,#927,.F.);
#927 = EDGE_CURVE('',#928,#930,#932,.T.);
#928 = VERTEX_POINT('',#929);
#929 = CARTESIAN_POINT('',(134.68454,-138.822609,0.));
#930 = VERTEX_POINT('',#931);
#931 = CARTESIAN_POINT('',(133.981767,-139.471188,0.));
#932 = CIRCLE('',#933,0.499999729127);
#933 = AXIS2_PLACEMENT_3D('',#934,#935,#936);
#934 = CARTESIAN_POINT('',(134.43228174567,-139.2543097091,0.));
#935 = DIRECTION('',(0.,0.,1.));
#936 = DIRECTION('',(0.504516781969,0.863401885979,-0.));
#937 = ORIENTED_EDGE('',*,*,#938,.F.);
#938 = EDGE_CURVE('',#939,#928,#941,.T.);
#939 = VERTEX_POINT('',#940);
#940 = CARTESIAN_POINT('',(134.936798,-138.890908,0.));
#941 = CIRCLE('',#942,0.500008729288);
#942 = AXIS2_PLACEMENT_3D('',#943,#944,#945);
#943 = CARTESIAN_POINT('',(134.93680065687,-138.3908992707,0.));
#944 = DIRECTION('',(0.,0.,-1.));
#945 = DIRECTION('',(-5.313662483723E-06,-0.999999999986,-0.));
#946 = ORIENTED_EDGE('',*,*,#947,.F.);
#947 = EDGE_CURVE('',#948,#939,#950,.T.);
#948 = VERTEX_POINT('',#949);
#949 = CARTESIAN_POINT('',(136.525704,-138.890909,0.));
#950 = LINE('',#951,#952);
#951 = CARTESIAN_POINT('',(136.525704,-138.890909,0.));
#952 = VECTOR('',#953,1.);
#953 = DIRECTION('',(-1.,6.29363850017E-07,0.));
#954 = ORIENTED_EDGE('',*,*,#955,.F.);
#955 = EDGE_CURVE('',#956,#948,#958,.T.);
#956 = VERTEX_POINT('',#957);
#957 = CARTESIAN_POINT('',(136.777962,-138.82261,0.));
#958 = CIRCLE('',#959,0.500008729288);
#959 = AXIS2_PLACEMENT_3D('',#960,#961,#962);
#960 = CARTESIAN_POINT('',(136.52570134312,-138.3909002707,0.));
#961 = DIRECTION('',(0.,0.,-1.));
#962 = DIRECTION('',(0.504512505686,-0.863404384751,0.));
#963 = ORIENTED_EDGE('',*,*,#964,.F.);
#964 = EDGE_CURVE('',#965,#956,#967,.T.);
#965 = VERTEX_POINT('',#966);
#966 = CARTESIAN_POINT('',(137.480735,-139.471188,0.));
#967 = CIRCLE('',#968,0.499999422661);
#968 = AXIS2_PLACEMENT_3D('',#969,#970,#971);
#969 = CARTESIAN_POINT('',(137.03022029551,-139.25431033,0.));
#970 = DIRECTION('',(0.,0.,1.));
#971 = DIRECTION('',(0.901030449374,-0.433755840654,0.));
#972 = ORIENTED_EDGE('',*,*,#973,.F.);
#973 = EDGE_CURVE('',#974,#965,#976,.T.);
#974 = VERTEX_POINT('',#975);
#975 = CARTESIAN_POINT('',(137.43125,-139.688065,0.));
#976 = CIRCLE('',#977,0.499989884977);
#977 = AXIS2_PLACEMENT_3D('',#978,#979,#980);
#978 = CARTESIAN_POINT('',(137.93123988497,-139.6880640791,0.));
#979 = DIRECTION('',(0.,0.,-1.));
#980 = DIRECTION('',(-0.999999999998,-1.841808653046E-06,-0.));
#981 = ORIENTED_EDGE('',*,*,#982,.F.);
#982 = EDGE_CURVE('',#983,#974,#985,.T.);
#983 = VERTEX_POINT('',#984);
#984 = CARTESIAN_POINT('',(137.43125,-141.09375,0.));
#985 = LINE('',#986,#987);
#986 = CARTESIAN_POINT('',(137.43125,-141.09375,0.));
#987 = VECTOR('',#988,1.);
#988 = DIRECTION('',(0.,1.,0.));
#989 = ORIENTED_EDGE('',*,*,#990,.F.);
#990 = EDGE_CURVE('',#991,#983,#993,.T.);
#991 = VERTEX_POINT('',#992);
#992 = CARTESIAN_POINT('',(137.480735,-141.310628,0.));
#993 = CIRCLE('',#994,0.499989885034);
#994 = AXIS2_PLACEMENT_3D('',#995,#996,#997);
#995 = CARTESIAN_POINT('',(137.93123988503,-141.0937519208,0.));
#996 = DIRECTION('',(0.,0.,-1.));
#997 = DIRECTION('',(-0.901027997796,-0.43376093322,-0.));
#998 = ORIENTED_EDGE('',*,*,#999,.F.);
#999 = EDGE_CURVE('',#1000,#991,#1002,.T.);
#1000 = VERTEX_POINT('',#1001);
#1001 = CARTESIAN_POINT('',(136.777962,-141.959207,0.));
#1002 = CIRCLE('',#1003,0.499999448976);
#1003 = AXIS2_PLACEMENT_3D('',#1004,#1005,#1006);
#1004 = CARTESIAN_POINT('',(137.03022090428,-141.5275069951,0.));
#1005 = DIRECTION('',(0.,0.,1.));
#1006 = DIRECTION('',(-0.504518364574,-0.863400961204,0.));
#1007 = ORIENTED_EDGE('',*,*,#1008,.F.);
#1008 = EDGE_CURVE('',#1009,#1000,#1011,.T.);
#1009 = VERTEX_POINT('',#1010);
#1010 = CARTESIAN_POINT('',(136.525703,-141.890908,0.));
#1011 = CIRCLE('',#1012,0.500008729227);
#1012 = AXIS2_PLACEMENT_3D('',#1013,#1014,#1015);
#1013 = CARTESIAN_POINT('',(136.52570134314,-142.3909167292,0.));
#1014 = DIRECTION('',(0.,0.,-1.));
#1015 = DIRECTION('',(3.313649487554E-06,0.999999999995,0.));
#1016 = ORIENTED_EDGE('',*,*,#1017,.F.);
#1017 = EDGE_CURVE('',#1018,#1009,#1020,.T.);
#1018 = VERTEX_POINT('',#1019);
#1019 = CARTESIAN_POINT('',(134.936799,-141.890908,0.));
#1020 = LINE('',#1021,#1022);
#1021 = CARTESIAN_POINT('',(134.936799,-141.890908,0.));
#1022 = VECTOR('',#1023,1.);
#1023 = DIRECTION('',(1.,0.,0.));
#1024 = ORIENTED_EDGE('',*,*,#1025,.F.);
#1025 = EDGE_CURVE('',#1026,#1018,#1028,.T.);
#1026 = VERTEX_POINT('',#1027);
#1027 = CARTESIAN_POINT('',(134.684541,-141.959207,0.));
#1028 = CIRCLE('',#1029,0.500008729288);
#1029 = AXIS2_PLACEMENT_3D('',#1030,#1031,#1032);
#1030 = CARTESIAN_POINT('',(134.93680165687,-142.3909167292,0.));
#1031 = DIRECTION('',(0.,0.,-1.));
#1032 = DIRECTION('',(-0.504512505685,0.863404384751,0.));
#1033 = ORIENTED_EDGE('',*,*,#1034,.F.);
#1034 = EDGE_CURVE('',#1035,#1026,#1037,.T.);
#1035 = VERTEX_POINT('',#1036);
#1036 = CARTESIAN_POINT('',(133.981767,-141.310628,0.));
#1037 = CIRCLE('',#1038,0.500000669307);
#1038 = AXIS2_PLACEMENT_3D('',#1039,#1040,#1041);
#1039 = CARTESIAN_POINT('',(134.4322835355,-141.5275047404,0.));
#1040 = DIRECTION('',(0.,0.,1.));
#1041 = DIRECTION('',(-0.901031864884,0.433752900236,0.));
#1042 = ORIENTED_EDGE('',*,*,#1043,.F.);
#1043 = EDGE_CURVE('',#1044,#1035,#1046,.T.);
#1044 = VERTEX_POINT('',#1045);
#1045 = CARTESIAN_POINT('',(134.031252,-141.093751,0.));
#1046 = CIRCLE('',#1047,0.499989884978);
#1047 = AXIS2_PLACEMENT_3D('',#1048,#1049,#1050);
#1048 = CARTESIAN_POINT('',(133.53126211502,-141.0937519208,0.));
#1049 = DIRECTION('',(0.,0.,-1.));
#1050 = DIRECTION('',(0.999999999998,1.841808539356E-06,0.));
#1051 = ORIENTED_EDGE('',*,*,#1052,.F.);
#1052 = EDGE_CURVE('',#1053,#1044,#1055,.T.);
#1053 = VERTEX_POINT('',#1054);
#1054 = CARTESIAN_POINT('',(134.031252,-139.688066,0.));
#1055 = LINE('',#1056,#1057);
#1056 = CARTESIAN_POINT('',(134.031252,-139.688066,0.));
#1057 = VECTOR('',#1058,1.);
#1058 = DIRECTION('',(0.,-1.,0.));
#1059 = ORIENTED_EDGE('',*,*,#1060,.F.);
#1060 = EDGE_CURVE('',#930,#1053,#1061,.T.);
#1061 = CIRCLE('',#1062,0.499989885034);
#1062 = AXIS2_PLACEMENT_3D('',#1063,#1064,#1065);
#1063 = CARTESIAN_POINT('',(133.53126211497,-139.6880640791,0.));
#1064 = DIRECTION('',(0.,0.,-1.));
#1065 = DIRECTION('',(0.901027997796,0.43376093322,0.));
#1066 = FACE_BOUND('',#1067,.F.);
#1067 = EDGE_LOOP('',(#1068));
#1068 = ORIENTED_EDGE('',*,*,#1069,.T.);
#1069 = EDGE_CURVE('',#1070,#1070,#1072,.T.);
#1070 = VERTEX_POINT('',#1071);
#1071 = CARTESIAN_POINT('',(145.25625,-140.89375,0.));
#1072 = CIRCLE('',#1073,0.4);
#1073 = AXIS2_PLACEMENT_3D('',#1074,#1075,#1076);
#1074 = CARTESIAN_POINT('',(145.25625,-140.49375,0.));
#1075 = DIRECTION('',(-0.,0.,-1.));
#1076 = DIRECTION('',(-0.,-1.,0.));
#1077 = FACE_BOUND('',#1078,.F.);
#1078 = EDGE_LOOP('',(#1079));
#1079 = ORIENTED_EDGE('',*,*,#1080,.T.);
#1080 = EDGE_CURVE('',#1081,#1081,#1083,.T.);
#1081 = VERTEX_POINT('',#1082);
#1082 = CARTESIAN_POINT('',(114.14125,-132.03625,0.));
#1083 = CIRCLE('',#1084,0.75);
#1084 = AXIS2_PLACEMENT_3D('',#1085,#1086,#1087);
#1085 = CARTESIAN_POINT('',(114.14125,-131.28625,0.));
#1086 = DIRECTION('',(-0.,0.,-1.));
#1087 = DIRECTION('',(-0.,-1.,0.));
#1088 = FACE_BOUND('',#1089,.F.);
#1089 = EDGE_LOOP('',(#1090));
#1090 = ORIENTED_EDGE('',*,*,#1091,.T.);
#1091 = EDGE_CURVE('',#1092,#1092,#1094,.T.);
#1092 = VERTEX_POINT('',#1093);
#1093 = CARTESIAN_POINT('',(120.49125,-129.49625,0.));
#1094 = CIRCLE('',#1095,0.75);
#1095 = AXIS2_PLACEMENT_3D('',#1096,#1097,#1098);
#1096 = CARTESIAN_POINT('',(120.49125,-128.74625,0.));
#1097 = DIRECTION('',(-0.,0.,-1.));
#1098 = DIRECTION('',(-0.,-1.,0.));
#1099 = FACE_BOUND('',#1100,.F.);
#1100 = EDGE_LOOP('',(#1101));
#1101 = ORIENTED_EDGE('',*,*,#1102,.T.);
#1102 = EDGE_CURVE('',#1103,#1103,#1105,.T.);
#1103 = VERTEX_POINT('',#1104);
#1104 = CARTESIAN_POINT('',(111.60125,-127.05625,0.));
#1105 = CIRCLE('',#1106,0.85);
#1106 = AXIS2_PLACEMENT_3D('',#1107,#1108,#1109);
#1107 = CARTESIAN_POINT('',(111.60125,-126.20625,0.));
#1108 = DIRECTION('',(-0.,0.,-1.));
#1109 = DIRECTION('',(-0.,-1.,0.));
#1110 = FACE_BOUND('',#1111,.F.);
#1111 = EDGE_LOOP('',(#1112));
#1112 = ORIENTED_EDGE('',*,*,#1113,.T.);
#1113 = EDGE_CURVE('',#1114,#1114,#1116,.T.);
#1114 = VERTEX_POINT('',#1115);
#1115 = CARTESIAN_POINT('',(116.68125,-128.20625,0.));
#1116 = CIRCLE('',#1117,2.);
#1117 = AXIS2_PLACEMENT_3D('',#1118,#1119,#1120);
#1118 = CARTESIAN_POINT('',(116.68125,-126.20625,0.));
#1119 = DIRECTION('',(-0.,0.,-1.));
#1120 = DIRECTION('',(-0.,-1.,0.));
#1121 = FACE_BOUND('',#1122,.F.);
#1122 = EDGE_LOOP('',(#1123));
#1123 = ORIENTED_EDGE('',*,*,#1124,.T.);
#1124 = EDGE_CURVE('',#1125,#1125,#1127,.T.);
#1125 = VERTEX_POINT('',#1126);
#1126 = CARTESIAN_POINT('',(126.20625,-129.46375,0.));
#1127 = CIRCLE('',#1128,0.4);
#1128 = AXIS2_PLACEMENT_3D('',#1129,#1130,#1131);
#1129 = CARTESIAN_POINT('',(126.20625,-129.06375,0.));
#1130 = DIRECTION('',(-0.,0.,-1.));
#1131 = DIRECTION('',(-3.552713678801E-14,-1.,0.));
#1132 = FACE_BOUND('',#1133,.F.);
#1133 = EDGE_LOOP('',(#1134));
#1134 = ORIENTED_EDGE('',*,*,#1135,.T.);
#1135 = EDGE_CURVE('',#1136,#1136,#1138,.T.);
#1136 = VERTEX_POINT('',#1137);
#1137 = CARTESIAN_POINT('',(121.76125,-127.05625,0.));
#1138 = CIRCLE('',#1139,0.85);
#1139 = AXIS2_PLACEMENT_3D('',#1140,#1141,#1142);
#1140 = CARTESIAN_POINT('',(121.76125,-126.20625,0.));
#1141 = DIRECTION('',(-0.,0.,-1.));
#1142 = DIRECTION('',(1.671865260612E-14,-1.,-0.));
#1143 = FACE_BOUND('',#1144,.F.);
#1144 = EDGE_LOOP('',(#1145));
#1145 = ORIENTED_EDGE('',*,*,#1146,.T.);
#1146 = EDGE_CURVE('',#1147,#1147,#1149,.T.);
#1147 = VERTEX_POINT('',#1148);
#1148 = CARTESIAN_POINT('',(130.65125,-127.05625,0.));
#1149 = CIRCLE('',#1150,0.85);
#1150 = AXIS2_PLACEMENT_3D('',#1151,#1152,#1153);
#1151 = CARTESIAN_POINT('',(130.65125,-126.20625,0.));
#1152 = DIRECTION('',(-0.,0.,-1.));
#1153 = DIRECTION('',(-0.,-1.,0.));
#1154 = FACE_BOUND('',#1155,.F.);
#1155 = EDGE_LOOP('',(#1156,#1167,#1176,#1184,#1193,#1202,#1211,#1219,
    #1228,#1237,#1246,#1254,#1263,#1272,#1281,#1289));
#1156 = ORIENTED_EDGE('',*,*,#1157,.F.);
#1157 = EDGE_CURVE('',#1158,#1160,#1162,.T.);
#1158 = VERTEX_POINT('',#1159);
#1159 = CARTESIAN_POINT('',(118.430735,-120.421188,0.));
#1160 = VERTEX_POINT('',#1161);
#1161 = CARTESIAN_POINT('',(117.727962,-119.77261,0.));
#1162 = CIRCLE('',#1163,0.499999422661);
#1163 = AXIS2_PLACEMENT_3D('',#1164,#1165,#1166);
#1164 = CARTESIAN_POINT('',(117.98022029551,-120.20431033,0.));
#1165 = DIRECTION('',(0.,0.,1.));
#1166 = DIRECTION('',(0.901030449374,-0.433755840654,0.));
#1167 = ORIENTED_EDGE('',*,*,#1168,.F.);
#1168 = EDGE_CURVE('',#1169,#1158,#1171,.T.);
#1169 = VERTEX_POINT('',#1170);
#1170 = CARTESIAN_POINT('',(118.38125,-120.638066,0.));
#1171 = CIRCLE('',#1172,0.499989885034);
#1172 = AXIS2_PLACEMENT_3D('',#1173,#1174,#1175);
#1173 = CARTESIAN_POINT('',(118.88123988503,-120.6380640791,0.));
#1174 = DIRECTION('',(0.,0.,-1.));
#1175 = DIRECTION('',(-0.999999999993,-3.841811363674E-06,-0.));
#1176 = ORIENTED_EDGE('',*,*,#1177,.F.);
#1177 = EDGE_CURVE('',#1178,#1169,#1180,.T.);
#1178 = VERTEX_POINT('',#1179);
#1179 = CARTESIAN_POINT('',(118.38125,-122.04375,0.));
#1180 = LINE('',#1181,#1182);
#1181 = CARTESIAN_POINT('',(118.38125,-122.04375,0.));
#1182 = VECTOR('',#1183,1.);
#1183 = DIRECTION('',(0.,1.,0.));
#1184 = ORIENTED_EDGE('',*,*,#1185,.F.);
#1185 = EDGE_CURVE('',#1186,#1178,#1188,.T.);
#1186 = VERTEX_POINT('',#1187);
#1187 = CARTESIAN_POINT('',(118.430735,-122.260627,0.));
#1188 = CIRCLE('',#1189,0.49998122973);
#1189 = AXIS2_PLACEMENT_3D('',#1190,#1191,#1192);
#1190 = CARTESIAN_POINT('',(118.88123122972,-122.0437528957,0.));
#1191 = DIRECTION('',(0.,0.,-1.));
#1192 = DIRECTION('',(-0.901026284457,-0.433764492229,-0.));
#1193 = ORIENTED_EDGE('',*,*,#1194,.F.);
#1194 = EDGE_CURVE('',#1195,#1186,#1197,.T.);
#1195 = VERTEX_POINT('',#1196);
#1196 = CARTESIAN_POINT('',(117.727962,-122.909207,0.));
#1197 = CIRCLE('',#1198,0.499999755443);
#1198 = AXIS2_PLACEMENT_3D('',#1199,#1200,#1201);
#1199 = CARTESIAN_POINT('',(117.98022086309,-122.4775066161,0.));
#1200 = DIRECTION('',(0.,0.,1.));
#1201 = DIRECTION('',(-0.504517972959,-0.863401190039,0.));
#1202 = ORIENTED_EDGE('',*,*,#1203,.F.);
#1203 = EDGE_CURVE('',#1204,#1195,#1206,.T.);
#1204 = VERTEX_POINT('',#1205);
#1205 = CARTESIAN_POINT('',(117.475703,-122.840908,0.));
#1206 = CIRCLE('',#1207,0.500008729226);
#1207 = AXIS2_PLACEMENT_3D('',#1208,#1209,#1210);
#1208 = CARTESIAN_POINT('',(117.47570134314,-123.3409167292,0.));
#1209 = DIRECTION('',(0.,0.,-1.));
#1210 = DIRECTION('',(3.313649288608E-06,0.999999999995,0.));
#1211 = ORIENTED_EDGE('',*,*,#1212,.F.);
#1212 = EDGE_CURVE('',#1213,#1204,#1215,.T.);
#1213 = VERTEX_POINT('',#1214);
#1214 = CARTESIAN_POINT('',(115.886799,-122.840908,0.));
#1215 = LINE('',#1216,#1217);
#1216 = CARTESIAN_POINT('',(115.886799,-122.840908,0.));
#1217 = VECTOR('',#1218,1.);
#1218 = DIRECTION('',(1.,0.,0.));
#1219 = ORIENTED_EDGE('',*,*,#1220,.F.);
#1220 = EDGE_CURVE('',#1221,#1213,#1223,.T.);
#1221 = VERTEX_POINT('',#1222);
#1222 = CARTESIAN_POINT('',(115.63454,-122.909205,0.));
#1223 = CIRCLE('',#1224,0.500040834725);
#1224 = AXIS2_PLACEMENT_3D('',#1225,#1226,#1227);
#1225 = CARTESIAN_POINT('',(115.88680592637,-123.3409488346,0.));
#1226 = DIRECTION('',(0.,0.,-1.));
#1227 = DIRECTION('',(-0.50449065128,0.86341715455,0.));
#1228 = ORIENTED_EDGE('',*,*,#1229,.F.);
#1229 = EDGE_CURVE('',#1230,#1221,#1232,.T.);
#1230 = VERTEX_POINT('',#1231);
#1231 = CARTESIAN_POINT('',(114.931767,-122.260628,0.));
#1232 = CIRCLE('',#1233,0.499999092786);
#1233 = AXIS2_PLACEMENT_3D('',#1234,#1235,#1236);
#1234 = CARTESIAN_POINT('',(115.38228160898,-122.4775051077,0.));
#1235 = DIRECTION('',(0.,0.,1.));
#1236 = DIRECTION('',(-0.901030852831,0.43375500256,0.));
#1237 = ORIENTED_EDGE('',*,*,#1238,.F.);
#1238 = EDGE_CURVE('',#1239,#1230,#1241,.T.);
#1239 = VERTEX_POINT('',#1240);
#1240 = CARTESIAN_POINT('',(114.981252,-122.04375,0.));
#1241 = CIRCLE('',#1242,0.499989885034);
#1242 = AXIS2_PLACEMENT_3D('',#1243,#1244,#1245);
#1243 = CARTESIAN_POINT('',(114.48126211496,-122.0437519208,0.));
#1244 = DIRECTION('',(0.,0.,-1.));
#1245 = DIRECTION('',(0.999999999993,3.841811448942E-06,0.));
#1246 = ORIENTED_EDGE('',*,*,#1247,.F.);
#1247 = EDGE_CURVE('',#1248,#1239,#1250,.T.);
#1248 = VERTEX_POINT('',#1249);
#1249 = CARTESIAN_POINT('',(114.981252,-120.638066,0.));
#1250 = LINE('',#1251,#1252);
#1251 = CARTESIAN_POINT('',(114.981252,-120.638066,0.));
#1252 = VECTOR('',#1253,1.);
#1253 = DIRECTION('',(0.,-1.,0.));
#1254 = ORIENTED_EDGE('',*,*,#1255,.F.);
#1255 = EDGE_CURVE('',#1256,#1248,#1258,.T.);
#1256 = VERTEX_POINT('',#1257);
#1257 = CARTESIAN_POINT('',(114.931767,-120.421188,0.));
#1258 = CIRCLE('',#1259,0.499989885034);
#1259 = AXIS2_PLACEMENT_3D('',#1260,#1261,#1262);
#1260 = CARTESIAN_POINT('',(114.48126211496,-120.6380640791,0.));
#1261 = DIRECTION('',(0.,0.,-1.));
#1262 = DIRECTION('',(0.901027997796,0.43376093322,0.));
#1263 = ORIENTED_EDGE('',*,*,#1264,.F.);
#1264 = EDGE_CURVE('',#1265,#1256,#1267,.T.);
#1265 = VERTEX_POINT('',#1266);
#1266 = CARTESIAN_POINT('',(115.63454,-119.772609,0.));
#1267 = CIRCLE('',#1268,0.499999729127);
#1268 = AXIS2_PLACEMENT_3D('',#1269,#1270,#1271);
#1269 = CARTESIAN_POINT('',(115.38228174567,-120.2043097091,0.));
#1270 = DIRECTION('',(0.,0.,1.));
#1271 = DIRECTION('',(0.504516781968,0.863401885979,-0.));
#1272 = ORIENTED_EDGE('',*,*,#1273,.F.);
#1273 = EDGE_CURVE('',#1274,#1265,#1276,.T.);
#1274 = VERTEX_POINT('',#1275);
#1275 = CARTESIAN_POINT('',(115.886799,-119.840909,0.));
#1276 = CIRCLE('',#1277,0.50002311711);
#1277 = AXIS2_PLACEMENT_3D('',#1278,#1279,#1280);
#1278 = CARTESIAN_POINT('',(115.88680626378,-119.3408858829,0.));
#1279 = DIRECTION('',(0.,0.,-1.));
#1280 = DIRECTION('',(-1.45268932324E-05,-0.999999999894,-0.));
#1281 = ORIENTED_EDGE('',*,*,#1282,.F.);
#1282 = EDGE_CURVE('',#1283,#1274,#1285,.T.);
#1283 = VERTEX_POINT('',#1284);
#1284 = CARTESIAN_POINT('',(117.475704,-119.840909,0.));
#1285 = LINE('',#1286,#1287);
#1286 = CARTESIAN_POINT('',(117.475704,-119.840909,0.));
#1287 = VECTOR('',#1288,1.);
#1288 = DIRECTION('',(-1.,0.,0.));
#1289 = ORIENTED_EDGE('',*,*,#1290,.F.);
#1290 = EDGE_CURVE('',#1160,#1283,#1291,.T.);
#1291 = CIRCLE('',#1292,0.500008729288);
#1292 = AXIS2_PLACEMENT_3D('',#1293,#1294,#1295);
#1293 = CARTESIAN_POINT('',(117.47570134312,-119.3409002707,0.));
#1294 = DIRECTION('',(0.,0.,-1.));
#1295 = DIRECTION('',(0.504512505685,-0.863404384751,0.));
#1296 = FACE_BOUND('',#1297,.F.);
#1297 = EDGE_LOOP('',(#1298));
#1298 = ORIENTED_EDGE('',*,*,#1299,.T.);
#1299 = EDGE_CURVE('',#1300,#1300,#1302,.T.);
#1300 = VERTEX_POINT('',#1301);
#1301 = CARTESIAN_POINT('',(126.20625,-121.84375,0.));
#1302 = CIRCLE('',#1303,0.4);
#1303 = AXIS2_PLACEMENT_3D('',#1304,#1305,#1306);
#1304 = CARTESIAN_POINT('',(126.20625,-121.44375,0.));
#1305 = DIRECTION('',(-0.,0.,-1.));
#1306 = DIRECTION('',(-3.552713678801E-14,-1.,0.));
#1307 = FACE_BOUND('',#1308,.F.);
#1308 = EDGE_LOOP('',(#1309));
#1309 = ORIENTED_EDGE('',*,*,#1310,.T.);
#1310 = EDGE_CURVE('',#1311,#1311,#1313,.T.);
#1311 = VERTEX_POINT('',#1312);
#1312 = CARTESIAN_POINT('',(133.19125,-132.03625,0.));
#1313 = CIRCLE('',#1314,0.75);
#1314 = AXIS2_PLACEMENT_3D('',#1315,#1316,#1317);
#1315 = CARTESIAN_POINT('',(133.19125,-131.28625,0.));
#1316 = DIRECTION('',(-0.,0.,-1.));
#1317 = DIRECTION('',(-0.,-1.,0.));
#1318 = FACE_BOUND('',#1319,.F.);
#1319 = EDGE_LOOP('',(#1320));
#1320 = ORIENTED_EDGE('',*,*,#1321,.T.);
#1321 = EDGE_CURVE('',#1322,#1322,#1324,.T.);
#1322 = VERTEX_POINT('',#1323);
#1323 = CARTESIAN_POINT('',(139.54125,-129.49625,0.));
#1324 = CIRCLE('',#1325,0.75);
#1325 = AXIS2_PLACEMENT_3D('',#1326,#1327,#1328);
#1326 = CARTESIAN_POINT('',(139.54125,-128.74625,0.));
#1327 = DIRECTION('',(-0.,0.,-1.));
#1328 = DIRECTION('',(-0.,-1.,0.));
#1329 = FACE_BOUND('',#1330,.F.);
#1330 = EDGE_LOOP('',(#1331));
#1331 = ORIENTED_EDGE('',*,*,#1332,.T.);
#1332 = EDGE_CURVE('',#1333,#1333,#1335,.T.);
#1333 = VERTEX_POINT('',#1334);
#1334 = CARTESIAN_POINT('',(135.73125,-128.20625,0.));
#1335 = CIRCLE('',#1336,2.);
#1336 = AXIS2_PLACEMENT_3D('',#1337,#1338,#1339);
#1337 = CARTESIAN_POINT('',(135.73125,-126.20625,0.));
#1338 = DIRECTION('',(-0.,0.,-1.));
#1339 = DIRECTION('',(-0.,-1.,0.));
#1340 = FACE_BOUND('',#1341,.F.);
#1341 = EDGE_LOOP('',(#1342));
#1342 = ORIENTED_EDGE('',*,*,#1343,.T.);
#1343 = EDGE_CURVE('',#1344,#1344,#1346,.T.);
#1344 = VERTEX_POINT('',#1345);
#1345 = CARTESIAN_POINT('',(140.81125,-127.05625,0.));
#1346 = CIRCLE('',#1347,0.85);
#1347 = AXIS2_PLACEMENT_3D('',#1348,#1349,#1350);
#1348 = CARTESIAN_POINT('',(140.81125,-126.20625,0.));
#1349 = DIRECTION('',(-0.,0.,-1.));
#1350 = DIRECTION('',(-0.,-1.,0.));
#1351 = FACE_BOUND('',#1352,.F.);
#1352 = EDGE_LOOP('',(#1353));
#1353 = ORIENTED_EDGE('',*,*,#1354,.T.);
#1354 = EDGE_CURVE('',#1355,#1355,#1357,.T.);
#1355 = VERTEX_POINT('',#1356);
#1356 = CARTESIAN_POINT('',(145.25625,-129.46375,0.));
#1357 = CIRCLE('',#1358,0.4);
#1358 = AXIS2_PLACEMENT_3D('',#1359,#1360,#1361);
#1359 = CARTESIAN_POINT('',(145.25625,-129.06375,0.));
#1360 = DIRECTION('',(-0.,0.,-1.));
#1361 = DIRECTION('',(-0.,-1.,0.));
#1362 = FACE_BOUND('',#1363,.F.);
#1363 = EDGE_LOOP('',(#1364));
#1364 = ORIENTED_EDGE('',*,*,#1365,.T.);
#1365 = EDGE_CURVE('',#1366,#1366,#1368,.T.);
#1366 = VERTEX_POINT('',#1367);
#1367 = CARTESIAN_POINT('',(152.24125,-132.03625,0.));
#1368 = CIRCLE('',#1369,0.75);
#1369 = AXIS2_PLACEMENT_3D('',#1370,#1371,#1372);
#1370 = CARTESIAN_POINT('',(152.24125,-131.28625,0.));
#1371 = DIRECTION('',(-0.,0.,-1.));
#1372 = DIRECTION('',(-0.,-1.,0.));
#1373 = FACE_BOUND('',#1374,.F.);
#1374 = EDGE_LOOP('',(#1375));
#1375 = ORIENTED_EDGE('',*,*,#1376,.T.);
#1376 = EDGE_CURVE('',#1377,#1377,#1379,.T.);
#1377 = VERTEX_POINT('',#1378);
#1378 = CARTESIAN_POINT('',(149.70125,-127.05625,0.));
#1379 = CIRCLE('',#1380,0.85);
#1380 = AXIS2_PLACEMENT_3D('',#1381,#1382,#1383);
#1381 = CARTESIAN_POINT('',(149.70125,-126.20625,0.));
#1382 = DIRECTION('',(-0.,0.,-1.));
#1383 = DIRECTION('',(-3.343730521224E-14,-1.,0.));
#1384 = FACE_BOUND('',#1385,.F.);
#1385 = EDGE_LOOP('',(#1386,#1397,#1406,#1414,#1423,#1432,#1441,#1449,
    #1458,#1467,#1476,#1484,#1493,#1502,#1511,#1519));
#1386 = ORIENTED_EDGE('',*,*,#1387,.F.);
#1387 = EDGE_CURVE('',#1388,#1390,#1392,.T.);
#1388 = VERTEX_POINT('',#1389);
#1389 = CARTESIAN_POINT('',(134.68454,-119.772609,0.));
#1390 = VERTEX_POINT('',#1391);
#1391 = CARTESIAN_POINT('',(133.981767,-120.421188,0.));
#1392 = CIRCLE('',#1393,0.499999729127);
#1393 = AXIS2_PLACEMENT_3D('',#1394,#1395,#1396);
#1394 = CARTESIAN_POINT('',(134.43228174567,-120.2043097091,0.));
#1395 = DIRECTION('',(0.,0.,1.));
#1396 = DIRECTION('',(0.504516781969,0.863401885979,-0.));
#1397 = ORIENTED_EDGE('',*,*,#1398,.F.);
#1398 = EDGE_CURVE('',#1399,#1388,#1401,.T.);
#1399 = VERTEX_POINT('',#1400);
#1400 = CARTESIAN_POINT('',(134.936798,-119.840908,0.));
#1401 = CIRCLE('',#1402,0.500008729288);
#1402 = AXIS2_PLACEMENT_3D('',#1403,#1404,#1405);
#1403 = CARTESIAN_POINT('',(134.93680065687,-119.3408992707,0.));
#1404 = DIRECTION('',(0.,0.,-1.));
#1405 = DIRECTION('',(-5.313662711088E-06,-0.999999999986,-0.));
#1406 = ORIENTED_EDGE('',*,*,#1407,.F.);
#1407 = EDGE_CURVE('',#1408,#1399,#1410,.T.);
#1408 = VERTEX_POINT('',#1409);
#1409 = CARTESIAN_POINT('',(136.525704,-119.840909,0.));
#1410 = LINE('',#1411,#1412);
#1411 = CARTESIAN_POINT('',(136.525704,-119.840909,0.));
#1412 = VECTOR('',#1413,1.);
#1413 = DIRECTION('',(-1.,6.29363850017E-07,0.));
#1414 = ORIENTED_EDGE('',*,*,#1415,.F.);
#1415 = EDGE_CURVE('',#1416,#1408,#1418,.T.);
#1416 = VERTEX_POINT('',#1417);
#1417 = CARTESIAN_POINT('',(136.777962,-119.77261,0.));
#1418 = CIRCLE('',#1419,0.500008729288);
#1419 = AXIS2_PLACEMENT_3D('',#1420,#1421,#1422);
#1420 = CARTESIAN_POINT('',(136.52570134312,-119.3409002707,0.));
#1421 = DIRECTION('',(0.,0.,-1.));
#1422 = DIRECTION('',(0.504512505685,-0.863404384751,0.));
#1423 = ORIENTED_EDGE('',*,*,#1424,.F.);
#1424 = EDGE_CURVE('',#1425,#1416,#1427,.T.);
#1425 = VERTEX_POINT('',#1426);
#1426 = CARTESIAN_POINT('',(137.480735,-120.421188,0.));
#1427 = CIRCLE('',#1428,0.499999422661);
#1428 = AXIS2_PLACEMENT_3D('',#1429,#1430,#1431);
#1429 = CARTESIAN_POINT('',(137.03022029551,-120.20431033,0.));
#1430 = DIRECTION('',(0.,0.,1.));
#1431 = DIRECTION('',(0.901030449374,-0.433755840654,0.));
#1432 = ORIENTED_EDGE('',*,*,#1433,.F.);
#1433 = EDGE_CURVE('',#1434,#1425,#1436,.T.);
#1434 = VERTEX_POINT('',#1435);
#1435 = CARTESIAN_POINT('',(137.43125,-120.638065,0.));
#1436 = CIRCLE('',#1437,0.499989884978);
#1437 = AXIS2_PLACEMENT_3D('',#1438,#1439,#1440);
#1438 = CARTESIAN_POINT('',(137.93123988497,-120.6380640791,0.));
#1439 = DIRECTION('',(0.,0.,-1.));
#1440 = DIRECTION('',(-0.999999999998,-1.841808596201E-06,-0.));
#1441 = ORIENTED_EDGE('',*,*,#1442,.F.);
#1442 = EDGE_CURVE('',#1443,#1434,#1445,.T.);
#1443 = VERTEX_POINT('',#1444);
#1444 = CARTESIAN_POINT('',(137.43125,-122.04375,0.));
#1445 = LINE('',#1446,#1447);
#1446 = CARTESIAN_POINT('',(137.43125,-122.04375,0.));
#1447 = VECTOR('',#1448,1.);
#1448 = DIRECTION('',(0.,1.,0.));
#1449 = ORIENTED_EDGE('',*,*,#1450,.F.);
#1450 = EDGE_CURVE('',#1451,#1443,#1453,.T.);
#1451 = VERTEX_POINT('',#1452);
#1452 = CARTESIAN_POINT('',(137.480735,-122.260628,0.));
#1453 = CIRCLE('',#1454,0.499989885034);
#1454 = AXIS2_PLACEMENT_3D('',#1455,#1456,#1457);
#1455 = CARTESIAN_POINT('',(137.93123988503,-122.0437519208,0.));
#1456 = DIRECTION('',(0.,0.,-1.));
#1457 = DIRECTION('',(-0.901027997796,-0.43376093322,-0.));
#1458 = ORIENTED_EDGE('',*,*,#1459,.F.);
#1459 = EDGE_CURVE('',#1460,#1451,#1462,.T.);
#1460 = VERTEX_POINT('',#1461);
#1461 = CARTESIAN_POINT('',(136.777962,-122.909207,0.));
#1462 = CIRCLE('',#1463,0.499999448976);
#1463 = AXIS2_PLACEMENT_3D('',#1464,#1465,#1466);
#1464 = CARTESIAN_POINT('',(137.03022090428,-122.4775069951,0.));
#1465 = DIRECTION('',(0.,0.,1.));
#1466 = DIRECTION('',(-0.504518364574,-0.863400961204,0.));
#1467 = ORIENTED_EDGE('',*,*,#1468,.F.);
#1468 = EDGE_CURVE('',#1469,#1460,#1471,.T.);
#1469 = VERTEX_POINT('',#1470);
#1470 = CARTESIAN_POINT('',(136.525703,-122.840908,0.));
#1471 = CIRCLE('',#1472,0.500008729226);
#1472 = AXIS2_PLACEMENT_3D('',#1473,#1474,#1475);
#1473 = CARTESIAN_POINT('',(136.52570134314,-123.3409167292,0.));
#1474 = DIRECTION('',(0.,0.,-1.));
#1475 = DIRECTION('',(3.313649317029E-06,0.999999999995,0.));
#1476 = ORIENTED_EDGE('',*,*,#1477,.F.);
#1477 = EDGE_CURVE('',#1478,#1469,#1480,.T.);
#1478 = VERTEX_POINT('',#1479);
#1479 = CARTESIAN_POINT('',(134.936799,-122.840908,0.));
#1480 = LINE('',#1481,#1482);
#1481 = CARTESIAN_POINT('',(134.936799,-122.840908,0.));
#1482 = VECTOR('',#1483,1.);
#1483 = DIRECTION('',(1.,0.,0.));
#1484 = ORIENTED_EDGE('',*,*,#1485,.F.);
#1485 = EDGE_CURVE('',#1486,#1478,#1488,.T.);
#1486 = VERTEX_POINT('',#1487);
#1487 = CARTESIAN_POINT('',(134.684541,-122.909207,0.));
#1488 = CIRCLE('',#1489,0.500008729288);
#1489 = AXIS2_PLACEMENT_3D('',#1490,#1491,#1492);
#1490 = CARTESIAN_POINT('',(134.93680165687,-123.3409167292,0.));
#1491 = DIRECTION('',(0.,0.,-1.));
#1492 = DIRECTION('',(-0.504512505685,0.863404384751,0.));
#1493 = ORIENTED_EDGE('',*,*,#1494,.F.);
#1494 = EDGE_CURVE('',#1495,#1486,#1497,.T.);
#1495 = VERTEX_POINT('',#1496);
#1496 = CARTESIAN_POINT('',(133.981767,-122.260628,0.));
#1497 = CIRCLE('',#1498,0.500000669307);
#1498 = AXIS2_PLACEMENT_3D('',#1499,#1500,#1501);
#1499 = CARTESIAN_POINT('',(134.4322835355,-122.4775047404,0.));
#1500 = DIRECTION('',(0.,0.,1.));
#1501 = DIRECTION('',(-0.901031864884,0.433752900236,0.));
#1502 = ORIENTED_EDGE('',*,*,#1503,.F.);
#1503 = EDGE_CURVE('',#1504,#1495,#1506,.T.);
#1504 = VERTEX_POINT('',#1505);
#1505 = CARTESIAN_POINT('',(134.031252,-122.04375,0.));
#1506 = CIRCLE('',#1507,0.499989885034);
#1507 = AXIS2_PLACEMENT_3D('',#1508,#1509,#1510);
#1508 = CARTESIAN_POINT('',(133.53126211496,-122.0437519208,0.));
#1509 = DIRECTION('',(0.,0.,-1.));
#1510 = DIRECTION('',(0.999999999993,3.841811448942E-06,0.));
#1511 = ORIENTED_EDGE('',*,*,#1512,.F.);
#1512 = EDGE_CURVE('',#1513,#1504,#1515,.T.);
#1513 = VERTEX_POINT('',#1514);
#1514 = CARTESIAN_POINT('',(134.031252,-120.638066,0.));
#1515 = LINE('',#1516,#1517);
#1516 = CARTESIAN_POINT('',(134.031252,-120.638066,0.));
#1517 = VECTOR('',#1518,1.);
#1518 = DIRECTION('',(0.,-1.,0.));
#1519 = ORIENTED_EDGE('',*,*,#1520,.F.);
#1520 = EDGE_CURVE('',#1390,#1513,#1521,.T.);
#1521 = CIRCLE('',#1522,0.499989885034);
#1522 = AXIS2_PLACEMENT_3D('',#1523,#1524,#1525);
#1523 = CARTESIAN_POINT('',(133.53126211496,-120.6380640791,0.));
#1524 = DIRECTION('',(0.,0.,-1.));
#1525 = DIRECTION('',(0.901027997796,0.43376093322,0.));
#1526 = FACE_BOUND('',#1527,.F.);
#1527 = EDGE_LOOP('',(#1528));
#1528 = ORIENTED_EDGE('',*,*,#1529,.T.);
#1529 = EDGE_CURVE('',#1530,#1530,#1532,.T.);
#1530 = VERTEX_POINT('',#1531);
#1531 = CARTESIAN_POINT('',(145.25625,-121.84375,0.));
#1532 = CIRCLE('',#1533,0.4);
#1533 = AXIS2_PLACEMENT_3D('',#1534,#1535,#1536);
#1534 = CARTESIAN_POINT('',(145.25625,-121.44375,0.));
#1535 = DIRECTION('',(-0.,0.,-1.));
#1536 = DIRECTION('',(-0.,-1.,0.));
#1537 = FACE_BOUND('',#1538,.F.);
#1538 = EDGE_LOOP('',(#1539));
#1539 = ORIENTED_EDGE('',*,*,#1540,.T.);
#1540 = EDGE_CURVE('',#1541,#1541,#1543,.T.);
#1541 = VERTEX_POINT('',#1542);
#1542 = CARTESIAN_POINT('',(158.59125,-148.54625,0.));
#1543 = CIRCLE('',#1544,0.75);
#1544 = AXIS2_PLACEMENT_3D('',#1545,#1546,#1547);
#1545 = CARTESIAN_POINT('',(158.59125,-147.79625,0.));
#1546 = DIRECTION('',(-0.,0.,-1.));
#1547 = DIRECTION('',(-0.,-1.,0.));
#1548 = FACE_BOUND('',#1549,.F.);
#1549 = EDGE_LOOP('',(#1550));
#1550 = ORIENTED_EDGE('',*,*,#1551,.T.);
#1551 = EDGE_CURVE('',#1552,#1552,#1554,.T.);
#1552 = VERTEX_POINT('',#1553);
#1553 = CARTESIAN_POINT('',(154.78125,-147.25625,0.));
#1554 = CIRCLE('',#1555,2.);
#1555 = AXIS2_PLACEMENT_3D('',#1556,#1557,#1558);
#1556 = CARTESIAN_POINT('',(154.78125,-145.25625,0.));
#1557 = DIRECTION('',(-0.,0.,-1.));
#1558 = DIRECTION('',(-0.,-1.,0.));
#1559 = FACE_BOUND('',#1560,.F.);
#1560 = EDGE_LOOP('',(#1561));
#1561 = ORIENTED_EDGE('',*,*,#1562,.T.);
#1562 = EDGE_CURVE('',#1563,#1563,#1565,.T.);
#1563 = VERTEX_POINT('',#1564);
#1564 = CARTESIAN_POINT('',(159.86125,-146.10625,0.));
#1565 = CIRCLE('',#1566,0.85);
#1566 = AXIS2_PLACEMENT_3D('',#1567,#1568,#1569);
#1567 = CARTESIAN_POINT('',(159.86125,-145.25625,0.));
#1568 = DIRECTION('',(-0.,0.,-1.));
#1569 = DIRECTION('',(3.343730521224E-14,-1.,-0.));
#1570 = FACE_BOUND('',#1571,.F.);
#1571 = EDGE_LOOP('',(#1572));
#1572 = ORIENTED_EDGE('',*,*,#1573,.T.);
#1573 = EDGE_CURVE('',#1574,#1574,#1576,.T.);
#1574 = VERTEX_POINT('',#1575);
#1575 = CARTESIAN_POINT('',(164.30625,-148.51375,0.));
#1576 = CIRCLE('',#1577,0.4);
#1577 = AXIS2_PLACEMENT_3D('',#1578,#1579,#1580);
#1578 = CARTESIAN_POINT('',(164.30625,-148.11375,0.));
#1579 = DIRECTION('',(-0.,0.,-1.));
#1580 = DIRECTION('',(-0.,-1.,0.));
#1581 = FACE_BOUND('',#1582,.F.);
#1582 = EDGE_LOOP('',(#1583,#1594,#1603,#1611,#1620,#1629,#1638,#1646,
    #1655,#1664,#1673,#1681,#1690,#1699,#1708,#1716));
#1583 = ORIENTED_EDGE('',*,*,#1584,.F.);
#1584 = EDGE_CURVE('',#1585,#1587,#1589,.T.);
#1585 = VERTEX_POINT('',#1586);
#1586 = CARTESIAN_POINT('',(153.73454,-138.822609,0.));
#1587 = VERTEX_POINT('',#1588);
#1588 = CARTESIAN_POINT('',(153.031767,-139.471188,0.));
#1589 = CIRCLE('',#1590,0.499999729127);
#1590 = AXIS2_PLACEMENT_3D('',#1591,#1592,#1593);
#1591 = CARTESIAN_POINT('',(153.48228174567,-139.2543097091,0.));
#1592 = DIRECTION('',(0.,0.,1.));
#1593 = DIRECTION('',(0.504516781969,0.863401885979,-0.));
#1594 = ORIENTED_EDGE('',*,*,#1595,.F.);
#1595 = EDGE_CURVE('',#1596,#1585,#1598,.T.);
#1596 = VERTEX_POINT('',#1597);
#1597 = CARTESIAN_POINT('',(153.986798,-138.890908,0.));
#1598 = CIRCLE('',#1599,0.500008729288);
#1599 = AXIS2_PLACEMENT_3D('',#1600,#1601,#1602);
#1600 = CARTESIAN_POINT('',(153.98680065687,-138.3908992707,0.));
#1601 = DIRECTION('',(0.,0.,-1.));
#1602 = DIRECTION('',(-5.313662597407E-06,-0.999999999986,-0.));
#1603 = ORIENTED_EDGE('',*,*,#1604,.F.);
#1604 = EDGE_CURVE('',#1605,#1596,#1607,.T.);
#1605 = VERTEX_POINT('',#1606);
#1606 = CARTESIAN_POINT('',(155.575704,-138.890909,0.));
#1607 = LINE('',#1608,#1609);
#1608 = CARTESIAN_POINT('',(155.575704,-138.890909,0.));
#1609 = VECTOR('',#1610,1.);
#1610 = DIRECTION('',(-1.,6.29363850017E-07,0.));
#1611 = ORIENTED_EDGE('',*,*,#1612,.F.);
#1612 = EDGE_CURVE('',#1613,#1605,#1615,.T.);
#1613 = VERTEX_POINT('',#1614);
#1614 = CARTESIAN_POINT('',(155.827962,-138.82261,0.));
#1615 = CIRCLE('',#1616,0.500008729288);
#1616 = AXIS2_PLACEMENT_3D('',#1617,#1618,#1619);
#1617 = CARTESIAN_POINT('',(155.57570134312,-138.3909002707,0.));
#1618 = DIRECTION('',(0.,0.,-1.));
#1619 = DIRECTION('',(0.504512505686,-0.863404384751,0.));
#1620 = ORIENTED_EDGE('',*,*,#1621,.F.);
#1621 = EDGE_CURVE('',#1622,#1613,#1624,.T.);
#1622 = VERTEX_POINT('',#1623);
#1623 = CARTESIAN_POINT('',(156.530735,-139.471188,0.));
#1624 = CIRCLE('',#1625,0.499999422661);
#1625 = AXIS2_PLACEMENT_3D('',#1626,#1627,#1628);
#1626 = CARTESIAN_POINT('',(156.08022029551,-139.25431033,0.));
#1627 = DIRECTION('',(0.,0.,1.));
#1628 = DIRECTION('',(0.901030449374,-0.433755840654,0.));
#1629 = ORIENTED_EDGE('',*,*,#1630,.F.);
#1630 = EDGE_CURVE('',#1631,#1622,#1633,.T.);
#1631 = VERTEX_POINT('',#1632);
#1632 = CARTESIAN_POINT('',(156.48125,-139.688066,0.));
#1633 = CIRCLE('',#1634,0.499989885034);
#1634 = AXIS2_PLACEMENT_3D('',#1635,#1636,#1637);
#1635 = CARTESIAN_POINT('',(156.98123988503,-139.6880640791,0.));
#1636 = DIRECTION('',(0.,0.,-1.));
#1637 = DIRECTION('',(-0.999999999993,-3.84181142052E-06,-0.));
#1638 = ORIENTED_EDGE('',*,*,#1639,.F.);
#1639 = EDGE_CURVE('',#1640,#1631,#1642,.T.);
#1640 = VERTEX_POINT('',#1641);
#1641 = CARTESIAN_POINT('',(156.48125,-141.09375,0.));
#1642 = LINE('',#1643,#1644);
#1643 = CARTESIAN_POINT('',(156.48125,-141.09375,0.));
#1644 = VECTOR('',#1645,1.);
#1645 = DIRECTION('',(0.,1.,0.));
#1646 = ORIENTED_EDGE('',*,*,#1647,.F.);
#1647 = EDGE_CURVE('',#1648,#1640,#1650,.T.);
#1648 = VERTEX_POINT('',#1649);
#1649 = CARTESIAN_POINT('',(156.530735,-141.310628,0.));
#1650 = CIRCLE('',#1651,0.499989885034);
#1651 = AXIS2_PLACEMENT_3D('',#1652,#1653,#1654);
#1652 = CARTESIAN_POINT('',(156.98123988503,-141.0937519208,0.));
#1653 = DIRECTION('',(0.,0.,-1.));
#1654 = DIRECTION('',(-0.901027997796,-0.43376093322,-0.));
#1655 = ORIENTED_EDGE('',*,*,#1656,.F.);
#1656 = EDGE_CURVE('',#1657,#1648,#1659,.T.);
#1657 = VERTEX_POINT('',#1658);
#1658 = CARTESIAN_POINT('',(155.827962,-141.959207,0.));
#1659 = CIRCLE('',#1660,0.499999448976);
#1660 = AXIS2_PLACEMENT_3D('',#1661,#1662,#1663);
#1661 = CARTESIAN_POINT('',(156.08022090428,-141.5275069951,0.));
#1662 = DIRECTION('',(0.,0.,1.));
#1663 = DIRECTION('',(-0.504518364574,-0.863400961204,0.));
#1664 = ORIENTED_EDGE('',*,*,#1665,.F.);
#1665 = EDGE_CURVE('',#1666,#1657,#1668,.T.);
#1666 = VERTEX_POINT('',#1667);
#1667 = CARTESIAN_POINT('',(155.575703,-141.890908,0.));
#1668 = CIRCLE('',#1669,0.500008729227);
#1669 = AXIS2_PLACEMENT_3D('',#1670,#1671,#1672);
#1670 = CARTESIAN_POINT('',(155.57570134314,-142.3909167292,0.));
#1671 = DIRECTION('',(0.,0.,-1.));
#1672 = DIRECTION('',(3.313649487554E-06,0.999999999995,0.));
#1673 = ORIENTED_EDGE('',*,*,#1674,.F.);
#1674 = EDGE_CURVE('',#1675,#1666,#1677,.T.);
#1675 = VERTEX_POINT('',#1676);
#1676 = CARTESIAN_POINT('',(153.986799,-141.890908,0.));
#1677 = LINE('',#1678,#1679);
#1678 = CARTESIAN_POINT('',(153.986799,-141.890908,0.));
#1679 = VECTOR('',#1680,1.);
#1680 = DIRECTION('',(1.,0.,0.));
#1681 = ORIENTED_EDGE('',*,*,#1682,.F.);
#1682 = EDGE_CURVE('',#1683,#1675,#1685,.T.);
#1683 = VERTEX_POINT('',#1684);
#1684 = CARTESIAN_POINT('',(153.734541,-141.959207,0.));
#1685 = CIRCLE('',#1686,0.500008729289);
#1686 = AXIS2_PLACEMENT_3D('',#1687,#1688,#1689);
#1687 = CARTESIAN_POINT('',(153.98680165687,-142.3909167292,0.));
#1688 = DIRECTION('',(0.,0.,-1.));
#1689 = DIRECTION('',(-0.504512505685,0.863404384751,0.));
#1690 = ORIENTED_EDGE('',*,*,#1691,.F.);
#1691 = EDGE_CURVE('',#1692,#1683,#1694,.T.);
#1692 = VERTEX_POINT('',#1693);
#1693 = CARTESIAN_POINT('',(153.031767,-141.310628,0.));
#1694 = CIRCLE('',#1695,0.500000669307);
#1695 = AXIS2_PLACEMENT_3D('',#1696,#1697,#1698);
#1696 = CARTESIAN_POINT('',(153.4822835355,-141.5275047404,0.));
#1697 = DIRECTION('',(0.,0.,1.));
#1698 = DIRECTION('',(-0.901031864884,0.433752900236,0.));
#1699 = ORIENTED_EDGE('',*,*,#1700,.F.);
#1700 = EDGE_CURVE('',#1701,#1692,#1703,.T.);
#1701 = VERTEX_POINT('',#1702);
#1702 = CARTESIAN_POINT('',(153.081252,-141.093751,0.));
#1703 = CIRCLE('',#1704,0.499989884978);
#1704 = AXIS2_PLACEMENT_3D('',#1705,#1706,#1707);
#1705 = CARTESIAN_POINT('',(152.58126211502,-141.0937519208,0.));
#1706 = DIRECTION('',(0.,0.,-1.));
#1707 = DIRECTION('',(0.999999999998,1.841808539356E-06,0.));
#1708 = ORIENTED_EDGE('',*,*,#1709,.F.);
#1709 = EDGE_CURVE('',#1710,#1701,#1712,.T.);
#1710 = VERTEX_POINT('',#1711);
#1711 = CARTESIAN_POINT('',(153.081252,-139.688066,0.));
#1712 = LINE('',#1713,#1714);
#1713 = CARTESIAN_POINT('',(153.081252,-139.688066,0.));
#1714 = VECTOR('',#1715,1.);
#1715 = DIRECTION('',(0.,-1.,0.));
#1716 = ORIENTED_EDGE('',*,*,#1717,.F.);
#1717 = EDGE_CURVE('',#1587,#1710,#1718,.T.);
#1718 = CIRCLE('',#1719,0.499989885034);
#1719 = AXIS2_PLACEMENT_3D('',#1720,#1721,#1722);
#1720 = CARTESIAN_POINT('',(152.58126211497,-139.6880640791,0.));
#1721 = DIRECTION('',(0.,0.,-1.));
#1722 = DIRECTION('',(0.901027997796,0.43376093322,0.));
#1723 = FACE_BOUND('',#1724,.F.);
#1724 = EDGE_LOOP('',(#1725));
#1725 = ORIENTED_EDGE('',*,*,#1726,.T.);
#1726 = EDGE_CURVE('',#1727,#1727,#1729,.T.);
#1727 = VERTEX_POINT('',#1728);
#1728 = CARTESIAN_POINT('',(164.30625,-140.89375,0.));
#1729 = CIRCLE('',#1730,0.4);
#1730 = AXIS2_PLACEMENT_3D('',#1731,#1732,#1733);
#1731 = CARTESIAN_POINT('',(164.30625,-140.49375,0.));
#1732 = DIRECTION('',(-0.,0.,-1.));
#1733 = DIRECTION('',(-0.,-1.,0.));
#1734 = FACE_BOUND('',#1735,.F.);
#1735 = EDGE_LOOP('',(#1736));
#1736 = ORIENTED_EDGE('',*,*,#1737,.T.);
#1737 = EDGE_CURVE('',#1738,#1738,#1740,.T.);
#1738 = VERTEX_POINT('',#1739);
#1739 = CARTESIAN_POINT('',(158.59125,-129.49625,0.));
#1740 = CIRCLE('',#1741,0.75);
#1741 = AXIS2_PLACEMENT_3D('',#1742,#1743,#1744);
#1742 = CARTESIAN_POINT('',(158.59125,-128.74625,0.));
#1743 = DIRECTION('',(-0.,0.,-1.));
#1744 = DIRECTION('',(-0.,-1.,0.));
#1745 = FACE_BOUND('',#1746,.F.);
#1746 = EDGE_LOOP('',(#1747));
#1747 = ORIENTED_EDGE('',*,*,#1748,.T.);
#1748 = EDGE_CURVE('',#1749,#1749,#1751,.T.);
#1749 = VERTEX_POINT('',#1750);
#1750 = CARTESIAN_POINT('',(154.78125,-128.20625,0.));
#1751 = CIRCLE('',#1752,2.);
#1752 = AXIS2_PLACEMENT_3D('',#1753,#1754,#1755);
#1753 = CARTESIAN_POINT('',(154.78125,-126.20625,0.));
#1754 = DIRECTION('',(-0.,0.,-1.));
#1755 = DIRECTION('',(-0.,-1.,0.));
#1756 = FACE_BOUND('',#1757,.F.);
#1757 = EDGE_LOOP('',(#1758));
#1758 = ORIENTED_EDGE('',*,*,#1759,.T.);
#1759 = EDGE_CURVE('',#1760,#1760,#1762,.T.);
#1760 = VERTEX_POINT('',#1761);
#1761 = CARTESIAN_POINT('',(159.86125,-127.05625,0.));
#1762 = CIRCLE('',#1763,0.85);
#1763 = AXIS2_PLACEMENT_3D('',#1764,#1765,#1766);
#1764 = CARTESIAN_POINT('',(159.86125,-126.20625,0.));
#1765 = DIRECTION('',(-0.,0.,-1.));
#1766 = DIRECTION('',(3.343730521224E-14,-1.,-0.));
#1767 = FACE_BOUND('',#1768,.F.);
#1768 = EDGE_LOOP('',(#1769));
#1769 = ORIENTED_EDGE('',*,*,#1770,.T.);
#1770 = EDGE_CURVE('',#1771,#1771,#1773,.T.);
#1771 = VERTEX_POINT('',#1772);
#1772 = CARTESIAN_POINT('',(164.30625,-129.46375,0.));
#1773 = CIRCLE('',#1774,0.4);
#1774 = AXIS2_PLACEMENT_3D('',#1775,#1776,#1777);
#1775 = CARTESIAN_POINT('',(164.30625,-129.06375,0.));
#1776 = DIRECTION('',(-0.,0.,-1.));
#1777 = DIRECTION('',(-0.,-1.,0.));
#1778 = FACE_BOUND('',#1779,.F.);
#1779 = EDGE_LOOP('',(#1780,#1791,#1800,#1808,#1817,#1826,#1835,#1843,
    #1852,#1861,#1870,#1878,#1887,#1896,#1905,#1913));
#1780 = ORIENTED_EDGE('',*,*,#1781,.F.);
#1781 = EDGE_CURVE('',#1782,#1784,#1786,.T.);
#1782 = VERTEX_POINT('',#1783);
#1783 = CARTESIAN_POINT('',(153.73454,-119.772609,0.));
#1784 = VERTEX_POINT('',#1785);
#1785 = CARTESIAN_POINT('',(153.031767,-120.421188,0.));
#1786 = CIRCLE('',#1787,0.499999729127);
#1787 = AXIS2_PLACEMENT_3D('',#1788,#1789,#1790);
#1788 = CARTESIAN_POINT('',(153.48228174567,-120.2043097091,0.));
#1789 = DIRECTION('',(0.,0.,1.));
#1790 = DIRECTION('',(0.504516781969,0.863401885979,-0.));
#1791 = ORIENTED_EDGE('',*,*,#1792,.F.);
#1792 = EDGE_CURVE('',#1793,#1782,#1795,.T.);
#1793 = VERTEX_POINT('',#1794);
#1794 = CARTESIAN_POINT('',(153.986798,-119.840908,0.));
#1795 = CIRCLE('',#1796,0.500008729288);
#1796 = AXIS2_PLACEMENT_3D('',#1797,#1798,#1799);
#1797 = CARTESIAN_POINT('',(153.98680065687,-119.3408992707,0.));
#1798 = DIRECTION('',(0.,0.,-1.));
#1799 = DIRECTION('',(-5.313662824773E-06,-0.999999999986,-0.));
#1800 = ORIENTED_EDGE('',*,*,#1801,.F.);
#1801 = EDGE_CURVE('',#1802,#1793,#1804,.T.);
#1802 = VERTEX_POINT('',#1803);
#1803 = CARTESIAN_POINT('',(155.575704,-119.840909,0.));
#1804 = LINE('',#1805,#1806);
#1805 = CARTESIAN_POINT('',(155.575704,-119.840909,0.));
#1806 = VECTOR('',#1807,1.);
#1807 = DIRECTION('',(-1.,6.29363850017E-07,0.));
#1808 = ORIENTED_EDGE('',*,*,#1809,.F.);
#1809 = EDGE_CURVE('',#1810,#1802,#1812,.T.);
#1810 = VERTEX_POINT('',#1811);
#1811 = CARTESIAN_POINT('',(155.827962,-119.77261,0.));
#1812 = CIRCLE('',#1813,0.500008729288);
#1813 = AXIS2_PLACEMENT_3D('',#1814,#1815,#1816);
#1814 = CARTESIAN_POINT('',(155.57570134312,-119.3409002707,0.));
#1815 = DIRECTION('',(0.,0.,-1.));
#1816 = DIRECTION('',(0.504512505685,-0.863404384751,0.));
#1817 = ORIENTED_EDGE('',*,*,#1818,.F.);
#1818 = EDGE_CURVE('',#1819,#1810,#1821,.T.);
#1819 = VERTEX_POINT('',#1820);
#1820 = CARTESIAN_POINT('',(156.530735,-120.421188,0.));
#1821 = CIRCLE('',#1822,0.499999422661);
#1822 = AXIS2_PLACEMENT_3D('',#1823,#1824,#1825);
#1823 = CARTESIAN_POINT('',(156.08022029551,-120.20431033,0.));
#1824 = DIRECTION('',(0.,0.,1.));
#1825 = DIRECTION('',(0.901030449374,-0.433755840654,0.));
#1826 = ORIENTED_EDGE('',*,*,#1827,.F.);
#1827 = EDGE_CURVE('',#1828,#1819,#1830,.T.);
#1828 = VERTEX_POINT('',#1829);
#1829 = CARTESIAN_POINT('',(156.48125,-120.638066,0.));
#1830 = CIRCLE('',#1831,0.499989885034);
#1831 = AXIS2_PLACEMENT_3D('',#1832,#1833,#1834);
#1832 = CARTESIAN_POINT('',(156.98123988503,-120.6380640791,0.));
#1833 = DIRECTION('',(0.,0.,-1.));
#1834 = DIRECTION('',(-0.999999999993,-3.841811363675E-06,-0.));
#1835 = ORIENTED_EDGE('',*,*,#1836,.F.);
#1836 = EDGE_CURVE('',#1837,#1828,#1839,.T.);
#1837 = VERTEX_POINT('',#1838);
#1838 = CARTESIAN_POINT('',(156.48125,-122.04375,0.));
#1839 = LINE('',#1840,#1841);
#1840 = CARTESIAN_POINT('',(156.48125,-122.04375,0.));
#1841 = VECTOR('',#1842,1.);
#1842 = DIRECTION('',(0.,1.,0.));
#1843 = ORIENTED_EDGE('',*,*,#1844,.F.);
#1844 = EDGE_CURVE('',#1845,#1837,#1847,.T.);
#1845 = VERTEX_POINT('',#1846);
#1846 = CARTESIAN_POINT('',(156.530735,-122.260628,0.));
#1847 = CIRCLE('',#1848,0.499989885034);
#1848 = AXIS2_PLACEMENT_3D('',#1849,#1850,#1851);
#1849 = CARTESIAN_POINT('',(156.98123988503,-122.0437519208,0.));
#1850 = DIRECTION('',(0.,0.,-1.));
#1851 = DIRECTION('',(-0.901027997796,-0.43376093322,-0.));
#1852 = ORIENTED_EDGE('',*,*,#1853,.F.);
#1853 = EDGE_CURVE('',#1854,#1845,#1856,.T.);
#1854 = VERTEX_POINT('',#1855);
#1855 = CARTESIAN_POINT('',(155.827962,-122.909207,0.));
#1856 = CIRCLE('',#1857,0.499999448976);
#1857 = AXIS2_PLACEMENT_3D('',#1858,#1859,#1860);
#1858 = CARTESIAN_POINT('',(156.08022090428,-122.4775069951,0.));
#1859 = DIRECTION('',(0.,0.,1.));
#1860 = DIRECTION('',(-0.504518364574,-0.863400961204,0.));
#1861 = ORIENTED_EDGE('',*,*,#1862,.F.);
#1862 = EDGE_CURVE('',#1863,#1854,#1865,.T.);
#1863 = VERTEX_POINT('',#1864);
#1864 = CARTESIAN_POINT('',(155.575703,-122.840908,0.));
#1865 = CIRCLE('',#1866,0.500008729226);
#1866 = AXIS2_PLACEMENT_3D('',#1867,#1868,#1869);
#1867 = CARTESIAN_POINT('',(155.57570134314,-123.3409167292,0.));
#1868 = DIRECTION('',(0.,0.,-1.));
#1869 = DIRECTION('',(3.313649317029E-06,0.999999999995,0.));
#1870 = ORIENTED_EDGE('',*,*,#1871,.F.);
#1871 = EDGE_CURVE('',#1872,#1863,#1874,.T.);
#1872 = VERTEX_POINT('',#1873);
#1873 = CARTESIAN_POINT('',(153.986799,-122.840908,0.));
#1874 = LINE('',#1875,#1876);
#1875 = CARTESIAN_POINT('',(153.986799,-122.840908,0.));
#1876 = VECTOR('',#1877,1.);
#1877 = DIRECTION('',(1.,0.,0.));
#1878 = ORIENTED_EDGE('',*,*,#1879,.F.);
#1879 = EDGE_CURVE('',#1880,#1872,#1882,.T.);
#1880 = VERTEX_POINT('',#1881);
#1881 = CARTESIAN_POINT('',(153.734541,-122.909207,0.));
#1882 = CIRCLE('',#1883,0.500008729288);
#1883 = AXIS2_PLACEMENT_3D('',#1884,#1885,#1886);
#1884 = CARTESIAN_POINT('',(153.98680165687,-123.3409167292,0.));
#1885 = DIRECTION('',(0.,0.,-1.));
#1886 = DIRECTION('',(-0.504512505685,0.863404384751,0.));
#1887 = ORIENTED_EDGE('',*,*,#1888,.F.);
#1888 = EDGE_CURVE('',#1889,#1880,#1891,.T.);
#1889 = VERTEX_POINT('',#1890);
#1890 = CARTESIAN_POINT('',(153.031767,-122.260628,0.));
#1891 = CIRCLE('',#1892,0.500000669307);
#1892 = AXIS2_PLACEMENT_3D('',#1893,#1894,#1895);
#1893 = CARTESIAN_POINT('',(153.4822835355,-122.4775047404,0.));
#1894 = DIRECTION('',(0.,0.,1.));
#1895 = DIRECTION('',(-0.901031864884,0.433752900236,0.));
#1896 = ORIENTED_EDGE('',*,*,#1897,.F.);
#1897 = EDGE_CURVE('',#1898,#1889,#1900,.T.);
#1898 = VERTEX_POINT('',#1899);
#1899 = CARTESIAN_POINT('',(153.081252,-122.043751,0.));
#1900 = CIRCLE('',#1901,0.499989884977);
#1901 = AXIS2_PLACEMENT_3D('',#1902,#1903,#1904);
#1902 = CARTESIAN_POINT('',(152.58126211502,-122.0437519208,0.));
#1903 = DIRECTION('',(0.,0.,-1.));
#1904 = DIRECTION('',(0.999999999998,1.841808653046E-06,0.));
#1905 = ORIENTED_EDGE('',*,*,#1906,.F.);
#1906 = EDGE_CURVE('',#1907,#1898,#1909,.T.);
#1907 = VERTEX_POINT('',#1908);
#1908 = CARTESIAN_POINT('',(153.081252,-120.638066,0.));
#1909 = LINE('',#1910,#1911);
#1910 = CARTESIAN_POINT('',(153.081252,-120.638066,0.));
#1911 = VECTOR('',#1912,1.);
#1912 = DIRECTION('',(0.,-1.,0.));
#1913 = ORIENTED_EDGE('',*,*,#1914,.F.);
#1914 = EDGE_CURVE('',#1784,#1907,#1915,.T.);
#1915 = CIRCLE('',#1916,0.499989885034);
#1916 = AXIS2_PLACEMENT_3D('',#1917,#1918,#1919);
#1917 = CARTESIAN_POINT('',(152.58126211496,-120.6380640791,0.));
#1918 = DIRECTION('',(0.,0.,-1.));
#1919 = DIRECTION('',(0.901027997796,0.43376093322,0.));
#1920 = FACE_BOUND('',#1921,.F.);
#1921 = EDGE_LOOP('',(#1922));
#1922 = ORIENTED_EDGE('',*,*,#1923,.T.);
#1923 = EDGE_CURVE('',#1924,#1924,#1926,.T.);
#1924 = VERTEX_POINT('',#1925);
#1925 = CARTESIAN_POINT('',(164.30625,-121.84375,0.));
#1926 = CIRCLE('',#1927,0.4);
#1927 = AXIS2_PLACEMENT_3D('',#1928,#1929,#1930);
#1928 = CARTESIAN_POINT('',(164.30625,-121.44375,0.));
#1929 = DIRECTION('',(-0.,0.,-1.));
#1930 = DIRECTION('',(-0.,-1.,0.));
#1931 = FACE_BOUND('',#1932,.F.);
#1932 = EDGE_LOOP('',(#1933,#1944,#1952,#1961));
#1933 = ORIENTED_EDGE('',*,*,#1934,.T.);
#1934 = EDGE_CURVE('',#1935,#1937,#1939,.T.);
#1935 = VERTEX_POINT('',#1936);
#1936 = CARTESIAN_POINT('',(184.3625,-114.50625,0.));
#1937 = VERTEX_POINT('',#1938);
#1938 = CARTESIAN_POINT('',(184.3625,-116.00625,0.));
#1939 = CIRCLE('',#1940,0.75);
#1940 = AXIS2_PLACEMENT_3D('',#1941,#1942,#1943);
#1941 = CARTESIAN_POINT('',(184.3625,-115.25625,0.));
#1942 = DIRECTION('',(-0.,0.,-1.));
#1943 = DIRECTION('',(-0.,-1.,0.));
#1944 = ORIENTED_EDGE('',*,*,#1945,.T.);
#1945 = EDGE_CURVE('',#1937,#1946,#1948,.T.);
#1946 = VERTEX_POINT('',#1947);
#1947 = CARTESIAN_POINT('',(183.0625,-116.00625,0.));
#1948 = LINE('',#1949,#1950);
#1949 = CARTESIAN_POINT('',(91.53125,-116.00625,0.));
#1950 = VECTOR('',#1951,1.);
#1951 = DIRECTION('',(-1.,0.,0.));
#1952 = ORIENTED_EDGE('',*,*,#1953,.T.);
#1953 = EDGE_CURVE('',#1946,#1954,#1956,.T.);
#1954 = VERTEX_POINT('',#1955);
#1955 = CARTESIAN_POINT('',(183.0625,-114.50625,0.));
#1956 = CIRCLE('',#1957,0.75);
#1957 = AXIS2_PLACEMENT_3D('',#1958,#1959,#1960);
#1958 = CARTESIAN_POINT('',(183.0625,-115.25625,0.));
#1959 = DIRECTION('',(-0.,0.,-1.));
#1960 = DIRECTION('',(0.,1.,0.));
#1961 = ORIENTED_EDGE('',*,*,#1962,.T.);
#1962 = EDGE_CURVE('',#1954,#1935,#1963,.T.);
#1963 = LINE('',#1964,#1965);
#1964 = CARTESIAN_POINT('',(92.18125,-114.50625,0.));
#1965 = VECTOR('',#1966,1.);
#1966 = DIRECTION('',(1.,0.,-0.));
#1967 = FACE_BOUND('',#1968,.F.);
#1968 = EDGE_LOOP('',(#1969));
#1969 = ORIENTED_EDGE('',*,*,#1970,.T.);
#1970 = EDGE_CURVE('',#1971,#1971,#1973,.T.);
#1971 = VERTEX_POINT('',#1972);
#1972 = CARTESIAN_POINT('',(114.14125,-112.98625,0.));
#1973 = CIRCLE('',#1974,0.75);
#1974 = AXIS2_PLACEMENT_3D('',#1975,#1976,#1977);
#1975 = CARTESIAN_POINT('',(114.14125,-112.23625,0.));
#1976 = DIRECTION('',(-0.,0.,-1.));
#1977 = DIRECTION('',(-0.,-1.,0.));
#1978 = FACE_BOUND('',#1979,.F.);
#1979 = EDGE_LOOP('',(#1980));
#1980 = ORIENTED_EDGE('',*,*,#1981,.T.);
#1981 = EDGE_CURVE('',#1982,#1982,#1984,.T.);
#1982 = VERTEX_POINT('',#1983);
#1983 = CARTESIAN_POINT('',(111.60125,-108.00625,0.));
#1984 = CIRCLE('',#1985,0.85);
#1985 = AXIS2_PLACEMENT_3D('',#1986,#1987,#1988);
#1986 = CARTESIAN_POINT('',(111.60125,-107.15625,0.));
#1987 = DIRECTION('',(-0.,0.,-1.));
#1988 = DIRECTION('',(-0.,-1.,0.));
#1989 = FACE_BOUND('',#1990,.F.);
#1990 = EDGE_LOOP('',(#1991));
#1991 = ORIENTED_EDGE('',*,*,#1992,.T.);
#1992 = EDGE_CURVE('',#1993,#1993,#1995,.T.);
#1993 = VERTEX_POINT('',#1994);
#1994 = CARTESIAN_POINT('',(120.49125,-110.44625,0.));
#1995 = CIRCLE('',#1996,0.75);
#1996 = AXIS2_PLACEMENT_3D('',#1997,#1998,#1999);
#1997 = CARTESIAN_POINT('',(120.49125,-109.69625,0.));
#1998 = DIRECTION('',(-0.,0.,-1.));
#1999 = DIRECTION('',(-0.,-1.,0.));
#2000 = FACE_BOUND('',#2001,.F.);
#2001 = EDGE_LOOP('',(#2002));
#2002 = ORIENTED_EDGE('',*,*,#2003,.T.);
#2003 = EDGE_CURVE('',#2004,#2004,#2006,.T.);
#2004 = VERTEX_POINT('',#2005);
#2005 = CARTESIAN_POINT('',(116.68125,-109.15625,0.));
#2006 = CIRCLE('',#2007,2.);
#2007 = AXIS2_PLACEMENT_3D('',#2008,#2009,#2010);
#2008 = CARTESIAN_POINT('',(116.68125,-107.15625,0.));
#2009 = DIRECTION('',(-0.,0.,-1.));
#2010 = DIRECTION('',(-0.,-1.,0.));
#2011 = FACE_BOUND('',#2012,.F.);
#2012 = EDGE_LOOP('',(#2013));
#2013 = ORIENTED_EDGE('',*,*,#2014,.T.);
#2014 = EDGE_CURVE('',#2015,#2015,#2017,.T.);
#2015 = VERTEX_POINT('',#2016);
#2016 = CARTESIAN_POINT('',(126.20625,-110.41375,0.));
#2017 = CIRCLE('',#2018,0.4);
#2018 = AXIS2_PLACEMENT_3D('',#2019,#2020,#2021);
#2019 = CARTESIAN_POINT('',(126.20625,-110.01375,0.));
#2020 = DIRECTION('',(-0.,0.,-1.));
#2021 = DIRECTION('',(-3.552713678801E-14,-1.,0.));
#2022 = FACE_BOUND('',#2023,.F.);
#2023 = EDGE_LOOP('',(#2024));
#2024 = ORIENTED_EDGE('',*,*,#2025,.T.);
#2025 = EDGE_CURVE('',#2026,#2026,#2028,.T.);
#2026 = VERTEX_POINT('',#2027);
#2027 = CARTESIAN_POINT('',(121.76125,-108.00625,0.));
#2028 = CIRCLE('',#2029,0.85);
#2029 = AXIS2_PLACEMENT_3D('',#2030,#2031,#2032);
#2030 = CARTESIAN_POINT('',(121.76125,-107.15625,0.));
#2031 = DIRECTION('',(-0.,0.,-1.));
#2032 = DIRECTION('',(1.671865260612E-14,-1.,-0.));
#2033 = FACE_BOUND('',#2034,.F.);
#2034 = EDGE_LOOP('',(#2035));
#2035 = ORIENTED_EDGE('',*,*,#2036,.T.);
#2036 = EDGE_CURVE('',#2037,#2037,#2039,.T.);
#2037 = VERTEX_POINT('',#2038);
#2038 = CARTESIAN_POINT('',(130.65125,-108.00625,0.));
#2039 = CIRCLE('',#2040,0.85);
#2040 = AXIS2_PLACEMENT_3D('',#2041,#2042,#2043);
#2041 = CARTESIAN_POINT('',(130.65125,-107.15625,0.));
#2042 = DIRECTION('',(-0.,0.,-1.));
#2043 = DIRECTION('',(-0.,-1.,0.));
#2044 = FACE_BOUND('',#2045,.F.);
#2045 = EDGE_LOOP('',(#2046,#2057,#2066,#2074,#2083,#2092,#2101,#2109,
    #2118,#2127,#2136,#2144,#2153,#2162,#2171,#2179));
#2046 = ORIENTED_EDGE('',*,*,#2047,.F.);
#2047 = EDGE_CURVE('',#2048,#2050,#2052,.T.);
#2048 = VERTEX_POINT('',#2049);
#2049 = CARTESIAN_POINT('',(118.430735,-101.371188,0.));
#2050 = VERTEX_POINT('',#2051);
#2051 = CARTESIAN_POINT('',(117.727962,-100.72261,0.));
#2052 = CIRCLE('',#2053,0.499999422661);
#2053 = AXIS2_PLACEMENT_3D('',#2054,#2055,#2056);
#2054 = CARTESIAN_POINT('',(117.98022029551,-101.15431033,0.));
#2055 = DIRECTION('',(0.,0.,1.));
#2056 = DIRECTION('',(0.901030449374,-0.433755840654,0.));
#2057 = ORIENTED_EDGE('',*,*,#2058,.F.);
#2058 = EDGE_CURVE('',#2059,#2048,#2061,.T.);
#2059 = VERTEX_POINT('',#2060);
#2060 = CARTESIAN_POINT('',(118.38125,-101.588066,0.));
#2061 = CIRCLE('',#2062,0.499989885034);
#2062 = AXIS2_PLACEMENT_3D('',#2063,#2064,#2065);
#2063 = CARTESIAN_POINT('',(118.88123988503,-101.5880640791,0.));
#2064 = DIRECTION('',(0.,0.,-1.));
#2065 = DIRECTION('',(-0.999999999993,-3.841811392097E-06,-0.));
#2066 = ORIENTED_EDGE('',*,*,#2067,.F.);
#2067 = EDGE_CURVE('',#2068,#2059,#2070,.T.);
#2068 = VERTEX_POINT('',#2069);
#2069 = CARTESIAN_POINT('',(118.38125,-102.99375,0.));
#2070 = LINE('',#2071,#2072);
#2071 = CARTESIAN_POINT('',(118.38125,-102.99375,0.));
#2072 = VECTOR('',#2073,1.);
#2073 = DIRECTION('',(0.,1.,0.));
#2074 = ORIENTED_EDGE('',*,*,#2075,.F.);
#2075 = EDGE_CURVE('',#2076,#2068,#2078,.T.);
#2076 = VERTEX_POINT('',#2077);
#2077 = CARTESIAN_POINT('',(118.430735,-103.210627,0.));
#2078 = CIRCLE('',#2079,0.49998122973);
#2079 = AXIS2_PLACEMENT_3D('',#2080,#2081,#2082);
#2080 = CARTESIAN_POINT('',(118.88123122972,-102.9937528957,0.));
#2081 = DIRECTION('',(0.,0.,-1.));
#2082 = DIRECTION('',(-0.901026284457,-0.433764492229,-0.));
#2083 = ORIENTED_EDGE('',*,*,#2084,.F.);
#2084 = EDGE_CURVE('',#2085,#2076,#2087,.T.);
#2085 = VERTEX_POINT('',#2086);
#2086 = CARTESIAN_POINT('',(117.727962,-103.859207,0.));
#2087 = CIRCLE('',#2088,0.499999755443);
#2088 = AXIS2_PLACEMENT_3D('',#2089,#2090,#2091);
#2089 = CARTESIAN_POINT('',(117.98022086309,-103.4275066161,0.));
#2090 = DIRECTION('',(0.,0.,1.));
#2091 = DIRECTION('',(-0.504517972959,-0.863401190039,0.));
#2092 = ORIENTED_EDGE('',*,*,#2093,.F.);
#2093 = EDGE_CURVE('',#2094,#2085,#2096,.T.);
#2094 = VERTEX_POINT('',#2095);
#2095 = CARTESIAN_POINT('',(117.475703,-103.790908,0.));
#2096 = CIRCLE('',#2097,0.500008729226);
#2097 = AXIS2_PLACEMENT_3D('',#2098,#2099,#2100);
#2098 = CARTESIAN_POINT('',(117.47570134314,-104.2909167292,0.));
#2099 = DIRECTION('',(0.,0.,-1.));
#2100 = DIRECTION('',(3.313649260187E-06,0.999999999995,0.));
#2101 = ORIENTED_EDGE('',*,*,#2102,.F.);
#2102 = EDGE_CURVE('',#2103,#2094,#2105,.T.);
#2103 = VERTEX_POINT('',#2104);
#2104 = CARTESIAN_POINT('',(115.886799,-103.790908,0.));
#2105 = LINE('',#2106,#2107);
#2106 = CARTESIAN_POINT('',(115.886799,-103.790908,0.));
#2107 = VECTOR('',#2108,1.);
#2108 = DIRECTION('',(1.,0.,0.));
#2109 = ORIENTED_EDGE('',*,*,#2110,.F.);
#2110 = EDGE_CURVE('',#2111,#2103,#2113,.T.);
#2111 = VERTEX_POINT('',#2112);
#2112 = CARTESIAN_POINT('',(115.63454,-103.859205,0.));
#2113 = CIRCLE('',#2114,0.500040834725);
#2114 = AXIS2_PLACEMENT_3D('',#2115,#2116,#2117);
#2115 = CARTESIAN_POINT('',(115.88680592637,-104.2909488346,0.));
#2116 = DIRECTION('',(0.,0.,-1.));
#2117 = DIRECTION('',(-0.50449065128,0.86341715455,0.));
#2118 = ORIENTED_EDGE('',*,*,#2119,.F.);
#2119 = EDGE_CURVE('',#2120,#2111,#2122,.T.);
#2120 = VERTEX_POINT('',#2121);
#2121 = CARTESIAN_POINT('',(114.931767,-103.210628,0.));
#2122 = CIRCLE('',#2123,0.499999092786);
#2123 = AXIS2_PLACEMENT_3D('',#2124,#2125,#2126);
#2124 = CARTESIAN_POINT('',(115.38228160898,-103.4275051077,0.));
#2125 = DIRECTION('',(0.,0.,1.));
#2126 = DIRECTION('',(-0.901030852831,0.43375500256,0.));
#2127 = ORIENTED_EDGE('',*,*,#2128,.F.);
#2128 = EDGE_CURVE('',#2129,#2120,#2131,.T.);
#2129 = VERTEX_POINT('',#2130);
#2130 = CARTESIAN_POINT('',(114.981252,-102.99375,0.));
#2131 = CIRCLE('',#2132,0.499989885034);
#2132 = AXIS2_PLACEMENT_3D('',#2133,#2134,#2135);
#2133 = CARTESIAN_POINT('',(114.48126211496,-102.9937519208,0.));
#2134 = DIRECTION('',(0.,0.,-1.));
#2135 = DIRECTION('',(0.999999999993,3.841811363674E-06,0.));
#2136 = ORIENTED_EDGE('',*,*,#2137,.F.);
#2137 = EDGE_CURVE('',#2138,#2129,#2140,.T.);
#2138 = VERTEX_POINT('',#2139);
#2139 = CARTESIAN_POINT('',(114.981252,-101.588066,0.));
#2140 = LINE('',#2141,#2142);
#2141 = CARTESIAN_POINT('',(114.981252,-101.588066,0.));
#2142 = VECTOR('',#2143,1.);
#2143 = DIRECTION('',(0.,-1.,0.));
#2144 = ORIENTED_EDGE('',*,*,#2145,.F.);
#2145 = EDGE_CURVE('',#2146,#2138,#2148,.T.);
#2146 = VERTEX_POINT('',#2147);
#2147 = CARTESIAN_POINT('',(114.931767,-101.371188,0.));
#2148 = CIRCLE('',#2149,0.499989885034);
#2149 = AXIS2_PLACEMENT_3D('',#2150,#2151,#2152);
#2150 = CARTESIAN_POINT('',(114.48126211496,-101.5880640791,0.));
#2151 = DIRECTION('',(0.,0.,-1.));
#2152 = DIRECTION('',(0.901027997796,0.43376093322,0.));
#2153 = ORIENTED_EDGE('',*,*,#2154,.F.);
#2154 = EDGE_CURVE('',#2155,#2146,#2157,.T.);
#2155 = VERTEX_POINT('',#2156);
#2156 = CARTESIAN_POINT('',(115.63454,-100.722609,0.));
#2157 = CIRCLE('',#2158,0.499999729127);
#2158 = AXIS2_PLACEMENT_3D('',#2159,#2160,#2161);
#2159 = CARTESIAN_POINT('',(115.38228174567,-101.1543097091,0.));
#2160 = DIRECTION('',(0.,0.,1.));
#2161 = DIRECTION('',(0.504516781968,0.863401885979,-0.));
#2162 = ORIENTED_EDGE('',*,*,#2163,.F.);
#2163 = EDGE_CURVE('',#2164,#2155,#2166,.T.);
#2164 = VERTEX_POINT('',#2165);
#2165 = CARTESIAN_POINT('',(115.886799,-100.790909,0.));
#2166 = CIRCLE('',#2167,0.50002311711);
#2167 = AXIS2_PLACEMENT_3D('',#2168,#2169,#2170);
#2168 = CARTESIAN_POINT('',(115.88680626378,-100.2908858829,0.));
#2169 = DIRECTION('',(0.,0.,-1.));
#2170 = DIRECTION('',(-1.452689320398E-05,-0.999999999894,-0.));
#2171 = ORIENTED_EDGE('',*,*,#2172,.F.);
#2172 = EDGE_CURVE('',#2173,#2164,#2175,.T.);
#2173 = VERTEX_POINT('',#2174);
#2174 = CARTESIAN_POINT('',(117.475704,-100.790909,0.));
#2175 = LINE('',#2176,#2177);
#2176 = CARTESIAN_POINT('',(117.475704,-100.790909,0.));
#2177 = VECTOR('',#2178,1.);
#2178 = DIRECTION('',(-1.,0.,0.));
#2179 = ORIENTED_EDGE('',*,*,#2180,.F.);
#2180 = EDGE_CURVE('',#2050,#2173,#2181,.T.);
#2181 = CIRCLE('',#2182,0.500008729288);
#2182 = AXIS2_PLACEMENT_3D('',#2183,#2184,#2185);
#2183 = CARTESIAN_POINT('',(117.47570134312,-100.2909002707,0.));
#2184 = DIRECTION('',(0.,0.,-1.));
#2185 = DIRECTION('',(0.504512505685,-0.863404384751,0.));
#2186 = FACE_BOUND('',#2187,.F.);
#2187 = EDGE_LOOP('',(#2188));
#2188 = ORIENTED_EDGE('',*,*,#2189,.T.);
#2189 = EDGE_CURVE('',#2190,#2190,#2192,.T.);
#2190 = VERTEX_POINT('',#2191);
#2191 = CARTESIAN_POINT('',(126.20625,-102.79375,0.));
#2192 = CIRCLE('',#2193,0.4);
#2193 = AXIS2_PLACEMENT_3D('',#2194,#2195,#2196);
#2194 = CARTESIAN_POINT('',(126.20625,-102.39375,0.));
#2195 = DIRECTION('',(-0.,0.,-1.));
#2196 = DIRECTION('',(-3.552713678801E-14,-1.,0.));
#2197 = FACE_BOUND('',#2198,.F.);
#2198 = EDGE_LOOP('',(#2199));
#2199 = ORIENTED_EDGE('',*,*,#2200,.T.);
#2200 = EDGE_CURVE('',#2201,#2201,#2203,.T.);
#2201 = VERTEX_POINT('',#2202);
#2202 = CARTESIAN_POINT('',(133.19125,-112.98625,0.));
#2203 = CIRCLE('',#2204,0.75);
#2204 = AXIS2_PLACEMENT_3D('',#2205,#2206,#2207);
#2205 = CARTESIAN_POINT('',(133.19125,-112.23625,0.));
#2206 = DIRECTION('',(-0.,0.,-1.));
#2207 = DIRECTION('',(-0.,-1.,0.));
#2208 = FACE_BOUND('',#2209,.F.);
#2209 = EDGE_LOOP('',(#2210));
#2210 = ORIENTED_EDGE('',*,*,#2211,.T.);
#2211 = EDGE_CURVE('',#2212,#2212,#2214,.T.);
#2212 = VERTEX_POINT('',#2213);
#2213 = CARTESIAN_POINT('',(135.73125,-109.15625,0.));
#2214 = CIRCLE('',#2215,2.);
#2215 = AXIS2_PLACEMENT_3D('',#2216,#2217,#2218);
#2216 = CARTESIAN_POINT('',(135.73125,-107.15625,0.));
#2217 = DIRECTION('',(-0.,0.,-1.));
#2218 = DIRECTION('',(-0.,-1.,0.));
#2219 = FACE_BOUND('',#2220,.F.);
#2220 = EDGE_LOOP('',(#2221));
#2221 = ORIENTED_EDGE('',*,*,#2222,.T.);
#2222 = EDGE_CURVE('',#2223,#2223,#2225,.T.);
#2223 = VERTEX_POINT('',#2224);
#2224 = CARTESIAN_POINT('',(139.54125,-110.44625,0.));
#2225 = CIRCLE('',#2226,0.75);
#2226 = AXIS2_PLACEMENT_3D('',#2227,#2228,#2229);
#2227 = CARTESIAN_POINT('',(139.54125,-109.69625,0.));
#2228 = DIRECTION('',(-0.,0.,-1.));
#2229 = DIRECTION('',(-0.,-1.,0.));
#2230 = FACE_BOUND('',#2231,.F.);
#2231 = EDGE_LOOP('',(#2232));
#2232 = ORIENTED_EDGE('',*,*,#2233,.T.);
#2233 = EDGE_CURVE('',#2234,#2234,#2236,.T.);
#2234 = VERTEX_POINT('',#2235);
#2235 = CARTESIAN_POINT('',(140.81125,-108.00625,0.));
#2236 = CIRCLE('',#2237,0.85);
#2237 = AXIS2_PLACEMENT_3D('',#2238,#2239,#2240);
#2238 = CARTESIAN_POINT('',(140.81125,-107.15625,0.));
#2239 = DIRECTION('',(-0.,0.,-1.));
#2240 = DIRECTION('',(-0.,-1.,0.));
#2241 = FACE_BOUND('',#2242,.F.);
#2242 = EDGE_LOOP('',(#2243));
#2243 = ORIENTED_EDGE('',*,*,#2244,.T.);
#2244 = EDGE_CURVE('',#2245,#2245,#2247,.T.);
#2245 = VERTEX_POINT('',#2246);
#2246 = CARTESIAN_POINT('',(145.25625,-110.41375,0.));
#2247 = CIRCLE('',#2248,0.4);
#2248 = AXIS2_PLACEMENT_3D('',#2249,#2250,#2251);
#2249 = CARTESIAN_POINT('',(145.25625,-110.01375,0.));
#2250 = DIRECTION('',(-0.,0.,-1.));
#2251 = DIRECTION('',(-0.,-1.,0.));
#2252 = FACE_BOUND('',#2253,.F.);
#2253 = EDGE_LOOP('',(#2254));
#2254 = ORIENTED_EDGE('',*,*,#2255,.T.);
#2255 = EDGE_CURVE('',#2256,#2256,#2258,.T.);
#2256 = VERTEX_POINT('',#2257);
#2257 = CARTESIAN_POINT('',(152.24125,-112.98625,0.));
#2258 = CIRCLE('',#2259,0.75);
#2259 = AXIS2_PLACEMENT_3D('',#2260,#2261,#2262);
#2260 = CARTESIAN_POINT('',(152.24125,-112.23625,0.));
#2261 = DIRECTION('',(-0.,0.,-1.));
#2262 = DIRECTION('',(-0.,-1.,0.));
#2263 = FACE_BOUND('',#2264,.F.);
#2264 = EDGE_LOOP('',(#2265));
#2265 = ORIENTED_EDGE('',*,*,#2266,.T.);
#2266 = EDGE_CURVE('',#2267,#2267,#2269,.T.);
#2267 = VERTEX_POINT('',#2268);
#2268 = CARTESIAN_POINT('',(149.70125,-108.00625,0.));
#2269 = CIRCLE('',#2270,0.85);
#2270 = AXIS2_PLACEMENT_3D('',#2271,#2272,#2273);
#2271 = CARTESIAN_POINT('',(149.70125,-107.15625,0.));
#2272 = DIRECTION('',(-0.,0.,-1.));
#2273 = DIRECTION('',(-3.343730521224E-14,-1.,0.));
#2274 = FACE_BOUND('',#2275,.F.);
#2275 = EDGE_LOOP('',(#2276,#2287,#2296,#2304,#2313,#2322,#2331,#2339,
    #2348,#2357,#2366,#2374,#2383,#2392,#2401,#2409));
#2276 = ORIENTED_EDGE('',*,*,#2277,.F.);
#2277 = EDGE_CURVE('',#2278,#2280,#2282,.T.);
#2278 = VERTEX_POINT('',#2279);
#2279 = CARTESIAN_POINT('',(137.480735,-101.371188,0.));
#2280 = VERTEX_POINT('',#2281);
#2281 = CARTESIAN_POINT('',(136.777962,-100.72261,0.));
#2282 = CIRCLE('',#2283,0.499999422661);
#2283 = AXIS2_PLACEMENT_3D('',#2284,#2285,#2286);
#2284 = CARTESIAN_POINT('',(137.03022029551,-101.15431033,0.));
#2285 = DIRECTION('',(0.,0.,1.));
#2286 = DIRECTION('',(0.901030449374,-0.433755840654,0.));
#2287 = ORIENTED_EDGE('',*,*,#2288,.F.);
#2288 = EDGE_CURVE('',#2289,#2278,#2291,.T.);
#2289 = VERTEX_POINT('',#2290);
#2290 = CARTESIAN_POINT('',(137.43125,-101.588066,0.));
#2291 = CIRCLE('',#2292,0.499989885034);
#2292 = AXIS2_PLACEMENT_3D('',#2293,#2294,#2295);
#2293 = CARTESIAN_POINT('',(137.93123988503,-101.5880640791,0.));
#2294 = DIRECTION('',(0.,0.,-1.));
#2295 = DIRECTION('',(-0.999999999993,-3.841811392097E-06,-0.));
#2296 = ORIENTED_EDGE('',*,*,#2297,.F.);
#2297 = EDGE_CURVE('',#2298,#2289,#2300,.T.);
#2298 = VERTEX_POINT('',#2299);
#2299 = CARTESIAN_POINT('',(137.43125,-102.99375,0.));
#2300 = LINE('',#2301,#2302);
#2301 = CARTESIAN_POINT('',(137.43125,-102.99375,0.));
#2302 = VECTOR('',#2303,1.);
#2303 = DIRECTION('',(0.,1.,0.));
#2304 = ORIENTED_EDGE('',*,*,#2305,.F.);
#2305 = EDGE_CURVE('',#2306,#2298,#2308,.T.);
#2306 = VERTEX_POINT('',#2307);
#2307 = CARTESIAN_POINT('',(137.480735,-103.210627,0.));
#2308 = CIRCLE('',#2309,0.49998122973);
#2309 = AXIS2_PLACEMENT_3D('',#2310,#2311,#2312);
#2310 = CARTESIAN_POINT('',(137.93123122972,-102.9937528957,0.));
#2311 = DIRECTION('',(0.,0.,-1.));
#2312 = DIRECTION('',(-0.901026284457,-0.433764492229,-0.));
#2313 = ORIENTED_EDGE('',*,*,#2314,.F.);
#2314 = EDGE_CURVE('',#2315,#2306,#2317,.T.);
#2315 = VERTEX_POINT('',#2316);
#2316 = CARTESIAN_POINT('',(136.777962,-103.859207,0.));
#2317 = CIRCLE('',#2318,0.499999755443);
#2318 = AXIS2_PLACEMENT_3D('',#2319,#2320,#2321);
#2319 = CARTESIAN_POINT('',(137.03022086309,-103.4275066161,0.));
#2320 = DIRECTION('',(0.,0.,1.));
#2321 = DIRECTION('',(-0.50451797296,-0.863401190039,0.));
#2322 = ORIENTED_EDGE('',*,*,#2323,.F.);
#2323 = EDGE_CURVE('',#2324,#2315,#2326,.T.);
#2324 = VERTEX_POINT('',#2325);
#2325 = CARTESIAN_POINT('',(136.525703,-103.790908,0.));
#2326 = CIRCLE('',#2327,0.500008729226);
#2327 = AXIS2_PLACEMENT_3D('',#2328,#2329,#2330);
#2328 = CARTESIAN_POINT('',(136.52570134314,-104.2909167292,0.));
#2329 = DIRECTION('',(0.,0.,-1.));
#2330 = DIRECTION('',(3.313649260187E-06,0.999999999995,0.));
#2331 = ORIENTED_EDGE('',*,*,#2332,.F.);
#2332 = EDGE_CURVE('',#2333,#2324,#2335,.T.);
#2333 = VERTEX_POINT('',#2334);
#2334 = CARTESIAN_POINT('',(134.936799,-103.790908,0.));
#2335 = LINE('',#2336,#2337);
#2336 = CARTESIAN_POINT('',(134.936799,-103.790908,0.));
#2337 = VECTOR('',#2338,1.);
#2338 = DIRECTION('',(1.,0.,0.));
#2339 = ORIENTED_EDGE('',*,*,#2340,.F.);
#2340 = EDGE_CURVE('',#2341,#2333,#2343,.T.);
#2341 = VERTEX_POINT('',#2342);
#2342 = CARTESIAN_POINT('',(134.68454,-103.859205,0.));
#2343 = CIRCLE('',#2344,0.500040834725);
#2344 = AXIS2_PLACEMENT_3D('',#2345,#2346,#2347);
#2345 = CARTESIAN_POINT('',(134.93680592637,-104.2909488346,0.));
#2346 = DIRECTION('',(0.,0.,-1.));
#2347 = DIRECTION('',(-0.50449065128,0.86341715455,0.));
#2348 = ORIENTED_EDGE('',*,*,#2349,.F.);
#2349 = EDGE_CURVE('',#2350,#2341,#2352,.T.);
#2350 = VERTEX_POINT('',#2351);
#2351 = CARTESIAN_POINT('',(133.981767,-103.210628,0.));
#2352 = CIRCLE('',#2353,0.499999092786);
#2353 = AXIS2_PLACEMENT_3D('',#2354,#2355,#2356);
#2354 = CARTESIAN_POINT('',(134.43228160898,-103.4275051077,0.));
#2355 = DIRECTION('',(0.,0.,1.));
#2356 = DIRECTION('',(-0.901030852831,0.43375500256,0.));
#2357 = ORIENTED_EDGE('',*,*,#2358,.F.);
#2358 = EDGE_CURVE('',#2359,#2350,#2361,.T.);
#2359 = VERTEX_POINT('',#2360);
#2360 = CARTESIAN_POINT('',(134.031252,-102.99375,0.));
#2361 = CIRCLE('',#2362,0.499989885034);
#2362 = AXIS2_PLACEMENT_3D('',#2363,#2364,#2365);
#2363 = CARTESIAN_POINT('',(133.53126211496,-102.9937519208,0.));
#2364 = DIRECTION('',(0.,0.,-1.));
#2365 = DIRECTION('',(0.999999999993,3.841811363674E-06,0.));
#2366 = ORIENTED_EDGE('',*,*,#2367,.F.);
#2367 = EDGE_CURVE('',#2368,#2359,#2370,.T.);
#2368 = VERTEX_POINT('',#2369);
#2369 = CARTESIAN_POINT('',(134.031252,-101.588066,0.));
#2370 = LINE('',#2371,#2372);
#2371 = CARTESIAN_POINT('',(134.031252,-101.588066,0.));
#2372 = VECTOR('',#2373,1.);
#2373 = DIRECTION('',(0.,-1.,0.));
#2374 = ORIENTED_EDGE('',*,*,#2375,.F.);
#2375 = EDGE_CURVE('',#2376,#2368,#2378,.T.);
#2376 = VERTEX_POINT('',#2377);
#2377 = CARTESIAN_POINT('',(133.981767,-101.371188,0.));
#2378 = CIRCLE('',#2379,0.499989885034);
#2379 = AXIS2_PLACEMENT_3D('',#2380,#2381,#2382);
#2380 = CARTESIAN_POINT('',(133.53126211496,-101.5880640791,0.));
#2381 = DIRECTION('',(0.,0.,-1.));
#2382 = DIRECTION('',(0.901027997796,0.43376093322,0.));
#2383 = ORIENTED_EDGE('',*,*,#2384,.F.);
#2384 = EDGE_CURVE('',#2385,#2376,#2387,.T.);
#2385 = VERTEX_POINT('',#2386);
#2386 = CARTESIAN_POINT('',(134.68454,-100.722609,0.));
#2387 = CIRCLE('',#2388,0.499999729127);
#2388 = AXIS2_PLACEMENT_3D('',#2389,#2390,#2391);
#2389 = CARTESIAN_POINT('',(134.43228174567,-101.1543097091,0.));
#2390 = DIRECTION('',(0.,0.,1.));
#2391 = DIRECTION('',(0.504516781969,0.863401885979,-0.));
#2392 = ORIENTED_EDGE('',*,*,#2393,.F.);
#2393 = EDGE_CURVE('',#2394,#2385,#2396,.T.);
#2394 = VERTEX_POINT('',#2395);
#2395 = CARTESIAN_POINT('',(134.936799,-100.790909,0.));
#2396 = CIRCLE('',#2397,0.50002311711);
#2397 = AXIS2_PLACEMENT_3D('',#2398,#2399,#2400);
#2398 = CARTESIAN_POINT('',(134.93680626378,-100.2908858829,0.));
#2399 = DIRECTION('',(0.,0.,-1.));
#2400 = DIRECTION('',(-1.452689317556E-05,-0.999999999894,-0.));
#2401 = ORIENTED_EDGE('',*,*,#2402,.F.);
#2402 = EDGE_CURVE('',#2403,#2394,#2405,.T.);
#2403 = VERTEX_POINT('',#2404);
#2404 = CARTESIAN_POINT('',(136.525704,-100.790909,0.));
#2405 = LINE('',#2406,#2407);
#2406 = CARTESIAN_POINT('',(136.525704,-100.790909,0.));
#2407 = VECTOR('',#2408,1.);
#2408 = DIRECTION('',(-1.,0.,0.));
#2409 = ORIENTED_EDGE('',*,*,#2410,.F.);
#2410 = EDGE_CURVE('',#2280,#2403,#2411,.T.);
#2411 = CIRCLE('',#2412,0.500008729288);
#2412 = AXIS2_PLACEMENT_3D('',#2413,#2414,#2415);
#2413 = CARTESIAN_POINT('',(136.52570134312,-100.2909002707,0.));
#2414 = DIRECTION('',(0.,0.,-1.));
#2415 = DIRECTION('',(0.504512505685,-0.863404384751,0.));
#2416 = FACE_BOUND('',#2417,.F.);
#2417 = EDGE_LOOP('',(#2418));
#2418 = ORIENTED_EDGE('',*,*,#2419,.T.);
#2419 = EDGE_CURVE('',#2420,#2420,#2422,.T.);
#2420 = VERTEX_POINT('',#2421);
#2421 = CARTESIAN_POINT('',(145.25625,-102.79375,0.));
#2422 = CIRCLE('',#2423,0.4);
#2423 = AXIS2_PLACEMENT_3D('',#2424,#2425,#2426);
#2424 = CARTESIAN_POINT('',(145.25625,-102.39375,0.));
#2425 = DIRECTION('',(-0.,0.,-1.));
#2426 = DIRECTION('',(-0.,-1.,0.));
#2427 = FACE_BOUND('',#2428,.F.);
#2428 = EDGE_LOOP('',(#2429));
#2429 = ORIENTED_EDGE('',*,*,#2430,.T.);
#2430 = EDGE_CURVE('',#2431,#2431,#2433,.T.);
#2431 = VERTEX_POINT('',#2432);
#2432 = CARTESIAN_POINT('',(135.73125,-86.225,0.));
#2433 = CIRCLE('',#2434,0.5);
#2434 = AXIS2_PLACEMENT_3D('',#2435,#2436,#2437);
#2435 = CARTESIAN_POINT('',(135.73125,-85.725,0.));
#2436 = DIRECTION('',(-0.,0.,-1.));
#2437 = DIRECTION('',(-0.,-1.,0.));
#2438 = FACE_BOUND('',#2439,.F.);
#2439 = EDGE_LOOP('',(#2440));
#2440 = ORIENTED_EDGE('',*,*,#2441,.T.);
#2441 = EDGE_CURVE('',#2442,#2442,#2444,.T.);
#2442 = VERTEX_POINT('',#2443);
#2443 = CARTESIAN_POINT('',(135.73125,-83.685,0.));
#2444 = CIRCLE('',#2445,0.5);
#2445 = AXIS2_PLACEMENT_3D('',#2446,#2447,#2448);
#2446 = CARTESIAN_POINT('',(135.73125,-83.185,0.));
#2447 = DIRECTION('',(-0.,0.,-1.));
#2448 = DIRECTION('',(-0.,-1.,0.));
#2449 = FACE_BOUND('',#2450,.F.);
#2450 = EDGE_LOOP('',(#2451));
#2451 = ORIENTED_EDGE('',*,*,#2452,.T.);
#2452 = EDGE_CURVE('',#2453,#2453,#2455,.T.);
#2453 = VERTEX_POINT('',#2454);
#2454 = CARTESIAN_POINT('',(135.73125,-81.145,0.));
#2455 = CIRCLE('',#2456,0.5);
#2456 = AXIS2_PLACEMENT_3D('',#2457,#2458,#2459);
#2457 = CARTESIAN_POINT('',(135.73125,-80.645,0.));
#2458 = DIRECTION('',(-0.,0.,-1.));
#2459 = DIRECTION('',(-0.,-1.,0.));
#2460 = FACE_BOUND('',#2461,.F.);
#2461 = EDGE_LOOP('',(#2462));
#2462 = ORIENTED_EDGE('',*,*,#2463,.T.);
#2463 = EDGE_CURVE('',#2464,#2464,#2466,.T.);
#2464 = VERTEX_POINT('',#2465);
#2465 = CARTESIAN_POINT('',(135.73125,-78.605,0.));
#2466 = CIRCLE('',#2467,0.5);
#2467 = AXIS2_PLACEMENT_3D('',#2468,#2469,#2470);
#2468 = CARTESIAN_POINT('',(135.73125,-78.105,0.));
#2469 = DIRECTION('',(-0.,0.,-1.));
#2470 = DIRECTION('',(-0.,-1.,0.));
#2471 = FACE_BOUND('',#2472,.F.);
#2472 = EDGE_LOOP('',(#2473));
#2473 = ORIENTED_EDGE('',*,*,#2474,.T.);
#2474 = EDGE_CURVE('',#2475,#2475,#2477,.T.);
#2475 = VERTEX_POINT('',#2476);
#2476 = CARTESIAN_POINT('',(158.59125,-110.44625,0.));
#2477 = CIRCLE('',#2478,0.75);
#2478 = AXIS2_PLACEMENT_3D('',#2479,#2480,#2481);
#2479 = CARTESIAN_POINT('',(158.59125,-109.69625,0.));
#2480 = DIRECTION('',(-0.,0.,-1.));
#2481 = DIRECTION('',(-0.,-1.,0.));
#2482 = FACE_BOUND('',#2483,.F.);
#2483 = EDGE_LOOP('',(#2484));
#2484 = ORIENTED_EDGE('',*,*,#2485,.T.);
#2485 = EDGE_CURVE('',#2486,#2486,#2488,.T.);
#2486 = VERTEX_POINT('',#2487);
#2487 = CARTESIAN_POINT('',(154.78125,-109.15625,0.));
#2488 = CIRCLE('',#2489,2.);
#2489 = AXIS2_PLACEMENT_3D('',#2490,#2491,#2492);
#2490 = CARTESIAN_POINT('',(154.78125,-107.15625,0.));
#2491 = DIRECTION('',(-0.,0.,-1.));
#2492 = DIRECTION('',(-0.,-1.,0.));
#2493 = FACE_BOUND('',#2494,.F.);
#2494 = EDGE_LOOP('',(#2495));
#2495 = ORIENTED_EDGE('',*,*,#2496,.T.);
#2496 = EDGE_CURVE('',#2497,#2497,#2499,.T.);
#2497 = VERTEX_POINT('',#2498);
#2498 = CARTESIAN_POINT('',(159.86125,-108.00625,0.));
#2499 = CIRCLE('',#2500,0.85);
#2500 = AXIS2_PLACEMENT_3D('',#2501,#2502,#2503);
#2501 = CARTESIAN_POINT('',(159.86125,-107.15625,0.));
#2502 = DIRECTION('',(-0.,0.,-1.));
#2503 = DIRECTION('',(3.343730521224E-14,-1.,-0.));
#2504 = FACE_BOUND('',#2505,.F.);
#2505 = EDGE_LOOP('',(#2506));
#2506 = ORIENTED_EDGE('',*,*,#2507,.T.);
#2507 = EDGE_CURVE('',#2508,#2508,#2510,.T.);
#2508 = VERTEX_POINT('',#2509);
#2509 = CARTESIAN_POINT('',(164.30625,-110.41375,0.));
#2510 = CIRCLE('',#2511,0.4);
#2511 = AXIS2_PLACEMENT_3D('',#2512,#2513,#2514);
#2512 = CARTESIAN_POINT('',(164.30625,-110.01375,0.));
#2513 = DIRECTION('',(-0.,0.,-1.));
#2514 = DIRECTION('',(-0.,-1.,0.));
#2515 = FACE_BOUND('',#2516,.F.);
#2516 = EDGE_LOOP('',(#2517,#2528,#2537,#2545,#2554,#2563,#2572,#2580,
    #2589,#2598,#2607,#2615,#2624,#2633,#2642,#2650));
#2517 = ORIENTED_EDGE('',*,*,#2518,.F.);
#2518 = EDGE_CURVE('',#2519,#2521,#2523,.T.);
#2519 = VERTEX_POINT('',#2520);
#2520 = CARTESIAN_POINT('',(153.73454,-100.722609,0.));
#2521 = VERTEX_POINT('',#2522);
#2522 = CARTESIAN_POINT('',(153.031767,-101.371188,0.));
#2523 = CIRCLE('',#2524,0.499999729127);
#2524 = AXIS2_PLACEMENT_3D('',#2525,#2526,#2527);
#2525 = CARTESIAN_POINT('',(153.48228174567,-101.1543097091,0.));
#2526 = DIRECTION('',(0.,0.,1.));
#2527 = DIRECTION('',(0.504516781969,0.863401885979,-0.));
#2528 = ORIENTED_EDGE('',*,*,#2529,.F.);
#2529 = EDGE_CURVE('',#2530,#2519,#2532,.T.);
#2530 = VERTEX_POINT('',#2531);
#2531 = CARTESIAN_POINT('',(153.986798,-100.790908,0.));
#2532 = CIRCLE('',#2533,0.500008729288);
#2533 = AXIS2_PLACEMENT_3D('',#2534,#2535,#2536);
#2534 = CARTESIAN_POINT('',(153.98680065687,-100.2908992707,0.));
#2535 = DIRECTION('',(0.,0.,-1.));
#2536 = DIRECTION('',(-5.313662824773E-06,-0.999999999986,-0.));
#2537 = ORIENTED_EDGE('',*,*,#2538,.F.);
#2538 = EDGE_CURVE('',#2539,#2530,#2541,.T.);
#2539 = VERTEX_POINT('',#2540);
#2540 = CARTESIAN_POINT('',(155.575704,-100.790909,0.));
#2541 = LINE('',#2542,#2543);
#2542 = CARTESIAN_POINT('',(155.575704,-100.790909,0.));
#2543 = VECTOR('',#2544,1.);
#2544 = DIRECTION('',(-1.,6.29363850017E-07,0.));
#2545 = ORIENTED_EDGE('',*,*,#2546,.F.);
#2546 = EDGE_CURVE('',#2547,#2539,#2549,.T.);
#2547 = VERTEX_POINT('',#2548);
#2548 = CARTESIAN_POINT('',(155.827962,-100.72261,0.));
#2549 = CIRCLE('',#2550,0.500008729288);
#2550 = AXIS2_PLACEMENT_3D('',#2551,#2552,#2553);
#2551 = CARTESIAN_POINT('',(155.57570134312,-100.2909002707,0.));
#2552 = DIRECTION('',(0.,0.,-1.));
#2553 = DIRECTION('',(0.504512505685,-0.863404384751,0.));
#2554 = ORIENTED_EDGE('',*,*,#2555,.F.);
#2555 = EDGE_CURVE('',#2556,#2547,#2558,.T.);
#2556 = VERTEX_POINT('',#2557);
#2557 = CARTESIAN_POINT('',(156.530735,-101.371188,0.));
#2558 = CIRCLE('',#2559,0.499999422661);
#2559 = AXIS2_PLACEMENT_3D('',#2560,#2561,#2562);
#2560 = CARTESIAN_POINT('',(156.08022029551,-101.15431033,0.));
#2561 = DIRECTION('',(0.,0.,1.));
#2562 = DIRECTION('',(0.901030449374,-0.433755840654,0.));
#2563 = ORIENTED_EDGE('',*,*,#2564,.F.);
#2564 = EDGE_CURVE('',#2565,#2556,#2567,.T.);
#2565 = VERTEX_POINT('',#2566);
#2566 = CARTESIAN_POINT('',(156.48125,-101.588065,0.));
#2567 = CIRCLE('',#2568,0.499989884978);
#2568 = AXIS2_PLACEMENT_3D('',#2569,#2570,#2571);
#2569 = CARTESIAN_POINT('',(156.98123988497,-101.5880640791,0.));
#2570 = DIRECTION('',(0.,0.,-1.));
#2571 = DIRECTION('',(-0.999999999998,-1.841808624623E-06,-0.));
#2572 = ORIENTED_EDGE('',*,*,#2573,.F.);
#2573 = EDGE_CURVE('',#2574,#2565,#2576,.T.);
#2574 = VERTEX_POINT('',#2575);
#2575 = CARTESIAN_POINT('',(156.48125,-102.99375,0.));
#2576 = LINE('',#2577,#2578);
#2577 = CARTESIAN_POINT('',(156.48125,-102.99375,0.));
#2578 = VECTOR('',#2579,1.);
#2579 = DIRECTION('',(0.,1.,0.));
#2580 = ORIENTED_EDGE('',*,*,#2581,.F.);
#2581 = EDGE_CURVE('',#2582,#2574,#2584,.T.);
#2582 = VERTEX_POINT('',#2583);
#2583 = CARTESIAN_POINT('',(156.530735,-103.210628,0.));
#2584 = CIRCLE('',#2585,0.499989885034);
#2585 = AXIS2_PLACEMENT_3D('',#2586,#2587,#2588);
#2586 = CARTESIAN_POINT('',(156.98123988503,-102.9937519208,0.));
#2587 = DIRECTION('',(0.,0.,-1.));
#2588 = DIRECTION('',(-0.901027997796,-0.43376093322,-0.));
#2589 = ORIENTED_EDGE('',*,*,#2590,.F.);
#2590 = EDGE_CURVE('',#2591,#2582,#2593,.T.);
#2591 = VERTEX_POINT('',#2592);
#2592 = CARTESIAN_POINT('',(155.827962,-103.859207,0.));
#2593 = CIRCLE('',#2594,0.499999448976);
#2594 = AXIS2_PLACEMENT_3D('',#2595,#2596,#2597);
#2595 = CARTESIAN_POINT('',(156.08022090428,-103.4275069951,0.));
#2596 = DIRECTION('',(0.,0.,1.));
#2597 = DIRECTION('',(-0.504518364574,-0.863400961204,0.));
#2598 = ORIENTED_EDGE('',*,*,#2599,.F.);
#2599 = EDGE_CURVE('',#2600,#2591,#2602,.T.);
#2600 = VERTEX_POINT('',#2601);
#2601 = CARTESIAN_POINT('',(155.575703,-103.790908,0.));
#2602 = CIRCLE('',#2603,0.500008729226);
#2603 = AXIS2_PLACEMENT_3D('',#2604,#2605,#2606);
#2604 = CARTESIAN_POINT('',(155.57570134314,-104.2909167292,0.));
#2605 = DIRECTION('',(0.,0.,-1.));
#2606 = DIRECTION('',(3.313649260187E-06,0.999999999995,0.));
#2607 = ORIENTED_EDGE('',*,*,#2608,.F.);
#2608 = EDGE_CURVE('',#2609,#2600,#2611,.T.);
#2609 = VERTEX_POINT('',#2610);
#2610 = CARTESIAN_POINT('',(153.986799,-103.790908,0.));
#2611 = LINE('',#2612,#2613);
#2612 = CARTESIAN_POINT('',(153.986799,-103.790908,0.));
#2613 = VECTOR('',#2614,1.);
#2614 = DIRECTION('',(1.,0.,0.));
#2615 = ORIENTED_EDGE('',*,*,#2616,.F.);
#2616 = EDGE_CURVE('',#2617,#2609,#2619,.T.);
#2617 = VERTEX_POINT('',#2618);
#2618 = CARTESIAN_POINT('',(153.734541,-103.859207,0.));
#2619 = CIRCLE('',#2620,0.500008729288);
#2620 = AXIS2_PLACEMENT_3D('',#2621,#2622,#2623);
#2621 = CARTESIAN_POINT('',(153.98680165687,-104.2909167292,0.));
#2622 = DIRECTION('',(0.,0.,-1.));
#2623 = DIRECTION('',(-0.504512505685,0.863404384751,0.));
#2624 = ORIENTED_EDGE('',*,*,#2625,.F.);
#2625 = EDGE_CURVE('',#2626,#2617,#2628,.T.);
#2626 = VERTEX_POINT('',#2627);
#2627 = CARTESIAN_POINT('',(153.031767,-103.210628,0.));
#2628 = CIRCLE('',#2629,0.500000669307);
#2629 = AXIS2_PLACEMENT_3D('',#2630,#2631,#2632);
#2630 = CARTESIAN_POINT('',(153.4822835355,-103.4275047404,0.));
#2631 = DIRECTION('',(0.,0.,1.));
#2632 = DIRECTION('',(-0.901031864884,0.433752900236,0.));
#2633 = ORIENTED_EDGE('',*,*,#2634,.F.);
#2634 = EDGE_CURVE('',#2635,#2626,#2637,.T.);
#2635 = VERTEX_POINT('',#2636);
#2636 = CARTESIAN_POINT('',(153.081252,-102.993751,0.));
#2637 = CIRCLE('',#2638,0.499989884978);
#2638 = AXIS2_PLACEMENT_3D('',#2639,#2640,#2641);
#2639 = CARTESIAN_POINT('',(152.58126211502,-102.9937519208,0.));
#2640 = DIRECTION('',(0.,0.,-1.));
#2641 = DIRECTION('',(0.999999999998,1.841808567778E-06,0.));
#2642 = ORIENTED_EDGE('',*,*,#2643,.F.);
#2643 = EDGE_CURVE('',#2644,#2635,#2646,.T.);
#2644 = VERTEX_POINT('',#2645);
#2645 = CARTESIAN_POINT('',(153.081252,-101.588066,0.));
#2646 = LINE('',#2647,#2648);
#2647 = CARTESIAN_POINT('',(153.081252,-101.588066,0.));
#2648 = VECTOR('',#2649,1.);
#2649 = DIRECTION('',(0.,-1.,0.));
#2650 = ORIENTED_EDGE('',*,*,#2651,.F.);
#2651 = EDGE_CURVE('',#2521,#2644,#2652,.T.);
#2652 = CIRCLE('',#2653,0.499989885034);
#2653 = AXIS2_PLACEMENT_3D('',#2654,#2655,#2656);
#2654 = CARTESIAN_POINT('',(152.58126211496,-101.5880640791,0.));
#2655 = DIRECTION('',(0.,0.,-1.));
#2656 = DIRECTION('',(0.901027997796,0.43376093322,0.));
#2657 = FACE_BOUND('',#2658,.F.);
#2658 = EDGE_LOOP('',(#2659));
#2659 = ORIENTED_EDGE('',*,*,#2660,.T.);
#2660 = EDGE_CURVE('',#2661,#2661,#2663,.T.);
#2661 = VERTEX_POINT('',#2662);
#2662 = CARTESIAN_POINT('',(164.30625,-102.79375,0.));
#2663 = CIRCLE('',#2664,0.4);
#2664 = AXIS2_PLACEMENT_3D('',#2665,#2666,#2667);
#2665 = CARTESIAN_POINT('',(164.30625,-102.39375,0.));
#2666 = DIRECTION('',(-0.,0.,-1.));
#2667 = DIRECTION('',(-0.,-1.,0.));
#2668 = FACE_BOUND('',#2669,.F.);
#2669 = EDGE_LOOP('',(#2670));
#2670 = ORIENTED_EDGE('',*,*,#2671,.T.);
#2671 = EDGE_CURVE('',#2672,#2672,#2674,.T.);
#2672 = VERTEX_POINT('',#2673);
#2673 = CARTESIAN_POINT('',(176.2125,-112.65625,0.));
#2674 = CIRCLE('',#2675,0.5);
#2675 = AXIS2_PLACEMENT_3D('',#2676,#2677,#2678);
#2676 = CARTESIAN_POINT('',(176.2125,-112.15625,0.));
#2677 = DIRECTION('',(-0.,0.,-1.));
#2678 = DIRECTION('',(-0.,-1.,0.));
#2679 = FACE_BOUND('',#2680,.F.);
#2680 = EDGE_LOOP('',(#2681));
#2681 = ORIENTED_EDGE('',*,*,#2682,.T.);
#2682 = EDGE_CURVE('',#2683,#2683,#2685,.T.);
#2683 = VERTEX_POINT('',#2684);
#2684 = CARTESIAN_POINT('',(176.2125,-110.15625,0.));
#2685 = CIRCLE('',#2686,0.5);
#2686 = AXIS2_PLACEMENT_3D('',#2687,#2688,#2689);
#2687 = CARTESIAN_POINT('',(176.2125,-109.65625,0.));
#2688 = DIRECTION('',(-0.,0.,-1.));
#2689 = DIRECTION('',(-0.,-1.,0.));
#2690 = FACE_BOUND('',#2691,.F.);
#2691 = EDGE_LOOP('',(#2692));
#2692 = ORIENTED_EDGE('',*,*,#2693,.T.);
#2693 = EDGE_CURVE('',#2694,#2694,#2696,.T.);
#2694 = VERTEX_POINT('',#2695);
#2695 = CARTESIAN_POINT('',(176.2125,-107.65625,0.));
#2696 = CIRCLE('',#2697,0.5);
#2697 = AXIS2_PLACEMENT_3D('',#2698,#2699,#2700);
#2698 = CARTESIAN_POINT('',(176.2125,-107.15625,0.));
#2699 = DIRECTION('',(-0.,0.,-1.));
#2700 = DIRECTION('',(-0.,-1.,0.));
#2701 = FACE_BOUND('',#2702,.F.);
#2702 = EDGE_LOOP('',(#2703));
#2703 = ORIENTED_EDGE('',*,*,#2704,.T.);
#2704 = EDGE_CURVE('',#2705,#2705,#2707,.T.);
#2705 = VERTEX_POINT('',#2706);
#2706 = CARTESIAN_POINT('',(190.7125,-112.65625,0.));
#2707 = CIRCLE('',#2708,0.5);
#2708 = AXIS2_PLACEMENT_3D('',#2709,#2710,#2711);
#2709 = CARTESIAN_POINT('',(190.7125,-112.15625,0.));
#2710 = DIRECTION('',(-0.,0.,-1.));
#2711 = DIRECTION('',(-0.,-1.,0.));
#2712 = FACE_BOUND('',#2713,.F.);
#2713 = EDGE_LOOP('',(#2714));
#2714 = ORIENTED_EDGE('',*,*,#2715,.T.);
#2715 = EDGE_CURVE('',#2716,#2716,#2718,.T.);
#2716 = VERTEX_POINT('',#2717);
#2717 = CARTESIAN_POINT('',(190.7125,-107.65625,0.));
#2718 = CIRCLE('',#2719,0.5);
#2719 = AXIS2_PLACEMENT_3D('',#2720,#2721,#2722);
#2720 = CARTESIAN_POINT('',(190.7125,-107.15625,0.));
#2721 = DIRECTION('',(-0.,0.,-1.));
#2722 = DIRECTION('',(-0.,-1.,0.));
#2723 = FACE_BOUND('',#2724,.F.);
#2724 = EDGE_LOOP('',(#2725,#2736,#2744,#2753));
#2725 = ORIENTED_EDGE('',*,*,#2726,.T.);
#2726 = EDGE_CURVE('',#2727,#2729,#2731,.T.);
#2727 = VERTEX_POINT('',#2728);
#2728 = CARTESIAN_POINT('',(184.3625,-103.30625,0.));
#2729 = VERTEX_POINT('',#2730);
#2730 = CARTESIAN_POINT('',(184.3625,-104.80625,0.));
#2731 = CIRCLE('',#2732,0.75);
#2732 = AXIS2_PLACEMENT_3D('',#2733,#2734,#2735);
#2733 = CARTESIAN_POINT('',(184.3625,-104.05625,0.));
#2734 = DIRECTION('',(-0.,0.,-1.));
#2735 = DIRECTION('',(-0.,-1.,0.));
#2736 = ORIENTED_EDGE('',*,*,#2737,.T.);
#2737 = EDGE_CURVE('',#2729,#2738,#2740,.T.);
#2738 = VERTEX_POINT('',#2739);
#2739 = CARTESIAN_POINT('',(183.0625,-104.80625,0.));
#2740 = LINE('',#2741,#2742);
#2741 = CARTESIAN_POINT('',(91.53125,-104.80625,0.));
#2742 = VECTOR('',#2743,1.);
#2743 = DIRECTION('',(-1.,0.,0.));
#2744 = ORIENTED_EDGE('',*,*,#2745,.T.);
#2745 = EDGE_CURVE('',#2738,#2746,#2748,.T.);
#2746 = VERTEX_POINT('',#2747);
#2747 = CARTESIAN_POINT('',(183.0625,-103.30625,0.));
#2748 = CIRCLE('',#2749,0.75);
#2749 = AXIS2_PLACEMENT_3D('',#2750,#2751,#2752);
#2750 = CARTESIAN_POINT('',(183.0625,-104.05625,0.));
#2751 = DIRECTION('',(-0.,0.,-1.));
#2752 = DIRECTION('',(0.,1.,0.));
#2753 = ORIENTED_EDGE('',*,*,#2754,.T.);
#2754 = EDGE_CURVE('',#2746,#2727,#2755,.T.);
#2755 = LINE('',#2756,#2757);
#2756 = CARTESIAN_POINT('',(92.18125,-103.30625,0.));
#2757 = VECTOR('',#2758,1.);
#2758 = DIRECTION('',(1.,0.,-0.));
#2759 = FACE_BOUND('',#2760,.F.);
#2760 = EDGE_LOOP('',(#2761));
#2761 = ORIENTED_EDGE('',*,*,#2762,.T.);
#2762 = EDGE_CURVE('',#2763,#2763,#2765,.T.);
#2763 = VERTEX_POINT('',#2764);
#2764 = CARTESIAN_POINT('',(180.49375,-93.845,0.));
#2765 = CIRCLE('',#2766,0.5);
#2766 = AXIS2_PLACEMENT_3D('',#2767,#2768,#2769);
#2767 = CARTESIAN_POINT('',(180.49375,-93.345,0.));
#2768 = DIRECTION('',(-0.,0.,-1.));
#2769 = DIRECTION('',(-0.,-1.,0.));
#2770 = FACE_BOUND('',#2771,.F.);
#2771 = EDGE_LOOP('',(#2772));
#2772 = ORIENTED_EDGE('',*,*,#2773,.T.);
#2773 = EDGE_CURVE('',#2774,#2774,#2776,.T.);
#2774 = VERTEX_POINT('',#2775);
#2775 = CARTESIAN_POINT('',(180.49375,-91.305,0.));
#2776 = CIRCLE('',#2777,0.5);
#2777 = AXIS2_PLACEMENT_3D('',#2778,#2779,#2780);
#2778 = CARTESIAN_POINT('',(180.49375,-90.805,0.));
#2779 = DIRECTION('',(-0.,0.,-1.));
#2780 = DIRECTION('',(-0.,-1.,0.));
#2781 = FACE_BOUND('',#2782,.F.);
#2782 = EDGE_LOOP('',(#2783));
#2783 = ORIENTED_EDGE('',*,*,#2784,.T.);
#2784 = EDGE_CURVE('',#2785,#2785,#2787,.T.);
#2785 = VERTEX_POINT('',#2786);
#2786 = CARTESIAN_POINT('',(180.49375,-88.765,0.));
#2787 = CIRCLE('',#2788,0.5);
#2788 = AXIS2_PLACEMENT_3D('',#2789,#2790,#2791);
#2789 = CARTESIAN_POINT('',(180.49375,-88.265,0.));
#2790 = DIRECTION('',(-0.,0.,-1.));
#2791 = DIRECTION('',(-0.,-1.,0.));
#2792 = FACE_BOUND('',#2793,.F.);
#2793 = EDGE_LOOP('',(#2794));
#2794 = ORIENTED_EDGE('',*,*,#2795,.T.);
#2795 = EDGE_CURVE('',#2796,#2796,#2798,.T.);
#2796 = VERTEX_POINT('',#2797);
#2797 = CARTESIAN_POINT('',(195.74375,-93.845,0.));
#2798 = CIRCLE('',#2799,0.5);
#2799 = AXIS2_PLACEMENT_3D('',#2800,#2801,#2802);
#2800 = CARTESIAN_POINT('',(195.74375,-93.345,0.));
#2801 = DIRECTION('',(-0.,0.,-1.));
#2802 = DIRECTION('',(-0.,-1.,0.));
#2803 = FACE_BOUND('',#2804,.F.);
#2804 = EDGE_LOOP('',(#2805));
#2805 = ORIENTED_EDGE('',*,*,#2806,.T.);
#2806 = EDGE_CURVE('',#2807,#2807,#2809,.T.);
#2807 = VERTEX_POINT('',#2808);
#2808 = CARTESIAN_POINT('',(195.74375,-91.305,0.));
#2809 = CIRCLE('',#2810,0.5);
#2810 = AXIS2_PLACEMENT_3D('',#2811,#2812,#2813);
#2811 = CARTESIAN_POINT('',(195.74375,-90.805,0.));
#2812 = DIRECTION('',(-0.,0.,-1.));
#2813 = DIRECTION('',(-0.,-1.,0.));
#2814 = FACE_BOUND('',#2815,.F.);
#2815 = EDGE_LOOP('',(#2816));
#2816 = ORIENTED_EDGE('',*,*,#2817,.T.);
#2817 = EDGE_CURVE('',#2818,#2818,#2820,.T.);
#2818 = VERTEX_POINT('',#2819);
#2819 = CARTESIAN_POINT('',(195.74375,-88.765,0.));
#2820 = CIRCLE('',#2821,0.5);
#2821 = AXIS2_PLACEMENT_3D('',#2822,#2823,#2824);
#2822 = CARTESIAN_POINT('',(195.74375,-88.265,0.));
#2823 = DIRECTION('',(-0.,0.,-1.));
#2824 = DIRECTION('',(-0.,-1.,0.));
#2825 = FACE_BOUND('',#2826,.F.);
#2826 = EDGE_LOOP('',(#2827));
#2827 = ORIENTED_EDGE('',*,*,#2828,.T.);
#2828 = EDGE_CURVE('',#2829,#2829,#2831,.T.);
#2829 = VERTEX_POINT('',#2830);
#2830 = CARTESIAN_POINT('',(180.49375,-86.225,0.));
#2831 = CIRCLE('',#2832,0.5);
#2832 = AXIS2_PLACEMENT_3D('',#2833,#2834,#2835);
#2833 = CARTESIAN_POINT('',(180.49375,-85.725,0.));
#2834 = DIRECTION('',(-0.,0.,-1.));
#2835 = DIRECTION('',(-0.,-1.,0.));
#2836 = FACE_BOUND('',#2837,.F.);
#2837 = EDGE_LOOP('',(#2838));
#2838 = ORIENTED_EDGE('',*,*,#2839,.T.);
#2839 = EDGE_CURVE('',#2840,#2840,#2842,.T.);
#2840 = VERTEX_POINT('',#2841);
#2841 = CARTESIAN_POINT('',(180.49375,-83.685,0.));
#2842 = CIRCLE('',#2843,0.5);
#2843 = AXIS2_PLACEMENT_3D('',#2844,#2845,#2846);
#2844 = CARTESIAN_POINT('',(180.49375,-83.185,0.));
#2845 = DIRECTION('',(-0.,0.,-1.));
#2846 = DIRECTION('',(-0.,-1.,0.));
#2847 = FACE_BOUND('',#2848,.F.);
#2848 = EDGE_LOOP('',(#2849));
#2849 = ORIENTED_EDGE('',*,*,#2850,.T.);
#2850 = EDGE_CURVE('',#2851,#2851,#2853,.T.);
#2851 = VERTEX_POINT('',#2852);
#2852 = CARTESIAN_POINT('',(180.49375,-81.145,0.));
#2853 = CIRCLE('',#2854,0.5);
#2854 = AXIS2_PLACEMENT_3D('',#2855,#2856,#2857);
#2855 = CARTESIAN_POINT('',(180.49375,-80.645,0.));
#2856 = DIRECTION('',(-0.,0.,-1.));
#2857 = DIRECTION('',(-0.,-1.,0.));
#2858 = FACE_BOUND('',#2859,.F.);
#2859 = EDGE_LOOP('',(#2860));
#2860 = ORIENTED_EDGE('',*,*,#2861,.T.);
#2861 = EDGE_CURVE('',#2862,#2862,#2864,.T.);
#2862 = VERTEX_POINT('',#2863);
#2863 = CARTESIAN_POINT('',(180.49375,-78.605,0.));
#2864 = CIRCLE('',#2865,0.5);
#2865 = AXIS2_PLACEMENT_3D('',#2866,#2867,#2868);
#2866 = CARTESIAN_POINT('',(180.49375,-78.105,0.));
#2867 = DIRECTION('',(-0.,0.,-1.));
#2868 = DIRECTION('',(-0.,-1.,0.));
#2869 = FACE_BOUND('',#2870,.F.);
#2870 = EDGE_LOOP('',(#2871));
#2871 = ORIENTED_EDGE('',*,*,#2872,.T.);
#2872 = EDGE_CURVE('',#2873,#2873,#2875,.T.);
#2873 = VERTEX_POINT('',#2874);
#2874 = CARTESIAN_POINT('',(195.74375,-86.225,0.));
#2875 = CIRCLE('',#2876,0.5);
#2876 = AXIS2_PLACEMENT_3D('',#2877,#2878,#2879);
#2877 = CARTESIAN_POINT('',(195.74375,-85.725,0.));
#2878 = DIRECTION('',(-0.,0.,-1.));
#2879 = DIRECTION('',(-0.,-1.,0.));
#2880 = FACE_BOUND('',#2881,.F.);
#2881 = EDGE_LOOP('',(#2882));
#2882 = ORIENTED_EDGE('',*,*,#2883,.T.);
#2883 = EDGE_CURVE('',#2884,#2884,#2886,.T.);
#2884 = VERTEX_POINT('',#2885);
#2885 = CARTESIAN_POINT('',(195.74375,-83.685,0.));
#2886 = CIRCLE('',#2887,0.5);
#2887 = AXIS2_PLACEMENT_3D('',#2888,#2889,#2890);
#2888 = CARTESIAN_POINT('',(195.74375,-83.185,0.));
#2889 = DIRECTION('',(-0.,0.,-1.));
#2890 = DIRECTION('',(-0.,-1.,0.));
#2891 = FACE_BOUND('',#2892,.F.);
#2892 = EDGE_LOOP('',(#2893));
#2893 = ORIENTED_EDGE('',*,*,#2894,.T.);
#2894 = EDGE_CURVE('',#2895,#2895,#2897,.T.);
#2895 = VERTEX_POINT('',#2896);
#2896 = CARTESIAN_POINT('',(195.74375,-81.145,0.));
#2897 = CIRCLE('',#2898,0.5);
#2898 = AXIS2_PLACEMENT_3D('',#2899,#2900,#2901);
#2899 = CARTESIAN_POINT('',(195.74375,-80.645,0.));
#2900 = DIRECTION('',(-0.,0.,-1.));
#2901 = DIRECTION('',(-0.,-1.,0.));
#2902 = FACE_BOUND('',#2903,.F.);
#2903 = EDGE_LOOP('',(#2904));
#2904 = ORIENTED_EDGE('',*,*,#2905,.T.);
#2905 = EDGE_CURVE('',#2906,#2906,#2908,.T.);
#2906 = VERTEX_POINT('',#2907);
#2907 = CARTESIAN_POINT('',(195.74375,-78.605,0.));
#2908 = CIRCLE('',#2909,0.5);
#2909 = AXIS2_PLACEMENT_3D('',#2910,#2911,#2912);
#2910 = CARTESIAN_POINT('',(195.74375,-78.105,0.));
#2911 = DIRECTION('',(-0.,0.,-1.));
#2912 = DIRECTION('',(-0.,-1.,0.));
#2913 = PLANE('',#2914);
#2914 = AXIS2_PLACEMENT_3D('',#2915,#2916,#2917);
#2915 = CARTESIAN_POINT('',(0.,0.,0.));
#2916 = DIRECTION('',(0.,0.,1.));
#2917 = DIRECTION('',(1.,0.,-0.));
#2918 = ADVANCED_FACE('',(#2919,#2930,#2941,#2952,#2963,#2974,#2985,
    #2996,#3007,#3149,#3160,#3171,#3182,#3193,#3204,#3215,#3226,#3237,
    #3379,#3390,#3401,#3412,#3423,#3434,#3445,#3456,#3467,#3609,#3620,
    #3631,#3642,#3653,#3664,#3675,#3686,#3697,#3839,#3850,#3861,#3872,
    #3883,#3894,#4036,#4047,#4058,#4069,#4080,#4091,#4233,#4244,#4280,
    #4291,#4302,#4313,#4324,#4335,#4346,#4357,#4499,#4510,#4521,#4532,
    #4543,#4554,#4565,#4576,#4587,#4729,#4740,#4751,#4762,#4773,#4784,
    #4795,#4806,#4817,#4828,#4970,#4981,#4992,#5003,#5014,#5025,#5036,
    #5072,#5083,#5094,#5105,#5116,#5127,#5138,#5149,#5160,#5171,#5182,
    #5193,#5204,#5215),#5226,.T.);
#2919 = FACE_BOUND('',#2920,.T.);
#2920 = EDGE_LOOP('',(#2921,#2922,#2923,#2929));
#2921 = ORIENTED_EDGE('',*,*,#517,.F.);
#2922 = ORIENTED_EDGE('',*,*,#557,.F.);
#2923 = ORIENTED_EDGE('',*,*,#2924,.F.);
#2924 = EDGE_CURVE('',#580,#550,#2925,.T.);
#2925 = LINE('',#2926,#2927);
#2926 = CARTESIAN_POINT('',(104.775,-71.4375,1.51));
#2927 = VECTOR('',#2928,1.);
#2928 = DIRECTION('',(1.,0.,0.));
#2929 = ORIENTED_EDGE('',*,*,#579,.F.);
#2930 = FACE_BOUND('',#2931,.T.);
#2931 = EDGE_LOOP('',(#2932));
#2932 = ORIENTED_EDGE('',*,*,#2933,.T.);
#2933 = EDGE_CURVE('',#2934,#2934,#2936,.T.);
#2934 = VERTEX_POINT('',#2935);
#2935 = CARTESIAN_POINT('',(114.14125,-151.08625,1.51));
#2936 = CIRCLE('',#2937,0.75);
#2937 = AXIS2_PLACEMENT_3D('',#2938,#2939,#2940);
#2938 = CARTESIAN_POINT('',(114.14125,-150.33625,1.51));
#2939 = DIRECTION('',(-0.,0.,-1.));
#2940 = DIRECTION('',(-0.,-1.,0.));
#2941 = FACE_BOUND('',#2942,.T.);
#2942 = EDGE_LOOP('',(#2943));
#2943 = ORIENTED_EDGE('',*,*,#2944,.T.);
#2944 = EDGE_CURVE('',#2945,#2945,#2947,.T.);
#2945 = VERTEX_POINT('',#2946);
#2946 = CARTESIAN_POINT('',(120.49125,-148.54625,1.51));
#2947 = CIRCLE('',#2948,0.75);
#2948 = AXIS2_PLACEMENT_3D('',#2949,#2950,#2951);
#2949 = CARTESIAN_POINT('',(120.49125,-147.79625,1.51));
#2950 = DIRECTION('',(-0.,0.,-1.));
#2951 = DIRECTION('',(-0.,-1.,0.));
#2952 = FACE_BOUND('',#2953,.T.);
#2953 = EDGE_LOOP('',(#2954));
#2954 = ORIENTED_EDGE('',*,*,#2955,.T.);
#2955 = EDGE_CURVE('',#2956,#2956,#2958,.T.);
#2956 = VERTEX_POINT('',#2957);
#2957 = CARTESIAN_POINT('',(111.60125,-146.10625,1.51));
#2958 = CIRCLE('',#2959,0.85);
#2959 = AXIS2_PLACEMENT_3D('',#2960,#2961,#2962);
#2960 = CARTESIAN_POINT('',(111.60125,-145.25625,1.51));
#2961 = DIRECTION('',(-0.,0.,-1.));
#2962 = DIRECTION('',(-0.,-1.,0.));
#2963 = FACE_BOUND('',#2964,.T.);
#2964 = EDGE_LOOP('',(#2965));
#2965 = ORIENTED_EDGE('',*,*,#2966,.T.);
#2966 = EDGE_CURVE('',#2967,#2967,#2969,.T.);
#2967 = VERTEX_POINT('',#2968);
#2968 = CARTESIAN_POINT('',(116.68125,-147.25625,1.51));
#2969 = CIRCLE('',#2970,2.);
#2970 = AXIS2_PLACEMENT_3D('',#2971,#2972,#2973);
#2971 = CARTESIAN_POINT('',(116.68125,-145.25625,1.51));
#2972 = DIRECTION('',(-0.,0.,-1.));
#2973 = DIRECTION('',(-0.,-1.,0.));
#2974 = FACE_BOUND('',#2975,.T.);
#2975 = EDGE_LOOP('',(#2976));
#2976 = ORIENTED_EDGE('',*,*,#2977,.T.);
#2977 = EDGE_CURVE('',#2978,#2978,#2980,.T.);
#2978 = VERTEX_POINT('',#2979);
#2979 = CARTESIAN_POINT('',(126.20625,-148.51375,1.51));
#2980 = CIRCLE('',#2981,0.4);
#2981 = AXIS2_PLACEMENT_3D('',#2982,#2983,#2984);
#2982 = CARTESIAN_POINT('',(126.20625,-148.11375,1.51));
#2983 = DIRECTION('',(-0.,0.,-1.));
#2984 = DIRECTION('',(-3.5527136788E-14,-1.,0.));
#2985 = FACE_BOUND('',#2986,.T.);
#2986 = EDGE_LOOP('',(#2987));
#2987 = ORIENTED_EDGE('',*,*,#2988,.T.);
#2988 = EDGE_CURVE('',#2989,#2989,#2991,.T.);
#2989 = VERTEX_POINT('',#2990);
#2990 = CARTESIAN_POINT('',(121.76125,-146.10625,1.51));
#2991 = CIRCLE('',#2992,0.85);
#2992 = AXIS2_PLACEMENT_3D('',#2993,#2994,#2995);
#2993 = CARTESIAN_POINT('',(121.76125,-145.25625,1.51));
#2994 = DIRECTION('',(-0.,0.,-1.));
#2995 = DIRECTION('',(1.671865260612E-14,-1.,-0.));
#2996 = FACE_BOUND('',#2997,.T.);
#2997 = EDGE_LOOP('',(#2998));
#2998 = ORIENTED_EDGE('',*,*,#2999,.T.);
#2999 = EDGE_CURVE('',#3000,#3000,#3002,.T.);
#3000 = VERTEX_POINT('',#3001);
#3001 = CARTESIAN_POINT('',(130.65125,-146.10625,1.51));
#3002 = CIRCLE('',#3003,0.85);
#3003 = AXIS2_PLACEMENT_3D('',#3004,#3005,#3006);
#3004 = CARTESIAN_POINT('',(130.65125,-145.25625,1.51));
#3005 = DIRECTION('',(-0.,0.,-1.));
#3006 = DIRECTION('',(-0.,-1.,0.));
#3007 = FACE_BOUND('',#3008,.T.);
#3008 = EDGE_LOOP('',(#3009,#3020,#3029,#3037,#3046,#3055,#3064,#3072,
    #3081,#3090,#3099,#3107,#3116,#3125,#3134,#3142));
#3009 = ORIENTED_EDGE('',*,*,#3010,.F.);
#3010 = EDGE_CURVE('',#3011,#3013,#3015,.T.);
#3011 = VERTEX_POINT('',#3012);
#3012 = CARTESIAN_POINT('',(115.63454,-138.822609,1.51));
#3013 = VERTEX_POINT('',#3014);
#3014 = CARTESIAN_POINT('',(114.931767,-139.471188,1.51));
#3015 = CIRCLE('',#3016,0.499999729127);
#3016 = AXIS2_PLACEMENT_3D('',#3017,#3018,#3019);
#3017 = CARTESIAN_POINT('',(115.38228174567,-139.2543097091,1.51));
#3018 = DIRECTION('',(0.,0.,1.));
#3019 = DIRECTION('',(0.504516781968,0.863401885979,-0.));
#3020 = ORIENTED_EDGE('',*,*,#3021,.F.);
#3021 = EDGE_CURVE('',#3022,#3011,#3024,.T.);
#3022 = VERTEX_POINT('',#3023);
#3023 = CARTESIAN_POINT('',(115.886798,-138.890908,1.51));
#3024 = CIRCLE('',#3025,0.500008729288);
#3025 = AXIS2_PLACEMENT_3D('',#3026,#3027,#3028);
#3026 = CARTESIAN_POINT('',(115.88680065687,-138.3908992707,1.51));
#3027 = DIRECTION('',(0.,0.,-1.));
#3028 = DIRECTION('',(-5.313662540565E-06,-0.999999999986,-0.));
#3029 = ORIENTED_EDGE('',*,*,#3030,.F.);
#3030 = EDGE_CURVE('',#3031,#3022,#3033,.T.);
#3031 = VERTEX_POINT('',#3032);
#3032 = CARTESIAN_POINT('',(117.475704,-138.890909,1.51));
#3033 = LINE('',#3034,#3035);
#3034 = CARTESIAN_POINT('',(117.475704,-138.890909,1.51));
#3035 = VECTOR('',#3036,1.);
#3036 = DIRECTION('',(-1.,6.29363850017E-07,0.));
#3037 = ORIENTED_EDGE('',*,*,#3038,.F.);
#3038 = EDGE_CURVE('',#3039,#3031,#3041,.T.);
#3039 = VERTEX_POINT('',#3040);
#3040 = CARTESIAN_POINT('',(117.727962,-138.82261,1.51));
#3041 = CIRCLE('',#3042,0.500008729288);
#3042 = AXIS2_PLACEMENT_3D('',#3043,#3044,#3045);
#3043 = CARTESIAN_POINT('',(117.47570134312,-138.3909002707,1.51));
#3044 = DIRECTION('',(0.,0.,-1.));
#3045 = DIRECTION('',(0.504512505686,-0.863404384751,0.));
#3046 = ORIENTED_EDGE('',*,*,#3047,.F.);
#3047 = EDGE_CURVE('',#3048,#3039,#3050,.T.);
#3048 = VERTEX_POINT('',#3049);
#3049 = CARTESIAN_POINT('',(118.430735,-139.471188,1.51));
#3050 = CIRCLE('',#3051,0.499999422661);
#3051 = AXIS2_PLACEMENT_3D('',#3052,#3053,#3054);
#3052 = CARTESIAN_POINT('',(117.98022029551,-139.25431033,1.51));
#3053 = DIRECTION('',(0.,0.,1.));
#3054 = DIRECTION('',(0.901030449374,-0.433755840654,0.));
#3055 = ORIENTED_EDGE('',*,*,#3056,.F.);
#3056 = EDGE_CURVE('',#3057,#3048,#3059,.T.);
#3057 = VERTEX_POINT('',#3058);
#3058 = CARTESIAN_POINT('',(118.38125,-139.688065,1.51));
#3059 = CIRCLE('',#3060,0.499989884977);
#3060 = AXIS2_PLACEMENT_3D('',#3061,#3062,#3063);
#3061 = CARTESIAN_POINT('',(118.88123988497,-139.6880640791,1.51));
#3062 = DIRECTION('',(0.,0.,-1.));
#3063 = DIRECTION('',(-0.999999999998,-1.841808653046E-06,-0.));
#3064 = ORIENTED_EDGE('',*,*,#3065,.F.);
#3065 = EDGE_CURVE('',#3066,#3057,#3068,.T.);
#3066 = VERTEX_POINT('',#3067);
#3067 = CARTESIAN_POINT('',(118.38125,-141.09375,1.51));
#3068 = LINE('',#3069,#3070);
#3069 = CARTESIAN_POINT('',(118.38125,-141.09375,1.51));
#3070 = VECTOR('',#3071,1.);
#3071 = DIRECTION('',(0.,1.,0.));
#3072 = ORIENTED_EDGE('',*,*,#3073,.F.);
#3073 = EDGE_CURVE('',#3074,#3066,#3076,.T.);
#3074 = VERTEX_POINT('',#3075);
#3075 = CARTESIAN_POINT('',(118.430735,-141.310628,1.51));
#3076 = CIRCLE('',#3077,0.499989885034);
#3077 = AXIS2_PLACEMENT_3D('',#3078,#3079,#3080);
#3078 = CARTESIAN_POINT('',(118.88123988503,-141.0937519208,1.51));
#3079 = DIRECTION('',(0.,0.,-1.));
#3080 = DIRECTION('',(-0.901027997796,-0.43376093322,-0.));
#3081 = ORIENTED_EDGE('',*,*,#3082,.F.);
#3082 = EDGE_CURVE('',#3083,#3074,#3085,.T.);
#3083 = VERTEX_POINT('',#3084);
#3084 = CARTESIAN_POINT('',(117.727962,-141.959207,1.51));
#3085 = CIRCLE('',#3086,0.499999448976);
#3086 = AXIS2_PLACEMENT_3D('',#3087,#3088,#3089);
#3087 = CARTESIAN_POINT('',(117.98022090428,-141.5275069951,1.51));
#3088 = DIRECTION('',(0.,0.,1.));
#3089 = DIRECTION('',(-0.504518364574,-0.863400961204,0.));
#3090 = ORIENTED_EDGE('',*,*,#3091,.F.);
#3091 = EDGE_CURVE('',#3092,#3083,#3094,.T.);
#3092 = VERTEX_POINT('',#3093);
#3093 = CARTESIAN_POINT('',(117.475703,-141.890908,1.51));
#3094 = CIRCLE('',#3095,0.500008729226);
#3095 = AXIS2_PLACEMENT_3D('',#3096,#3097,#3098);
#3096 = CARTESIAN_POINT('',(117.47570134314,-142.3909167292,1.51));
#3097 = DIRECTION('',(0.,0.,-1.));
#3098 = DIRECTION('',(3.313649459133E-06,0.999999999995,0.));
#3099 = ORIENTED_EDGE('',*,*,#3100,.F.);
#3100 = EDGE_CURVE('',#3101,#3092,#3103,.T.);
#3101 = VERTEX_POINT('',#3102);
#3102 = CARTESIAN_POINT('',(115.886799,-141.890908,1.51));
#3103 = LINE('',#3104,#3105);
#3104 = CARTESIAN_POINT('',(115.886799,-141.890908,1.51));
#3105 = VECTOR('',#3106,1.);
#3106 = DIRECTION('',(1.,0.,0.));
#3107 = ORIENTED_EDGE('',*,*,#3108,.F.);
#3108 = EDGE_CURVE('',#3109,#3101,#3111,.T.);
#3109 = VERTEX_POINT('',#3110);
#3110 = CARTESIAN_POINT('',(115.634541,-141.959207,1.51));
#3111 = CIRCLE('',#3112,0.500008729289);
#3112 = AXIS2_PLACEMENT_3D('',#3113,#3114,#3115);
#3113 = CARTESIAN_POINT('',(115.88680165687,-142.3909167292,1.51));
#3114 = DIRECTION('',(0.,0.,-1.));
#3115 = DIRECTION('',(-0.504512505685,0.863404384751,0.));
#3116 = ORIENTED_EDGE('',*,*,#3117,.F.);
#3117 = EDGE_CURVE('',#3118,#3109,#3120,.T.);
#3118 = VERTEX_POINT('',#3119);
#3119 = CARTESIAN_POINT('',(114.931767,-141.310628,1.51));
#3120 = CIRCLE('',#3121,0.500000669307);
#3121 = AXIS2_PLACEMENT_3D('',#3122,#3123,#3124);
#3122 = CARTESIAN_POINT('',(115.3822835355,-141.5275047404,1.51));
#3123 = DIRECTION('',(0.,0.,1.));
#3124 = DIRECTION('',(-0.901031864884,0.433752900236,0.));
#3125 = ORIENTED_EDGE('',*,*,#3126,.F.);
#3126 = EDGE_CURVE('',#3127,#3118,#3129,.T.);
#3127 = VERTEX_POINT('',#3128);
#3128 = CARTESIAN_POINT('',(114.981252,-141.09375,1.51));
#3129 = CIRCLE('',#3130,0.499989885034);
#3130 = AXIS2_PLACEMENT_3D('',#3131,#3132,#3133);
#3131 = CARTESIAN_POINT('',(114.48126211496,-141.0937519208,1.51));
#3132 = DIRECTION('',(0.,0.,-1.));
#3133 = DIRECTION('',(0.999999999993,3.841811306829E-06,0.));
#3134 = ORIENTED_EDGE('',*,*,#3135,.F.);
#3135 = EDGE_CURVE('',#3136,#3127,#3138,.T.);
#3136 = VERTEX_POINT('',#3137);
#3137 = CARTESIAN_POINT('',(114.981252,-139.688066,1.51));
#3138 = LINE('',#3139,#3140);
#3139 = CARTESIAN_POINT('',(114.981252,-139.688066,1.51));
#3140 = VECTOR('',#3141,1.);
#3141 = DIRECTION('',(0.,-1.,0.));
#3142 = ORIENTED_EDGE('',*,*,#3143,.F.);
#3143 = EDGE_CURVE('',#3013,#3136,#3144,.T.);
#3144 = CIRCLE('',#3145,0.499989885034);
#3145 = AXIS2_PLACEMENT_3D('',#3146,#3147,#3148);
#3146 = CARTESIAN_POINT('',(114.48126211497,-139.6880640791,1.51));
#3147 = DIRECTION('',(0.,0.,-1.));
#3148 = DIRECTION('',(0.901027997796,0.43376093322,0.));
#3149 = FACE_BOUND('',#3150,.T.);
#3150 = EDGE_LOOP('',(#3151));
#3151 = ORIENTED_EDGE('',*,*,#3152,.T.);
#3152 = EDGE_CURVE('',#3153,#3153,#3155,.T.);
#3153 = VERTEX_POINT('',#3154);
#3154 = CARTESIAN_POINT('',(126.20625,-140.89375,1.51));
#3155 = CIRCLE('',#3156,0.4);
#3156 = AXIS2_PLACEMENT_3D('',#3157,#3158,#3159);
#3157 = CARTESIAN_POINT('',(126.20625,-140.49375,1.51));
#3158 = DIRECTION('',(-0.,0.,-1.));
#3159 = DIRECTION('',(-3.552713678801E-14,-1.,0.));
#3160 = FACE_BOUND('',#3161,.T.);
#3161 = EDGE_LOOP('',(#3162));
#3162 = ORIENTED_EDGE('',*,*,#3163,.T.);
#3163 = EDGE_CURVE('',#3164,#3164,#3166,.T.);
#3164 = VERTEX_POINT('',#3165);
#3165 = CARTESIAN_POINT('',(133.19125,-151.08625,1.51));
#3166 = CIRCLE('',#3167,0.75);
#3167 = AXIS2_PLACEMENT_3D('',#3168,#3169,#3170);
#3168 = CARTESIAN_POINT('',(133.19125,-150.33625,1.51));
#3169 = DIRECTION('',(-0.,0.,-1.));
#3170 = DIRECTION('',(-0.,-1.,0.));
#3171 = FACE_BOUND('',#3172,.T.);
#3172 = EDGE_LOOP('',(#3173));
#3173 = ORIENTED_EDGE('',*,*,#3174,.T.);
#3174 = EDGE_CURVE('',#3175,#3175,#3177,.T.);
#3175 = VERTEX_POINT('',#3176);
#3176 = CARTESIAN_POINT('',(139.54125,-148.54625,1.51));
#3177 = CIRCLE('',#3178,0.75);
#3178 = AXIS2_PLACEMENT_3D('',#3179,#3180,#3181);
#3179 = CARTESIAN_POINT('',(139.54125,-147.79625,1.51));
#3180 = DIRECTION('',(-0.,0.,-1.));
#3181 = DIRECTION('',(-0.,-1.,0.));
#3182 = FACE_BOUND('',#3183,.T.);
#3183 = EDGE_LOOP('',(#3184));
#3184 = ORIENTED_EDGE('',*,*,#3185,.T.);
#3185 = EDGE_CURVE('',#3186,#3186,#3188,.T.);
#3186 = VERTEX_POINT('',#3187);
#3187 = CARTESIAN_POINT('',(135.73125,-147.25625,1.51));
#3188 = CIRCLE('',#3189,2.);
#3189 = AXIS2_PLACEMENT_3D('',#3190,#3191,#3192);
#3190 = CARTESIAN_POINT('',(135.73125,-145.25625,1.51));
#3191 = DIRECTION('',(-0.,0.,-1.));
#3192 = DIRECTION('',(-0.,-1.,0.));
#3193 = FACE_BOUND('',#3194,.T.);
#3194 = EDGE_LOOP('',(#3195));
#3195 = ORIENTED_EDGE('',*,*,#3196,.T.);
#3196 = EDGE_CURVE('',#3197,#3197,#3199,.T.);
#3197 = VERTEX_POINT('',#3198);
#3198 = CARTESIAN_POINT('',(140.81125,-146.10625,1.51));
#3199 = CIRCLE('',#3200,0.85);
#3200 = AXIS2_PLACEMENT_3D('',#3201,#3202,#3203);
#3201 = CARTESIAN_POINT('',(140.81125,-145.25625,1.51));
#3202 = DIRECTION('',(-0.,0.,-1.));
#3203 = DIRECTION('',(-0.,-1.,0.));
#3204 = FACE_BOUND('',#3205,.T.);
#3205 = EDGE_LOOP('',(#3206));
#3206 = ORIENTED_EDGE('',*,*,#3207,.T.);
#3207 = EDGE_CURVE('',#3208,#3208,#3210,.T.);
#3208 = VERTEX_POINT('',#3209);
#3209 = CARTESIAN_POINT('',(145.25625,-148.51375,1.51));
#3210 = CIRCLE('',#3211,0.4);
#3211 = AXIS2_PLACEMENT_3D('',#3212,#3213,#3214);
#3212 = CARTESIAN_POINT('',(145.25625,-148.11375,1.51));
#3213 = DIRECTION('',(-0.,0.,-1.));
#3214 = DIRECTION('',(-0.,-1.,0.));
#3215 = FACE_BOUND('',#3216,.T.);
#3216 = EDGE_LOOP('',(#3217));
#3217 = ORIENTED_EDGE('',*,*,#3218,.T.);
#3218 = EDGE_CURVE('',#3219,#3219,#3221,.T.);
#3219 = VERTEX_POINT('',#3220);
#3220 = CARTESIAN_POINT('',(152.24125,-151.08625,1.51));
#3221 = CIRCLE('',#3222,0.75);
#3222 = AXIS2_PLACEMENT_3D('',#3223,#3224,#3225);
#3223 = CARTESIAN_POINT('',(152.24125,-150.33625,1.51));
#3224 = DIRECTION('',(-0.,0.,-1.));
#3225 = DIRECTION('',(-0.,-1.,0.));
#3226 = FACE_BOUND('',#3227,.T.);
#3227 = EDGE_LOOP('',(#3228));
#3228 = ORIENTED_EDGE('',*,*,#3229,.T.);
#3229 = EDGE_CURVE('',#3230,#3230,#3232,.T.);
#3230 = VERTEX_POINT('',#3231);
#3231 = CARTESIAN_POINT('',(149.70125,-146.10625,1.51));
#3232 = CIRCLE('',#3233,0.85);
#3233 = AXIS2_PLACEMENT_3D('',#3234,#3235,#3236);
#3234 = CARTESIAN_POINT('',(149.70125,-145.25625,1.51));
#3235 = DIRECTION('',(-0.,0.,-1.));
#3236 = DIRECTION('',(-3.343730521224E-14,-1.,0.));
#3237 = FACE_BOUND('',#3238,.T.);
#3238 = EDGE_LOOP('',(#3239,#3250,#3259,#3267,#3276,#3285,#3294,#3302,
    #3311,#3320,#3329,#3337,#3346,#3355,#3364,#3372));
#3239 = ORIENTED_EDGE('',*,*,#3240,.F.);
#3240 = EDGE_CURVE('',#3241,#3243,#3245,.T.);
#3241 = VERTEX_POINT('',#3242);
#3242 = CARTESIAN_POINT('',(134.68454,-138.822609,1.51));
#3243 = VERTEX_POINT('',#3244);
#3244 = CARTESIAN_POINT('',(133.981767,-139.471188,1.51));
#3245 = CIRCLE('',#3246,0.499999729127);
#3246 = AXIS2_PLACEMENT_3D('',#3247,#3248,#3249);
#3247 = CARTESIAN_POINT('',(134.43228174567,-139.2543097091,1.51));
#3248 = DIRECTION('',(0.,0.,1.));
#3249 = DIRECTION('',(0.504516781969,0.863401885979,-0.));
#3250 = ORIENTED_EDGE('',*,*,#3251,.F.);
#3251 = EDGE_CURVE('',#3252,#3241,#3254,.T.);
#3252 = VERTEX_POINT('',#3253);
#3253 = CARTESIAN_POINT('',(134.936798,-138.890908,1.51));
#3254 = CIRCLE('',#3255,0.500008729288);
#3255 = AXIS2_PLACEMENT_3D('',#3256,#3257,#3258);
#3256 = CARTESIAN_POINT('',(134.93680065687,-138.3908992707,1.51));
#3257 = DIRECTION('',(0.,0.,-1.));
#3258 = DIRECTION('',(-5.313662483723E-06,-0.999999999986,-0.));
#3259 = ORIENTED_EDGE('',*,*,#3260,.F.);
#3260 = EDGE_CURVE('',#3261,#3252,#3263,.T.);
#3261 = VERTEX_POINT('',#3262);
#3262 = CARTESIAN_POINT('',(136.525704,-138.890909,1.51));
#3263 = LINE('',#3264,#3265);
#3264 = CARTESIAN_POINT('',(136.525704,-138.890909,1.51));
#3265 = VECTOR('',#3266,1.);
#3266 = DIRECTION('',(-1.,6.29363850017E-07,0.));
#3267 = ORIENTED_EDGE('',*,*,#3268,.F.);
#3268 = EDGE_CURVE('',#3269,#3261,#3271,.T.);
#3269 = VERTEX_POINT('',#3270);
#3270 = CARTESIAN_POINT('',(136.777962,-138.82261,1.51));
#3271 = CIRCLE('',#3272,0.500008729288);
#3272 = AXIS2_PLACEMENT_3D('',#3273,#3274,#3275);
#3273 = CARTESIAN_POINT('',(136.52570134312,-138.3909002707,1.51));
#3274 = DIRECTION('',(0.,0.,-1.));
#3275 = DIRECTION('',(0.504512505686,-0.863404384751,0.));
#3276 = ORIENTED_EDGE('',*,*,#3277,.F.);
#3277 = EDGE_CURVE('',#3278,#3269,#3280,.T.);
#3278 = VERTEX_POINT('',#3279);
#3279 = CARTESIAN_POINT('',(137.480735,-139.471188,1.51));
#3280 = CIRCLE('',#3281,0.499999422661);
#3281 = AXIS2_PLACEMENT_3D('',#3282,#3283,#3284);
#3282 = CARTESIAN_POINT('',(137.03022029551,-139.25431033,1.51));
#3283 = DIRECTION('',(0.,0.,1.));
#3284 = DIRECTION('',(0.901030449374,-0.433755840654,0.));
#3285 = ORIENTED_EDGE('',*,*,#3286,.F.);
#3286 = EDGE_CURVE('',#3287,#3278,#3289,.T.);
#3287 = VERTEX_POINT('',#3288);
#3288 = CARTESIAN_POINT('',(137.43125,-139.688065,1.51));
#3289 = CIRCLE('',#3290,0.499989884977);
#3290 = AXIS2_PLACEMENT_3D('',#3291,#3292,#3293);
#3291 = CARTESIAN_POINT('',(137.93123988497,-139.6880640791,1.51));
#3292 = DIRECTION('',(0.,0.,-1.));
#3293 = DIRECTION('',(-0.999999999998,-1.841808653046E-06,-0.));
#3294 = ORIENTED_EDGE('',*,*,#3295,.F.);
#3295 = EDGE_CURVE('',#3296,#3287,#3298,.T.);
#3296 = VERTEX_POINT('',#3297);
#3297 = CARTESIAN_POINT('',(137.43125,-141.09375,1.51));
#3298 = LINE('',#3299,#3300);
#3299 = CARTESIAN_POINT('',(137.43125,-141.09375,1.51));
#3300 = VECTOR('',#3301,1.);
#3301 = DIRECTION('',(0.,1.,0.));
#3302 = ORIENTED_EDGE('',*,*,#3303,.F.);
#3303 = EDGE_CURVE('',#3304,#3296,#3306,.T.);
#3304 = VERTEX_POINT('',#3305);
#3305 = CARTESIAN_POINT('',(137.480735,-141.310628,1.51));
#3306 = CIRCLE('',#3307,0.499989885034);
#3307 = AXIS2_PLACEMENT_3D('',#3308,#3309,#3310);
#3308 = CARTESIAN_POINT('',(137.93123988503,-141.0937519208,1.51));
#3309 = DIRECTION('',(0.,0.,-1.));
#3310 = DIRECTION('',(-0.901027997796,-0.43376093322,-0.));
#3311 = ORIENTED_EDGE('',*,*,#3312,.F.);
#3312 = EDGE_CURVE('',#3313,#3304,#3315,.T.);
#3313 = VERTEX_POINT('',#3314);
#3314 = CARTESIAN_POINT('',(136.777962,-141.959207,1.51));
#3315 = CIRCLE('',#3316,0.499999448976);
#3316 = AXIS2_PLACEMENT_3D('',#3317,#3318,#3319);
#3317 = CARTESIAN_POINT('',(137.03022090428,-141.5275069951,1.51));
#3318 = DIRECTION('',(0.,0.,1.));
#3319 = DIRECTION('',(-0.504518364574,-0.863400961204,0.));
#3320 = ORIENTED_EDGE('',*,*,#3321,.F.);
#3321 = EDGE_CURVE('',#3322,#3313,#3324,.T.);
#3322 = VERTEX_POINT('',#3323);
#3323 = CARTESIAN_POINT('',(136.525703,-141.890908,1.51));
#3324 = CIRCLE('',#3325,0.500008729227);
#3325 = AXIS2_PLACEMENT_3D('',#3326,#3327,#3328);
#3326 = CARTESIAN_POINT('',(136.52570134314,-142.3909167292,1.51));
#3327 = DIRECTION('',(0.,0.,-1.));
#3328 = DIRECTION('',(3.313649487554E-06,0.999999999995,0.));
#3329 = ORIENTED_EDGE('',*,*,#3330,.F.);
#3330 = EDGE_CURVE('',#3331,#3322,#3333,.T.);
#3331 = VERTEX_POINT('',#3332);
#3332 = CARTESIAN_POINT('',(134.936799,-141.890908,1.51));
#3333 = LINE('',#3334,#3335);
#3334 = CARTESIAN_POINT('',(134.936799,-141.890908,1.51));
#3335 = VECTOR('',#3336,1.);
#3336 = DIRECTION('',(1.,0.,0.));
#3337 = ORIENTED_EDGE('',*,*,#3338,.F.);
#3338 = EDGE_CURVE('',#3339,#3331,#3341,.T.);
#3339 = VERTEX_POINT('',#3340);
#3340 = CARTESIAN_POINT('',(134.684541,-141.959207,1.51));
#3341 = CIRCLE('',#3342,0.500008729288);
#3342 = AXIS2_PLACEMENT_3D('',#3343,#3344,#3345);
#3343 = CARTESIAN_POINT('',(134.93680165687,-142.3909167292,1.51));
#3344 = DIRECTION('',(0.,0.,-1.));
#3345 = DIRECTION('',(-0.504512505685,0.863404384751,0.));
#3346 = ORIENTED_EDGE('',*,*,#3347,.F.);
#3347 = EDGE_CURVE('',#3348,#3339,#3350,.T.);
#3348 = VERTEX_POINT('',#3349);
#3349 = CARTESIAN_POINT('',(133.981767,-141.310628,1.51));
#3350 = CIRCLE('',#3351,0.500000669307);
#3351 = AXIS2_PLACEMENT_3D('',#3352,#3353,#3354);
#3352 = CARTESIAN_POINT('',(134.4322835355,-141.5275047404,1.51));
#3353 = DIRECTION('',(0.,0.,1.));
#3354 = DIRECTION('',(-0.901031864884,0.433752900236,0.));
#3355 = ORIENTED_EDGE('',*,*,#3356,.F.);
#3356 = EDGE_CURVE('',#3357,#3348,#3359,.T.);
#3357 = VERTEX_POINT('',#3358);
#3358 = CARTESIAN_POINT('',(134.031252,-141.093751,1.51));
#3359 = CIRCLE('',#3360,0.499989884978);
#3360 = AXIS2_PLACEMENT_3D('',#3361,#3362,#3363);
#3361 = CARTESIAN_POINT('',(133.53126211502,-141.0937519208,1.51));
#3362 = DIRECTION('',(0.,0.,-1.));
#3363 = DIRECTION('',(0.999999999998,1.841808539356E-06,0.));
#3364 = ORIENTED_EDGE('',*,*,#3365,.F.);
#3365 = EDGE_CURVE('',#3366,#3357,#3368,.T.);
#3366 = VERTEX_POINT('',#3367);
#3367 = CARTESIAN_POINT('',(134.031252,-139.688066,1.51));
#3368 = LINE('',#3369,#3370);
#3369 = CARTESIAN_POINT('',(134.031252,-139.688066,1.51));
#3370 = VECTOR('',#3371,1.);
#3371 = DIRECTION('',(0.,-1.,0.));
#3372 = ORIENTED_EDGE('',*,*,#3373,.F.);
#3373 = EDGE_CURVE('',#3243,#3366,#3374,.T.);
#3374 = CIRCLE('',#3375,0.499989885034);
#3375 = AXIS2_PLACEMENT_3D('',#3376,#3377,#3378);
#3376 = CARTESIAN_POINT('',(133.53126211497,-139.6880640791,1.51));
#3377 = DIRECTION('',(0.,0.,-1.));
#3378 = DIRECTION('',(0.901027997796,0.43376093322,0.));
#3379 = FACE_BOUND('',#3380,.T.);
#3380 = EDGE_LOOP('',(#3381));
#3381 = ORIENTED_EDGE('',*,*,#3382,.T.);
#3382 = EDGE_CURVE('',#3383,#3383,#3385,.T.);
#3383 = VERTEX_POINT('',#3384);
#3384 = CARTESIAN_POINT('',(145.25625,-140.89375,1.51));
#3385 = CIRCLE('',#3386,0.4);
#3386 = AXIS2_PLACEMENT_3D('',#3387,#3388,#3389);
#3387 = CARTESIAN_POINT('',(145.25625,-140.49375,1.51));
#3388 = DIRECTION('',(-0.,0.,-1.));
#3389 = DIRECTION('',(-0.,-1.,0.));
#3390 = FACE_BOUND('',#3391,.T.);
#3391 = EDGE_LOOP('',(#3392));
#3392 = ORIENTED_EDGE('',*,*,#3393,.T.);
#3393 = EDGE_CURVE('',#3394,#3394,#3396,.T.);
#3394 = VERTEX_POINT('',#3395);
#3395 = CARTESIAN_POINT('',(114.14125,-132.03625,1.51));
#3396 = CIRCLE('',#3397,0.75);
#3397 = AXIS2_PLACEMENT_3D('',#3398,#3399,#3400);
#3398 = CARTESIAN_POINT('',(114.14125,-131.28625,1.51));
#3399 = DIRECTION('',(-0.,0.,-1.));
#3400 = DIRECTION('',(-0.,-1.,0.));
#3401 = FACE_BOUND('',#3402,.T.);
#3402 = EDGE_LOOP('',(#3403));
#3403 = ORIENTED_EDGE('',*,*,#3404,.T.);
#3404 = EDGE_CURVE('',#3405,#3405,#3407,.T.);
#3405 = VERTEX_POINT('',#3406);
#3406 = CARTESIAN_POINT('',(120.49125,-129.49625,1.51));
#3407 = CIRCLE('',#3408,0.75);
#3408 = AXIS2_PLACEMENT_3D('',#3409,#3410,#3411);
#3409 = CARTESIAN_POINT('',(120.49125,-128.74625,1.51));
#3410 = DIRECTION('',(-0.,0.,-1.));
#3411 = DIRECTION('',(-0.,-1.,0.));
#3412 = FACE_BOUND('',#3413,.T.);
#3413 = EDGE_LOOP('',(#3414));
#3414 = ORIENTED_EDGE('',*,*,#3415,.T.);
#3415 = EDGE_CURVE('',#3416,#3416,#3418,.T.);
#3416 = VERTEX_POINT('',#3417);
#3417 = CARTESIAN_POINT('',(111.60125,-127.05625,1.51));
#3418 = CIRCLE('',#3419,0.85);
#3419 = AXIS2_PLACEMENT_3D('',#3420,#3421,#3422);
#3420 = CARTESIAN_POINT('',(111.60125,-126.20625,1.51));
#3421 = DIRECTION('',(-0.,0.,-1.));
#3422 = DIRECTION('',(-0.,-1.,0.));
#3423 = FACE_BOUND('',#3424,.T.);
#3424 = EDGE_LOOP('',(#3425));
#3425 = ORIENTED_EDGE('',*,*,#3426,.T.);
#3426 = EDGE_CURVE('',#3427,#3427,#3429,.T.);
#3427 = VERTEX_POINT('',#3428);
#3428 = CARTESIAN_POINT('',(116.68125,-128.20625,1.51));
#3429 = CIRCLE('',#3430,2.);
#3430 = AXIS2_PLACEMENT_3D('',#3431,#3432,#3433);
#3431 = CARTESIAN_POINT('',(116.68125,-126.20625,1.51));
#3432 = DIRECTION('',(-0.,0.,-1.));
#3433 = DIRECTION('',(-0.,-1.,0.));
#3434 = FACE_BOUND('',#3435,.T.);
#3435 = EDGE_LOOP('',(#3436));
#3436 = ORIENTED_EDGE('',*,*,#3437,.T.);
#3437 = EDGE_CURVE('',#3438,#3438,#3440,.T.);
#3438 = VERTEX_POINT('',#3439);
#3439 = CARTESIAN_POINT('',(126.20625,-129.46375,1.51));
#3440 = CIRCLE('',#3441,0.4);
#3441 = AXIS2_PLACEMENT_3D('',#3442,#3443,#3444);
#3442 = CARTESIAN_POINT('',(126.20625,-129.06375,1.51));
#3443 = DIRECTION('',(-0.,0.,-1.));
#3444 = DIRECTION('',(-3.552713678801E-14,-1.,0.));
#3445 = FACE_BOUND('',#3446,.T.);
#3446 = EDGE_LOOP('',(#3447));
#3447 = ORIENTED_EDGE('',*,*,#3448,.T.);
#3448 = EDGE_CURVE('',#3449,#3449,#3451,.T.);
#3449 = VERTEX_POINT('',#3450);
#3450 = CARTESIAN_POINT('',(121.76125,-127.05625,1.51));
#3451 = CIRCLE('',#3452,0.85);
#3452 = AXIS2_PLACEMENT_3D('',#3453,#3454,#3455);
#3453 = CARTESIAN_POINT('',(121.76125,-126.20625,1.51));
#3454 = DIRECTION('',(-0.,0.,-1.));
#3455 = DIRECTION('',(1.671865260612E-14,-1.,-0.));
#3456 = FACE_BOUND('',#3457,.T.);
#3457 = EDGE_LOOP('',(#3458));
#3458 = ORIENTED_EDGE('',*,*,#3459,.T.);
#3459 = EDGE_CURVE('',#3460,#3460,#3462,.T.);
#3460 = VERTEX_POINT('',#3461);
#3461 = CARTESIAN_POINT('',(130.65125,-127.05625,1.51));
#3462 = CIRCLE('',#3463,0.85);
#3463 = AXIS2_PLACEMENT_3D('',#3464,#3465,#3466);
#3464 = CARTESIAN_POINT('',(130.65125,-126.20625,1.51));
#3465 = DIRECTION('',(-0.,0.,-1.));
#3466 = DIRECTION('',(-0.,-1.,0.));
#3467 = FACE_BOUND('',#3468,.T.);
#3468 = EDGE_LOOP('',(#3469,#3480,#3489,#3497,#3506,#3515,#3524,#3532,
    #3541,#3550,#3559,#3567,#3576,#3585,#3594,#3602));
#3469 = ORIENTED_EDGE('',*,*,#3470,.F.);
#3470 = EDGE_CURVE('',#3471,#3473,#3475,.T.);
#3471 = VERTEX_POINT('',#3472);
#3472 = CARTESIAN_POINT('',(118.430735,-120.421188,1.51));
#3473 = VERTEX_POINT('',#3474);
#3474 = CARTESIAN_POINT('',(117.727962,-119.77261,1.51));
#3475 = CIRCLE('',#3476,0.499999422661);
#3476 = AXIS2_PLACEMENT_3D('',#3477,#3478,#3479);
#3477 = CARTESIAN_POINT('',(117.98022029551,-120.20431033,1.51));
#3478 = DIRECTION('',(0.,0.,1.));
#3479 = DIRECTION('',(0.901030449374,-0.433755840654,0.));
#3480 = ORIENTED_EDGE('',*,*,#3481,.F.);
#3481 = EDGE_CURVE('',#3482,#3471,#3484,.T.);
#3482 = VERTEX_POINT('',#3483);
#3483 = CARTESIAN_POINT('',(118.38125,-120.638066,1.51));
#3484 = CIRCLE('',#3485,0.499989885034);
#3485 = AXIS2_PLACEMENT_3D('',#3486,#3487,#3488);
#3486 = CARTESIAN_POINT('',(118.88123988503,-120.6380640791,1.51));
#3487 = DIRECTION('',(0.,0.,-1.));
#3488 = DIRECTION('',(-0.999999999993,-3.841811363674E-06,-0.));
#3489 = ORIENTED_EDGE('',*,*,#3490,.F.);
#3490 = EDGE_CURVE('',#3491,#3482,#3493,.T.);
#3491 = VERTEX_POINT('',#3492);
#3492 = CARTESIAN_POINT('',(118.38125,-122.04375,1.51));
#3493 = LINE('',#3494,#3495);
#3494 = CARTESIAN_POINT('',(118.38125,-122.04375,1.51));
#3495 = VECTOR('',#3496,1.);
#3496 = DIRECTION('',(0.,1.,0.));
#3497 = ORIENTED_EDGE('',*,*,#3498,.F.);
#3498 = EDGE_CURVE('',#3499,#3491,#3501,.T.);
#3499 = VERTEX_POINT('',#3500);
#3500 = CARTESIAN_POINT('',(118.430735,-122.260627,1.51));
#3501 = CIRCLE('',#3502,0.49998122973);
#3502 = AXIS2_PLACEMENT_3D('',#3503,#3504,#3505);
#3503 = CARTESIAN_POINT('',(118.88123122972,-122.0437528957,1.51));
#3504 = DIRECTION('',(0.,0.,-1.));
#3505 = DIRECTION('',(-0.901026284457,-0.433764492229,-0.));
#3506 = ORIENTED_EDGE('',*,*,#3507,.F.);
#3507 = EDGE_CURVE('',#3508,#3499,#3510,.T.);
#3508 = VERTEX_POINT('',#3509);
#3509 = CARTESIAN_POINT('',(117.727962,-122.909207,1.51));
#3510 = CIRCLE('',#3511,0.499999755443);
#3511 = AXIS2_PLACEMENT_3D('',#3512,#3513,#3514);
#3512 = CARTESIAN_POINT('',(117.98022086309,-122.4775066161,1.51));
#3513 = DIRECTION('',(0.,0.,1.));
#3514 = DIRECTION('',(-0.504517972959,-0.863401190039,0.));
#3515 = ORIENTED_EDGE('',*,*,#3516,.F.);
#3516 = EDGE_CURVE('',#3517,#3508,#3519,.T.);
#3517 = VERTEX_POINT('',#3518);
#3518 = CARTESIAN_POINT('',(117.475703,-122.840908,1.51));
#3519 = CIRCLE('',#3520,0.500008729226);
#3520 = AXIS2_PLACEMENT_3D('',#3521,#3522,#3523);
#3521 = CARTESIAN_POINT('',(117.47570134314,-123.3409167292,1.51));
#3522 = DIRECTION('',(0.,0.,-1.));
#3523 = DIRECTION('',(3.313649288608E-06,0.999999999995,0.));
#3524 = ORIENTED_EDGE('',*,*,#3525,.F.);
#3525 = EDGE_CURVE('',#3526,#3517,#3528,.T.);
#3526 = VERTEX_POINT('',#3527);
#3527 = CARTESIAN_POINT('',(115.886799,-122.840908,1.51));
#3528 = LINE('',#3529,#3530);
#3529 = CARTESIAN_POINT('',(115.886799,-122.840908,1.51));
#3530 = VECTOR('',#3531,1.);
#3531 = DIRECTION('',(1.,0.,0.));
#3532 = ORIENTED_EDGE('',*,*,#3533,.F.);
#3533 = EDGE_CURVE('',#3534,#3526,#3536,.T.);
#3534 = VERTEX_POINT('',#3535);
#3535 = CARTESIAN_POINT('',(115.63454,-122.909205,1.51));
#3536 = CIRCLE('',#3537,0.500040834725);
#3537 = AXIS2_PLACEMENT_3D('',#3538,#3539,#3540);
#3538 = CARTESIAN_POINT('',(115.88680592637,-123.3409488346,1.51));
#3539 = DIRECTION('',(0.,0.,-1.));
#3540 = DIRECTION('',(-0.50449065128,0.86341715455,0.));
#3541 = ORIENTED_EDGE('',*,*,#3542,.F.);
#3542 = EDGE_CURVE('',#3543,#3534,#3545,.T.);
#3543 = VERTEX_POINT('',#3544);
#3544 = CARTESIAN_POINT('',(114.931767,-122.260628,1.51));
#3545 = CIRCLE('',#3546,0.499999092786);
#3546 = AXIS2_PLACEMENT_3D('',#3547,#3548,#3549);
#3547 = CARTESIAN_POINT('',(115.38228160898,-122.4775051077,1.51));
#3548 = DIRECTION('',(0.,0.,1.));
#3549 = DIRECTION('',(-0.901030852831,0.43375500256,0.));
#3550 = ORIENTED_EDGE('',*,*,#3551,.F.);
#3551 = EDGE_CURVE('',#3552,#3543,#3554,.T.);
#3552 = VERTEX_POINT('',#3553);
#3553 = CARTESIAN_POINT('',(114.981252,-122.04375,1.51));
#3554 = CIRCLE('',#3555,0.499989885034);
#3555 = AXIS2_PLACEMENT_3D('',#3556,#3557,#3558);
#3556 = CARTESIAN_POINT('',(114.48126211496,-122.0437519208,1.51));
#3557 = DIRECTION('',(0.,0.,-1.));
#3558 = DIRECTION('',(0.999999999993,3.841811448942E-06,0.));
#3559 = ORIENTED_EDGE('',*,*,#3560,.F.);
#3560 = EDGE_CURVE('',#3561,#3552,#3563,.T.);
#3561 = VERTEX_POINT('',#3562);
#3562 = CARTESIAN_POINT('',(114.981252,-120.638066,1.51));
#3563 = LINE('',#3564,#3565);
#3564 = CARTESIAN_POINT('',(114.981252,-120.638066,1.51));
#3565 = VECTOR('',#3566,1.);
#3566 = DIRECTION('',(0.,-1.,0.));
#3567 = ORIENTED_EDGE('',*,*,#3568,.F.);
#3568 = EDGE_CURVE('',#3569,#3561,#3571,.T.);
#3569 = VERTEX_POINT('',#3570);
#3570 = CARTESIAN_POINT('',(114.931767,-120.421188,1.51));
#3571 = CIRCLE('',#3572,0.499989885034);
#3572 = AXIS2_PLACEMENT_3D('',#3573,#3574,#3575);
#3573 = CARTESIAN_POINT('',(114.48126211496,-120.6380640791,1.51));
#3574 = DIRECTION('',(0.,0.,-1.));
#3575 = DIRECTION('',(0.901027997796,0.43376093322,0.));
#3576 = ORIENTED_EDGE('',*,*,#3577,.F.);
#3577 = EDGE_CURVE('',#3578,#3569,#3580,.T.);
#3578 = VERTEX_POINT('',#3579);
#3579 = CARTESIAN_POINT('',(115.63454,-119.772609,1.51));
#3580 = CIRCLE('',#3581,0.499999729127);
#3581 = AXIS2_PLACEMENT_3D('',#3582,#3583,#3584);
#3582 = CARTESIAN_POINT('',(115.38228174567,-120.2043097091,1.51));
#3583 = DIRECTION('',(0.,0.,1.));
#3584 = DIRECTION('',(0.504516781968,0.863401885979,-0.));
#3585 = ORIENTED_EDGE('',*,*,#3586,.F.);
#3586 = EDGE_CURVE('',#3587,#3578,#3589,.T.);
#3587 = VERTEX_POINT('',#3588);
#3588 = CARTESIAN_POINT('',(115.886799,-119.840909,1.51));
#3589 = CIRCLE('',#3590,0.50002311711);
#3590 = AXIS2_PLACEMENT_3D('',#3591,#3592,#3593);
#3591 = CARTESIAN_POINT('',(115.88680626378,-119.3408858829,1.51));
#3592 = DIRECTION('',(0.,0.,-1.));
#3593 = DIRECTION('',(-1.45268932324E-05,-0.999999999894,-0.));
#3594 = ORIENTED_EDGE('',*,*,#3595,.F.);
#3595 = EDGE_CURVE('',#3596,#3587,#3598,.T.);
#3596 = VERTEX_POINT('',#3597);
#3597 = CARTESIAN_POINT('',(117.475704,-119.840909,1.51));
#3598 = LINE('',#3599,#3600);
#3599 = CARTESIAN_POINT('',(117.475704,-119.840909,1.51));
#3600 = VECTOR('',#3601,1.);
#3601 = DIRECTION('',(-1.,0.,0.));
#3602 = ORIENTED_EDGE('',*,*,#3603,.F.);
#3603 = EDGE_CURVE('',#3473,#3596,#3604,.T.);
#3604 = CIRCLE('',#3605,0.500008729288);
#3605 = AXIS2_PLACEMENT_3D('',#3606,#3607,#3608);
#3606 = CARTESIAN_POINT('',(117.47570134312,-119.3409002707,1.51));
#3607 = DIRECTION('',(0.,0.,-1.));
#3608 = DIRECTION('',(0.504512505685,-0.863404384751,0.));
#3609 = FACE_BOUND('',#3610,.T.);
#3610 = EDGE_LOOP('',(#3611));
#3611 = ORIENTED_EDGE('',*,*,#3612,.T.);
#3612 = EDGE_CURVE('',#3613,#3613,#3615,.T.);
#3613 = VERTEX_POINT('',#3614);
#3614 = CARTESIAN_POINT('',(126.20625,-121.84375,1.51));
#3615 = CIRCLE('',#3616,0.4);
#3616 = AXIS2_PLACEMENT_3D('',#3617,#3618,#3619);
#3617 = CARTESIAN_POINT('',(126.20625,-121.44375,1.51));
#3618 = DIRECTION('',(-0.,0.,-1.));
#3619 = DIRECTION('',(-3.552713678801E-14,-1.,0.));
#3620 = FACE_BOUND('',#3621,.T.);
#3621 = EDGE_LOOP('',(#3622));
#3622 = ORIENTED_EDGE('',*,*,#3623,.T.);
#3623 = EDGE_CURVE('',#3624,#3624,#3626,.T.);
#3624 = VERTEX_POINT('',#3625);
#3625 = CARTESIAN_POINT('',(133.19125,-132.03625,1.51));
#3626 = CIRCLE('',#3627,0.75);
#3627 = AXIS2_PLACEMENT_3D('',#3628,#3629,#3630);
#3628 = CARTESIAN_POINT('',(133.19125,-131.28625,1.51));
#3629 = DIRECTION('',(-0.,0.,-1.));
#3630 = DIRECTION('',(-0.,-1.,0.));
#3631 = FACE_BOUND('',#3632,.T.);
#3632 = EDGE_LOOP('',(#3633));
#3633 = ORIENTED_EDGE('',*,*,#3634,.T.);
#3634 = EDGE_CURVE('',#3635,#3635,#3637,.T.);
#3635 = VERTEX_POINT('',#3636);
#3636 = CARTESIAN_POINT('',(139.54125,-129.49625,1.51));
#3637 = CIRCLE('',#3638,0.75);
#3638 = AXIS2_PLACEMENT_3D('',#3639,#3640,#3641);
#3639 = CARTESIAN_POINT('',(139.54125,-128.74625,1.51));
#3640 = DIRECTION('',(-0.,0.,-1.));
#3641 = DIRECTION('',(-0.,-1.,0.));
#3642 = FACE_BOUND('',#3643,.T.);
#3643 = EDGE_LOOP('',(#3644));
#3644 = ORIENTED_EDGE('',*,*,#3645,.T.);
#3645 = EDGE_CURVE('',#3646,#3646,#3648,.T.);
#3646 = VERTEX_POINT('',#3647);
#3647 = CARTESIAN_POINT('',(135.73125,-128.20625,1.51));
#3648 = CIRCLE('',#3649,2.);
#3649 = AXIS2_PLACEMENT_3D('',#3650,#3651,#3652);
#3650 = CARTESIAN_POINT('',(135.73125,-126.20625,1.51));
#3651 = DIRECTION('',(-0.,0.,-1.));
#3652 = DIRECTION('',(-0.,-1.,0.));
#3653 = FACE_BOUND('',#3654,.T.);
#3654 = EDGE_LOOP('',(#3655));
#3655 = ORIENTED_EDGE('',*,*,#3656,.T.);
#3656 = EDGE_CURVE('',#3657,#3657,#3659,.T.);
#3657 = VERTEX_POINT('',#3658);
#3658 = CARTESIAN_POINT('',(140.81125,-127.05625,1.51));
#3659 = CIRCLE('',#3660,0.85);
#3660 = AXIS2_PLACEMENT_3D('',#3661,#3662,#3663);
#3661 = CARTESIAN_POINT('',(140.81125,-126.20625,1.51));
#3662 = DIRECTION('',(-0.,0.,-1.));
#3663 = DIRECTION('',(-0.,-1.,0.));
#3664 = FACE_BOUND('',#3665,.T.);
#3665 = EDGE_LOOP('',(#3666));
#3666 = ORIENTED_EDGE('',*,*,#3667,.T.);
#3667 = EDGE_CURVE('',#3668,#3668,#3670,.T.);
#3668 = VERTEX_POINT('',#3669);
#3669 = CARTESIAN_POINT('',(145.25625,-129.46375,1.51));
#3670 = CIRCLE('',#3671,0.4);
#3671 = AXIS2_PLACEMENT_3D('',#3672,#3673,#3674);
#3672 = CARTESIAN_POINT('',(145.25625,-129.06375,1.51));
#3673 = DIRECTION('',(-0.,0.,-1.));
#3674 = DIRECTION('',(-0.,-1.,0.));
#3675 = FACE_BOUND('',#3676,.T.);
#3676 = EDGE_LOOP('',(#3677));
#3677 = ORIENTED_EDGE('',*,*,#3678,.T.);
#3678 = EDGE_CURVE('',#3679,#3679,#3681,.T.);
#3679 = VERTEX_POINT('',#3680);
#3680 = CARTESIAN_POINT('',(152.24125,-132.03625,1.51));
#3681 = CIRCLE('',#3682,0.75);
#3682 = AXIS2_PLACEMENT_3D('',#3683,#3684,#3685);
#3683 = CARTESIAN_POINT('',(152.24125,-131.28625,1.51));
#3684 = DIRECTION('',(-0.,0.,-1.));
#3685 = DIRECTION('',(-0.,-1.,0.));
#3686 = FACE_BOUND('',#3687,.T.);
#3687 = EDGE_LOOP('',(#3688));
#3688 = ORIENTED_EDGE('',*,*,#3689,.T.);
#3689 = EDGE_CURVE('',#3690,#3690,#3692,.T.);
#3690 = VERTEX_POINT('',#3691);
#3691 = CARTESIAN_POINT('',(149.70125,-127.05625,1.51));
#3692 = CIRCLE('',#3693,0.85);
#3693 = AXIS2_PLACEMENT_3D('',#3694,#3695,#3696);
#3694 = CARTESIAN_POINT('',(149.70125,-126.20625,1.51));
#3695 = DIRECTION('',(-0.,0.,-1.));
#3696 = DIRECTION('',(-3.343730521224E-14,-1.,0.));
#3697 = FACE_BOUND('',#3698,.T.);
#3698 = EDGE_LOOP('',(#3699,#3710,#3719,#3727,#3736,#3745,#3754,#3762,
    #3771,#3780,#3789,#3797,#3806,#3815,#3824,#3832));
#3699 = ORIENTED_EDGE('',*,*,#3700,.F.);
#3700 = EDGE_CURVE('',#3701,#3703,#3705,.T.);
#3701 = VERTEX_POINT('',#3702);
#3702 = CARTESIAN_POINT('',(134.68454,-119.772609,1.51));
#3703 = VERTEX_POINT('',#3704);
#3704 = CARTESIAN_POINT('',(133.981767,-120.421188,1.51));
#3705 = CIRCLE('',#3706,0.499999729127);
#3706 = AXIS2_PLACEMENT_3D('',#3707,#3708,#3709);
#3707 = CARTESIAN_POINT('',(134.43228174567,-120.2043097091,1.51));
#3708 = DIRECTION('',(0.,0.,1.));
#3709 = DIRECTION('',(0.504516781969,0.863401885979,-0.));
#3710 = ORIENTED_EDGE('',*,*,#3711,.F.);
#3711 = EDGE_CURVE('',#3712,#3701,#3714,.T.);
#3712 = VERTEX_POINT('',#3713);
#3713 = CARTESIAN_POINT('',(134.936798,-119.840908,1.51));
#3714 = CIRCLE('',#3715,0.500008729288);
#3715 = AXIS2_PLACEMENT_3D('',#3716,#3717,#3718);
#3716 = CARTESIAN_POINT('',(134.93680065687,-119.3408992707,1.51));
#3717 = DIRECTION('',(0.,0.,-1.));
#3718 = DIRECTION('',(-5.313662711088E-06,-0.999999999986,-0.));
#3719 = ORIENTED_EDGE('',*,*,#3720,.F.);
#3720 = EDGE_CURVE('',#3721,#3712,#3723,.T.);
#3721 = VERTEX_POINT('',#3722);
#3722 = CARTESIAN_POINT('',(136.525704,-119.840909,1.51));
#3723 = LINE('',#3724,#3725);
#3724 = CARTESIAN_POINT('',(136.525704,-119.840909,1.51));
#3725 = VECTOR('',#3726,1.);
#3726 = DIRECTION('',(-1.,6.29363850017E-07,0.));
#3727 = ORIENTED_EDGE('',*,*,#3728,.F.);
#3728 = EDGE_CURVE('',#3729,#3721,#3731,.T.);
#3729 = VERTEX_POINT('',#3730);
#3730 = CARTESIAN_POINT('',(136.777962,-119.77261,1.51));
#3731 = CIRCLE('',#3732,0.500008729288);
#3732 = AXIS2_PLACEMENT_3D('',#3733,#3734,#3735);
#3733 = CARTESIAN_POINT('',(136.52570134312,-119.3409002707,1.51));
#3734 = DIRECTION('',(0.,0.,-1.));
#3735 = DIRECTION('',(0.504512505685,-0.863404384751,0.));
#3736 = ORIENTED_EDGE('',*,*,#3737,.F.);
#3737 = EDGE_CURVE('',#3738,#3729,#3740,.T.);
#3738 = VERTEX_POINT('',#3739);
#3739 = CARTESIAN_POINT('',(137.480735,-120.421188,1.51));
#3740 = CIRCLE('',#3741,0.499999422661);
#3741 = AXIS2_PLACEMENT_3D('',#3742,#3743,#3744);
#3742 = CARTESIAN_POINT('',(137.03022029551,-120.20431033,1.51));
#3743 = DIRECTION('',(0.,0.,1.));
#3744 = DIRECTION('',(0.901030449374,-0.433755840654,0.));
#3745 = ORIENTED_EDGE('',*,*,#3746,.F.);
#3746 = EDGE_CURVE('',#3747,#3738,#3749,.T.);
#3747 = VERTEX_POINT('',#3748);
#3748 = CARTESIAN_POINT('',(137.43125,-120.638065,1.51));
#3749 = CIRCLE('',#3750,0.499989884978);
#3750 = AXIS2_PLACEMENT_3D('',#3751,#3752,#3753);
#3751 = CARTESIAN_POINT('',(137.93123988497,-120.6380640791,1.51));
#3752 = DIRECTION('',(0.,0.,-1.));
#3753 = DIRECTION('',(-0.999999999998,-1.841808596201E-06,-0.));
#3754 = ORIENTED_EDGE('',*,*,#3755,.F.);
#3755 = EDGE_CURVE('',#3756,#3747,#3758,.T.);
#3756 = VERTEX_POINT('',#3757);
#3757 = CARTESIAN_POINT('',(137.43125,-122.04375,1.51));
#3758 = LINE('',#3759,#3760);
#3759 = CARTESIAN_POINT('',(137.43125,-122.04375,1.51));
#3760 = VECTOR('',#3761,1.);
#3761 = DIRECTION('',(0.,1.,0.));
#3762 = ORIENTED_EDGE('',*,*,#3763,.F.);
#3763 = EDGE_CURVE('',#3764,#3756,#3766,.T.);
#3764 = VERTEX_POINT('',#3765);
#3765 = CARTESIAN_POINT('',(137.480735,-122.260628,1.51));
#3766 = CIRCLE('',#3767,0.499989885034);
#3767 = AXIS2_PLACEMENT_3D('',#3768,#3769,#3770);
#3768 = CARTESIAN_POINT('',(137.93123988503,-122.0437519208,1.51));
#3769 = DIRECTION('',(0.,0.,-1.));
#3770 = DIRECTION('',(-0.901027997796,-0.43376093322,-0.));
#3771 = ORIENTED_EDGE('',*,*,#3772,.F.);
#3772 = EDGE_CURVE('',#3773,#3764,#3775,.T.);
#3773 = VERTEX_POINT('',#3774);
#3774 = CARTESIAN_POINT('',(136.777962,-122.909207,1.51));
#3775 = CIRCLE('',#3776,0.499999448976);
#3776 = AXIS2_PLACEMENT_3D('',#3777,#3778,#3779);
#3777 = CARTESIAN_POINT('',(137.03022090428,-122.4775069951,1.51));
#3778 = DIRECTION('',(0.,0.,1.));
#3779 = DIRECTION('',(-0.504518364574,-0.863400961204,0.));
#3780 = ORIENTED_EDGE('',*,*,#3781,.F.);
#3781 = EDGE_CURVE('',#3782,#3773,#3784,.T.);
#3782 = VERTEX_POINT('',#3783);
#3783 = CARTESIAN_POINT('',(136.525703,-122.840908,1.51));
#3784 = CIRCLE('',#3785,0.500008729226);
#3785 = AXIS2_PLACEMENT_3D('',#3786,#3787,#3788);
#3786 = CARTESIAN_POINT('',(136.52570134314,-123.3409167292,1.51));
#3787 = DIRECTION('',(0.,0.,-1.));
#3788 = DIRECTION('',(3.313649317029E-06,0.999999999995,0.));
#3789 = ORIENTED_EDGE('',*,*,#3790,.F.);
#3790 = EDGE_CURVE('',#3791,#3782,#3793,.T.);
#3791 = VERTEX_POINT('',#3792);
#3792 = CARTESIAN_POINT('',(134.936799,-122.840908,1.51));
#3793 = LINE('',#3794,#3795);
#3794 = CARTESIAN_POINT('',(134.936799,-122.840908,1.51));
#3795 = VECTOR('',#3796,1.);
#3796 = DIRECTION('',(1.,0.,0.));
#3797 = ORIENTED_EDGE('',*,*,#3798,.F.);
#3798 = EDGE_CURVE('',#3799,#3791,#3801,.T.);
#3799 = VERTEX_POINT('',#3800);
#3800 = CARTESIAN_POINT('',(134.684541,-122.909207,1.51));
#3801 = CIRCLE('',#3802,0.500008729288);
#3802 = AXIS2_PLACEMENT_3D('',#3803,#3804,#3805);
#3803 = CARTESIAN_POINT('',(134.93680165687,-123.3409167292,1.51));
#3804 = DIRECTION('',(0.,0.,-1.));
#3805 = DIRECTION('',(-0.504512505685,0.863404384751,0.));
#3806 = ORIENTED_EDGE('',*,*,#3807,.F.);
#3807 = EDGE_CURVE('',#3808,#3799,#3810,.T.);
#3808 = VERTEX_POINT('',#3809);
#3809 = CARTESIAN_POINT('',(133.981767,-122.260628,1.51));
#3810 = CIRCLE('',#3811,0.500000669307);
#3811 = AXIS2_PLACEMENT_3D('',#3812,#3813,#3814);
#3812 = CARTESIAN_POINT('',(134.4322835355,-122.4775047404,1.51));
#3813 = DIRECTION('',(0.,0.,1.));
#3814 = DIRECTION('',(-0.901031864884,0.433752900236,0.));
#3815 = ORIENTED_EDGE('',*,*,#3816,.F.);
#3816 = EDGE_CURVE('',#3817,#3808,#3819,.T.);
#3817 = VERTEX_POINT('',#3818);
#3818 = CARTESIAN_POINT('',(134.031252,-122.04375,1.51));
#3819 = CIRCLE('',#3820,0.499989885034);
#3820 = AXIS2_PLACEMENT_3D('',#3821,#3822,#3823);
#3821 = CARTESIAN_POINT('',(133.53126211496,-122.0437519208,1.51));
#3822 = DIRECTION('',(0.,0.,-1.));
#3823 = DIRECTION('',(0.999999999993,3.841811448942E-06,0.));
#3824 = ORIENTED_EDGE('',*,*,#3825,.F.);
#3825 = EDGE_CURVE('',#3826,#3817,#3828,.T.);
#3826 = VERTEX_POINT('',#3827);
#3827 = CARTESIAN_POINT('',(134.031252,-120.638066,1.51));
#3828 = LINE('',#3829,#3830);
#3829 = CARTESIAN_POINT('',(134.031252,-120.638066,1.51));
#3830 = VECTOR('',#3831,1.);
#3831 = DIRECTION('',(0.,-1.,0.));
#3832 = ORIENTED_EDGE('',*,*,#3833,.F.);
#3833 = EDGE_CURVE('',#3703,#3826,#3834,.T.);
#3834 = CIRCLE('',#3835,0.499989885034);
#3835 = AXIS2_PLACEMENT_3D('',#3836,#3837,#3838);
#3836 = CARTESIAN_POINT('',(133.53126211496,-120.6380640791,1.51));
#3837 = DIRECTION('',(0.,0.,-1.));
#3838 = DIRECTION('',(0.901027997796,0.43376093322,0.));
#3839 = FACE_BOUND('',#3840,.T.);
#3840 = EDGE_LOOP('',(#3841));
#3841 = ORIENTED_EDGE('',*,*,#3842,.T.);
#3842 = EDGE_CURVE('',#3843,#3843,#3845,.T.);
#3843 = VERTEX_POINT('',#3844);
#3844 = CARTESIAN_POINT('',(145.25625,-121.84375,1.51));
#3845 = CIRCLE('',#3846,0.4);
#3846 = AXIS2_PLACEMENT_3D('',#3847,#3848,#3849);
#3847 = CARTESIAN_POINT('',(145.25625,-121.44375,1.51));
#3848 = DIRECTION('',(-0.,0.,-1.));
#3849 = DIRECTION('',(-0.,-1.,0.));
#3850 = FACE_BOUND('',#3851,.T.);
#3851 = EDGE_LOOP('',(#3852));
#3852 = ORIENTED_EDGE('',*,*,#3853,.T.);
#3853 = EDGE_CURVE('',#3854,#3854,#3856,.T.);
#3854 = VERTEX_POINT('',#3855);
#3855 = CARTESIAN_POINT('',(158.59125,-148.54625,1.51));
#3856 = CIRCLE('',#3857,0.75);
#3857 = AXIS2_PLACEMENT_3D('',#3858,#3859,#3860);
#3858 = CARTESIAN_POINT('',(158.59125,-147.79625,1.51));
#3859 = DIRECTION('',(-0.,0.,-1.));
#3860 = DIRECTION('',(-0.,-1.,0.));
#3861 = FACE_BOUND('',#3862,.T.);
#3862 = EDGE_LOOP('',(#3863));
#3863 = ORIENTED_EDGE('',*,*,#3864,.T.);
#3864 = EDGE_CURVE('',#3865,#3865,#3867,.T.);
#3865 = VERTEX_POINT('',#3866);
#3866 = CARTESIAN_POINT('',(154.78125,-147.25625,1.51));
#3867 = CIRCLE('',#3868,2.);
#3868 = AXIS2_PLACEMENT_3D('',#3869,#3870,#3871);
#3869 = CARTESIAN_POINT('',(154.78125,-145.25625,1.51));
#3870 = DIRECTION('',(-0.,0.,-1.));
#3871 = DIRECTION('',(-0.,-1.,0.));
#3872 = FACE_BOUND('',#3873,.T.);
#3873 = EDGE_LOOP('',(#3874));
#3874 = ORIENTED_EDGE('',*,*,#3875,.T.);
#3875 = EDGE_CURVE('',#3876,#3876,#3878,.T.);
#3876 = VERTEX_POINT('',#3877);
#3877 = CARTESIAN_POINT('',(159.86125,-146.10625,1.51));
#3878 = CIRCLE('',#3879,0.85);
#3879 = AXIS2_PLACEMENT_3D('',#3880,#3881,#3882);
#3880 = CARTESIAN_POINT('',(159.86125,-145.25625,1.51));
#3881 = DIRECTION('',(-0.,0.,-1.));
#3882 = DIRECTION('',(3.343730521224E-14,-1.,-0.));
#3883 = FACE_BOUND('',#3884,.T.);
#3884 = EDGE_LOOP('',(#3885));
#3885 = ORIENTED_EDGE('',*,*,#3886,.T.);
#3886 = EDGE_CURVE('',#3887,#3887,#3889,.T.);
#3887 = VERTEX_POINT('',#3888);
#3888 = CARTESIAN_POINT('',(164.30625,-148.51375,1.51));
#3889 = CIRCLE('',#3890,0.4);
#3890 = AXIS2_PLACEMENT_3D('',#3891,#3892,#3893);
#3891 = CARTESIAN_POINT('',(164.30625,-148.11375,1.51));
#3892 = DIRECTION('',(-0.,0.,-1.));
#3893 = DIRECTION('',(-0.,-1.,0.));
#3894 = FACE_BOUND('',#3895,.T.);
#3895 = EDGE_LOOP('',(#3896,#3907,#3916,#3924,#3933,#3942,#3951,#3959,
    #3968,#3977,#3986,#3994,#4003,#4012,#4021,#4029));
#3896 = ORIENTED_EDGE('',*,*,#3897,.F.);
#3897 = EDGE_CURVE('',#3898,#3900,#3902,.T.);
#3898 = VERTEX_POINT('',#3899);
#3899 = CARTESIAN_POINT('',(153.73454,-138.822609,1.51));
#3900 = VERTEX_POINT('',#3901);
#3901 = CARTESIAN_POINT('',(153.031767,-139.471188,1.51));
#3902 = CIRCLE('',#3903,0.499999729127);
#3903 = AXIS2_PLACEMENT_3D('',#3904,#3905,#3906);
#3904 = CARTESIAN_POINT('',(153.48228174567,-139.2543097091,1.51));
#3905 = DIRECTION('',(0.,0.,1.));
#3906 = DIRECTION('',(0.504516781969,0.863401885979,-0.));
#3907 = ORIENTED_EDGE('',*,*,#3908,.F.);
#3908 = EDGE_CURVE('',#3909,#3898,#3911,.T.);
#3909 = VERTEX_POINT('',#3910);
#3910 = CARTESIAN_POINT('',(153.986798,-138.890908,1.51));
#3911 = CIRCLE('',#3912,0.500008729288);
#3912 = AXIS2_PLACEMENT_3D('',#3913,#3914,#3915);
#3913 = CARTESIAN_POINT('',(153.98680065687,-138.3908992707,1.51));
#3914 = DIRECTION('',(0.,0.,-1.));
#3915 = DIRECTION('',(-5.313662597407E-06,-0.999999999986,-0.));
#3916 = ORIENTED_EDGE('',*,*,#3917,.F.);
#3917 = EDGE_CURVE('',#3918,#3909,#3920,.T.);
#3918 = VERTEX_POINT('',#3919);
#3919 = CARTESIAN_POINT('',(155.575704,-138.890909,1.51));
#3920 = LINE('',#3921,#3922);
#3921 = CARTESIAN_POINT('',(155.575704,-138.890909,1.51));
#3922 = VECTOR('',#3923,1.);
#3923 = DIRECTION('',(-1.,6.29363850017E-07,0.));
#3924 = ORIENTED_EDGE('',*,*,#3925,.F.);
#3925 = EDGE_CURVE('',#3926,#3918,#3928,.T.);
#3926 = VERTEX_POINT('',#3927);
#3927 = CARTESIAN_POINT('',(155.827962,-138.82261,1.51));
#3928 = CIRCLE('',#3929,0.500008729288);
#3929 = AXIS2_PLACEMENT_3D('',#3930,#3931,#3932);
#3930 = CARTESIAN_POINT('',(155.57570134312,-138.3909002707,1.51));
#3931 = DIRECTION('',(0.,0.,-1.));
#3932 = DIRECTION('',(0.504512505686,-0.863404384751,0.));
#3933 = ORIENTED_EDGE('',*,*,#3934,.F.);
#3934 = EDGE_CURVE('',#3935,#3926,#3937,.T.);
#3935 = VERTEX_POINT('',#3936);
#3936 = CARTESIAN_POINT('',(156.530735,-139.471188,1.51));
#3937 = CIRCLE('',#3938,0.499999422661);
#3938 = AXIS2_PLACEMENT_3D('',#3939,#3940,#3941);
#3939 = CARTESIAN_POINT('',(156.08022029551,-139.25431033,1.51));
#3940 = DIRECTION('',(0.,0.,1.));
#3941 = DIRECTION('',(0.901030449374,-0.433755840654,0.));
#3942 = ORIENTED_EDGE('',*,*,#3943,.F.);
#3943 = EDGE_CURVE('',#3944,#3935,#3946,.T.);
#3944 = VERTEX_POINT('',#3945);
#3945 = CARTESIAN_POINT('',(156.48125,-139.688066,1.51));
#3946 = CIRCLE('',#3947,0.499989885034);
#3947 = AXIS2_PLACEMENT_3D('',#3948,#3949,#3950);
#3948 = CARTESIAN_POINT('',(156.98123988503,-139.6880640791,1.51));
#3949 = DIRECTION('',(0.,0.,-1.));
#3950 = DIRECTION('',(-0.999999999993,-3.84181142052E-06,-0.));
#3951 = ORIENTED_EDGE('',*,*,#3952,.F.);
#3952 = EDGE_CURVE('',#3953,#3944,#3955,.T.);
#3953 = VERTEX_POINT('',#3954);
#3954 = CARTESIAN_POINT('',(156.48125,-141.09375,1.51));
#3955 = LINE('',#3956,#3957);
#3956 = CARTESIAN_POINT('',(156.48125,-141.09375,1.51));
#3957 = VECTOR('',#3958,1.);
#3958 = DIRECTION('',(0.,1.,0.));
#3959 = ORIENTED_EDGE('',*,*,#3960,.F.);
#3960 = EDGE_CURVE('',#3961,#3953,#3963,.T.);
#3961 = VERTEX_POINT('',#3962);
#3962 = CARTESIAN_POINT('',(156.530735,-141.310628,1.51));
#3963 = CIRCLE('',#3964,0.499989885034);
#3964 = AXIS2_PLACEMENT_3D('',#3965,#3966,#3967);
#3965 = CARTESIAN_POINT('',(156.98123988503,-141.0937519208,1.51));
#3966 = DIRECTION('',(0.,0.,-1.));
#3967 = DIRECTION('',(-0.901027997796,-0.43376093322,-0.));
#3968 = ORIENTED_EDGE('',*,*,#3969,.F.);
#3969 = EDGE_CURVE('',#3970,#3961,#3972,.T.);
#3970 = VERTEX_POINT('',#3971);
#3971 = CARTESIAN_POINT('',(155.827962,-141.959207,1.51));
#3972 = CIRCLE('',#3973,0.499999448976);
#3973 = AXIS2_PLACEMENT_3D('',#3974,#3975,#3976);
#3974 = CARTESIAN_POINT('',(156.08022090428,-141.5275069951,1.51));
#3975 = DIRECTION('',(0.,0.,1.));
#3976 = DIRECTION('',(-0.504518364574,-0.863400961204,0.));
#3977 = ORIENTED_EDGE('',*,*,#3978,.F.);
#3978 = EDGE_CURVE('',#3979,#3970,#3981,.T.);
#3979 = VERTEX_POINT('',#3980);
#3980 = CARTESIAN_POINT('',(155.575703,-141.890908,1.51));
#3981 = CIRCLE('',#3982,0.500008729227);
#3982 = AXIS2_PLACEMENT_3D('',#3983,#3984,#3985);
#3983 = CARTESIAN_POINT('',(155.57570134314,-142.3909167292,1.51));
#3984 = DIRECTION('',(0.,0.,-1.));
#3985 = DIRECTION('',(3.313649487554E-06,0.999999999995,0.));
#3986 = ORIENTED_EDGE('',*,*,#3987,.F.);
#3987 = EDGE_CURVE('',#3988,#3979,#3990,.T.);
#3988 = VERTEX_POINT('',#3989);
#3989 = CARTESIAN_POINT('',(153.986799,-141.890908,1.51));
#3990 = LINE('',#3991,#3992);
#3991 = CARTESIAN_POINT('',(153.986799,-141.890908,1.51));
#3992 = VECTOR('',#3993,1.);
#3993 = DIRECTION('',(1.,0.,0.));
#3994 = ORIENTED_EDGE('',*,*,#3995,.F.);
#3995 = EDGE_CURVE('',#3996,#3988,#3998,.T.);
#3996 = VERTEX_POINT('',#3997);
#3997 = CARTESIAN_POINT('',(153.734541,-141.959207,1.51));
#3998 = CIRCLE('',#3999,0.500008729289);
#3999 = AXIS2_PLACEMENT_3D('',#4000,#4001,#4002);
#4000 = CARTESIAN_POINT('',(153.98680165687,-142.3909167292,1.51));
#4001 = DIRECTION('',(0.,0.,-1.));
#4002 = DIRECTION('',(-0.504512505685,0.863404384751,0.));
#4003 = ORIENTED_EDGE('',*,*,#4004,.F.);
#4004 = EDGE_CURVE('',#4005,#3996,#4007,.T.);
#4005 = VERTEX_POINT('',#4006);
#4006 = CARTESIAN_POINT('',(153.031767,-141.310628,1.51));
#4007 = CIRCLE('',#4008,0.500000669307);
#4008 = AXIS2_PLACEMENT_3D('',#4009,#4010,#4011);
#4009 = CARTESIAN_POINT('',(153.4822835355,-141.5275047404,1.51));
#4010 = DIRECTION('',(0.,0.,1.));
#4011 = DIRECTION('',(-0.901031864884,0.433752900236,0.));
#4012 = ORIENTED_EDGE('',*,*,#4013,.F.);
#4013 = EDGE_CURVE('',#4014,#4005,#4016,.T.);
#4014 = VERTEX_POINT('',#4015);
#4015 = CARTESIAN_POINT('',(153.081252,-141.093751,1.51));
#4016 = CIRCLE('',#4017,0.499989884978);
#4017 = AXIS2_PLACEMENT_3D('',#4018,#4019,#4020);
#4018 = CARTESIAN_POINT('',(152.58126211502,-141.0937519208,1.51));
#4019 = DIRECTION('',(0.,0.,-1.));
#4020 = DIRECTION('',(0.999999999998,1.841808539356E-06,0.));
#4021 = ORIENTED_EDGE('',*,*,#4022,.F.);
#4022 = EDGE_CURVE('',#4023,#4014,#4025,.T.);
#4023 = VERTEX_POINT('',#4024);
#4024 = CARTESIAN_POINT('',(153.081252,-139.688066,1.51));
#4025 = LINE('',#4026,#4027);
#4026 = CARTESIAN_POINT('',(153.081252,-139.688066,1.51));
#4027 = VECTOR('',#4028,1.);
#4028 = DIRECTION('',(0.,-1.,0.));
#4029 = ORIENTED_EDGE('',*,*,#4030,.F.);
#4030 = EDGE_CURVE('',#3900,#4023,#4031,.T.);
#4031 = CIRCLE('',#4032,0.499989885034);
#4032 = AXIS2_PLACEMENT_3D('',#4033,#4034,#4035);
#4033 = CARTESIAN_POINT('',(152.58126211497,-139.6880640791,1.51));
#4034 = DIRECTION('',(0.,0.,-1.));
#4035 = DIRECTION('',(0.901027997796,0.43376093322,0.));
#4036 = FACE_BOUND('',#4037,.T.);
#4037 = EDGE_LOOP('',(#4038));
#4038 = ORIENTED_EDGE('',*,*,#4039,.T.);
#4039 = EDGE_CURVE('',#4040,#4040,#4042,.T.);
#4040 = VERTEX_POINT('',#4041);
#4041 = CARTESIAN_POINT('',(164.30625,-140.89375,1.51));
#4042 = CIRCLE('',#4043,0.4);
#4043 = AXIS2_PLACEMENT_3D('',#4044,#4045,#4046);
#4044 = CARTESIAN_POINT('',(164.30625,-140.49375,1.51));
#4045 = DIRECTION('',(-0.,0.,-1.));
#4046 = DIRECTION('',(-0.,-1.,0.));
#4047 = FACE_BOUND('',#4048,.T.);
#4048 = EDGE_LOOP('',(#4049));
#4049 = ORIENTED_EDGE('',*,*,#4050,.T.);
#4050 = EDGE_CURVE('',#4051,#4051,#4053,.T.);
#4051 = VERTEX_POINT('',#4052);
#4052 = CARTESIAN_POINT('',(158.59125,-129.49625,1.51));
#4053 = CIRCLE('',#4054,0.75);
#4054 = AXIS2_PLACEMENT_3D('',#4055,#4056,#4057);
#4055 = CARTESIAN_POINT('',(158.59125,-128.74625,1.51));
#4056 = DIRECTION('',(-0.,0.,-1.));
#4057 = DIRECTION('',(-0.,-1.,0.));
#4058 = FACE_BOUND('',#4059,.T.);
#4059 = EDGE_LOOP('',(#4060));
#4060 = ORIENTED_EDGE('',*,*,#4061,.T.);
#4061 = EDGE_CURVE('',#4062,#4062,#4064,.T.);
#4062 = VERTEX_POINT('',#4063);
#4063 = CARTESIAN_POINT('',(154.78125,-128.20625,1.51));
#4064 = CIRCLE('',#4065,2.);
#4065 = AXIS2_PLACEMENT_3D('',#4066,#4067,#4068);
#4066 = CARTESIAN_POINT('',(154.78125,-126.20625,1.51));
#4067 = DIRECTION('',(-0.,0.,-1.));
#4068 = DIRECTION('',(-0.,-1.,0.));
#4069 = FACE_BOUND('',#4070,.T.);
#4070 = EDGE_LOOP('',(#4071));
#4071 = ORIENTED_EDGE('',*,*,#4072,.T.);
#4072 = EDGE_CURVE('',#4073,#4073,#4075,.T.);
#4073 = VERTEX_POINT('',#4074);
#4074 = CARTESIAN_POINT('',(159.86125,-127.05625,1.51));
#4075 = CIRCLE('',#4076,0.85);
#4076 = AXIS2_PLACEMENT_3D('',#4077,#4078,#4079);
#4077 = CARTESIAN_POINT('',(159.86125,-126.20625,1.51));
#4078 = DIRECTION('',(-0.,0.,-1.));
#4079 = DIRECTION('',(3.343730521224E-14,-1.,-0.));
#4080 = FACE_BOUND('',#4081,.T.);
#4081 = EDGE_LOOP('',(#4082));
#4082 = ORIENTED_EDGE('',*,*,#4083,.T.);
#4083 = EDGE_CURVE('',#4084,#4084,#4086,.T.);
#4084 = VERTEX_POINT('',#4085);
#4085 = CARTESIAN_POINT('',(164.30625,-129.46375,1.51));
#4086 = CIRCLE('',#4087,0.4);
#4087 = AXIS2_PLACEMENT_3D('',#4088,#4089,#4090);
#4088 = CARTESIAN_POINT('',(164.30625,-129.06375,1.51));
#4089 = DIRECTION('',(-0.,0.,-1.));
#4090 = DIRECTION('',(-0.,-1.,0.));
#4091 = FACE_BOUND('',#4092,.T.);
#4092 = EDGE_LOOP('',(#4093,#4104,#4113,#4121,#4130,#4139,#4148,#4156,
    #4165,#4174,#4183,#4191,#4200,#4209,#4218,#4226));
#4093 = ORIENTED_EDGE('',*,*,#4094,.F.);
#4094 = EDGE_CURVE('',#4095,#4097,#4099,.T.);
#4095 = VERTEX_POINT('',#4096);
#4096 = CARTESIAN_POINT('',(153.73454,-119.772609,1.51));
#4097 = VERTEX_POINT('',#4098);
#4098 = CARTESIAN_POINT('',(153.031767,-120.421188,1.51));
#4099 = CIRCLE('',#4100,0.499999729127);
#4100 = AXIS2_PLACEMENT_3D('',#4101,#4102,#4103);
#4101 = CARTESIAN_POINT('',(153.48228174567,-120.2043097091,1.51));
#4102 = DIRECTION('',(0.,0.,1.));
#4103 = DIRECTION('',(0.504516781969,0.863401885979,-0.));
#4104 = ORIENTED_EDGE('',*,*,#4105,.F.);
#4105 = EDGE_CURVE('',#4106,#4095,#4108,.T.);
#4106 = VERTEX_POINT('',#4107);
#4107 = CARTESIAN_POINT('',(153.986798,-119.840908,1.51));
#4108 = CIRCLE('',#4109,0.500008729288);
#4109 = AXIS2_PLACEMENT_3D('',#4110,#4111,#4112);
#4110 = CARTESIAN_POINT('',(153.98680065687,-119.3408992707,1.51));
#4111 = DIRECTION('',(0.,0.,-1.));
#4112 = DIRECTION('',(-5.313662824773E-06,-0.999999999986,-0.));
#4113 = ORIENTED_EDGE('',*,*,#4114,.F.);
#4114 = EDGE_CURVE('',#4115,#4106,#4117,.T.);
#4115 = VERTEX_POINT('',#4116);
#4116 = CARTESIAN_POINT('',(155.575704,-119.840909,1.51));
#4117 = LINE('',#4118,#4119);
#4118 = CARTESIAN_POINT('',(155.575704,-119.840909,1.51));
#4119 = VECTOR('',#4120,1.);
#4120 = DIRECTION('',(-1.,6.29363850017E-07,0.));
#4121 = ORIENTED_EDGE('',*,*,#4122,.F.);
#4122 = EDGE_CURVE('',#4123,#4115,#4125,.T.);
#4123 = VERTEX_POINT('',#4124);
#4124 = CARTESIAN_POINT('',(155.827962,-119.77261,1.51));
#4125 = CIRCLE('',#4126,0.500008729288);
#4126 = AXIS2_PLACEMENT_3D('',#4127,#4128,#4129);
#4127 = CARTESIAN_POINT('',(155.57570134312,-119.3409002707,1.51));
#4128 = DIRECTION('',(0.,0.,-1.));
#4129 = DIRECTION('',(0.504512505685,-0.863404384751,0.));
#4130 = ORIENTED_EDGE('',*,*,#4131,.F.);
#4131 = EDGE_CURVE('',#4132,#4123,#4134,.T.);
#4132 = VERTEX_POINT('',#4133);
#4133 = CARTESIAN_POINT('',(156.530735,-120.421188,1.51));
#4134 = CIRCLE('',#4135,0.499999422661);
#4135 = AXIS2_PLACEMENT_3D('',#4136,#4137,#4138);
#4136 = CARTESIAN_POINT('',(156.08022029551,-120.20431033,1.51));
#4137 = DIRECTION('',(0.,0.,1.));
#4138 = DIRECTION('',(0.901030449374,-0.433755840654,0.));
#4139 = ORIENTED_EDGE('',*,*,#4140,.F.);
#4140 = EDGE_CURVE('',#4141,#4132,#4143,.T.);
#4141 = VERTEX_POINT('',#4142);
#4142 = CARTESIAN_POINT('',(156.48125,-120.638066,1.51));
#4143 = CIRCLE('',#4144,0.499989885034);
#4144 = AXIS2_PLACEMENT_3D('',#4145,#4146,#4147);
#4145 = CARTESIAN_POINT('',(156.98123988503,-120.6380640791,1.51));
#4146 = DIRECTION('',(0.,0.,-1.));
#4147 = DIRECTION('',(-0.999999999993,-3.841811363675E-06,-0.));
#4148 = ORIENTED_EDGE('',*,*,#4149,.F.);
#4149 = EDGE_CURVE('',#4150,#4141,#4152,.T.);
#4150 = VERTEX_POINT('',#4151);
#4151 = CARTESIAN_POINT('',(156.48125,-122.04375,1.51));
#4152 = LINE('',#4153,#4154);
#4153 = CARTESIAN_POINT('',(156.48125,-122.04375,1.51));
#4154 = VECTOR('',#4155,1.);
#4155 = DIRECTION('',(0.,1.,0.));
#4156 = ORIENTED_EDGE('',*,*,#4157,.F.);
#4157 = EDGE_CURVE('',#4158,#4150,#4160,.T.);
#4158 = VERTEX_POINT('',#4159);
#4159 = CARTESIAN_POINT('',(156.530735,-122.260628,1.51));
#4160 = CIRCLE('',#4161,0.499989885034);
#4161 = AXIS2_PLACEMENT_3D('',#4162,#4163,#4164);
#4162 = CARTESIAN_POINT('',(156.98123988503,-122.0437519208,1.51));
#4163 = DIRECTION('',(0.,0.,-1.));
#4164 = DIRECTION('',(-0.901027997796,-0.43376093322,-0.));
#4165 = ORIENTED_EDGE('',*,*,#4166,.F.);
#4166 = EDGE_CURVE('',#4167,#4158,#4169,.T.);
#4167 = VERTEX_POINT('',#4168);
#4168 = CARTESIAN_POINT('',(155.827962,-122.909207,1.51));
#4169 = CIRCLE('',#4170,0.499999448976);
#4170 = AXIS2_PLACEMENT_3D('',#4171,#4172,#4173);
#4171 = CARTESIAN_POINT('',(156.08022090428,-122.4775069951,1.51));
#4172 = DIRECTION('',(0.,0.,1.));
#4173 = DIRECTION('',(-0.504518364574,-0.863400961204,0.));
#4174 = ORIENTED_EDGE('',*,*,#4175,.F.);
#4175 = EDGE_CURVE('',#4176,#4167,#4178,.T.);
#4176 = VERTEX_POINT('',#4177);
#4177 = CARTESIAN_POINT('',(155.575703,-122.840908,1.51));
#4178 = CIRCLE('',#4179,0.500008729226);
#4179 = AXIS2_PLACEMENT_3D('',#4180,#4181,#4182);
#4180 = CARTESIAN_POINT('',(155.57570134314,-123.3409167292,1.51));
#4181 = DIRECTION('',(0.,0.,-1.));
#4182 = DIRECTION('',(3.313649317029E-06,0.999999999995,0.));
#4183 = ORIENTED_EDGE('',*,*,#4184,.F.);
#4184 = EDGE_CURVE('',#4185,#4176,#4187,.T.);
#4185 = VERTEX_POINT('',#4186);
#4186 = CARTESIAN_POINT('',(153.986799,-122.840908,1.51));
#4187 = LINE('',#4188,#4189);
#4188 = CARTESIAN_POINT('',(153.986799,-122.840908,1.51));
#4189 = VECTOR('',#4190,1.);
#4190 = DIRECTION('',(1.,0.,0.));
#4191 = ORIENTED_EDGE('',*,*,#4192,.F.);
#4192 = EDGE_CURVE('',#4193,#4185,#4195,.T.);
#4193 = VERTEX_POINT('',#4194);
#4194 = CARTESIAN_POINT('',(153.734541,-122.909207,1.51));
#4195 = CIRCLE('',#4196,0.500008729288);
#4196 = AXIS2_PLACEMENT_3D('',#4197,#4198,#4199);
#4197 = CARTESIAN_POINT('',(153.98680165687,-123.3409167292,1.51));
#4198 = DIRECTION('',(0.,0.,-1.));
#4199 = DIRECTION('',(-0.504512505685,0.863404384751,0.));
#4200 = ORIENTED_EDGE('',*,*,#4201,.F.);
#4201 = EDGE_CURVE('',#4202,#4193,#4204,.T.);
#4202 = VERTEX_POINT('',#4203);
#4203 = CARTESIAN_POINT('',(153.031767,-122.260628,1.51));
#4204 = CIRCLE('',#4205,0.500000669307);
#4205 = AXIS2_PLACEMENT_3D('',#4206,#4207,#4208);
#4206 = CARTESIAN_POINT('',(153.4822835355,-122.4775047404,1.51));
#4207 = DIRECTION('',(0.,0.,1.));
#4208 = DIRECTION('',(-0.901031864884,0.433752900236,0.));
#4209 = ORIENTED_EDGE('',*,*,#4210,.F.);
#4210 = EDGE_CURVE('',#4211,#4202,#4213,.T.);
#4211 = VERTEX_POINT('',#4212);
#4212 = CARTESIAN_POINT('',(153.081252,-122.043751,1.51));
#4213 = CIRCLE('',#4214,0.499989884977);
#4214 = AXIS2_PLACEMENT_3D('',#4215,#4216,#4217);
#4215 = CARTESIAN_POINT('',(152.58126211502,-122.0437519208,1.51));
#4216 = DIRECTION('',(0.,0.,-1.));
#4217 = DIRECTION('',(0.999999999998,1.841808653046E-06,0.));
#4218 = ORIENTED_EDGE('',*,*,#4219,.F.);
#4219 = EDGE_CURVE('',#4220,#4211,#4222,.T.);
#4220 = VERTEX_POINT('',#4221);
#4221 = CARTESIAN_POINT('',(153.081252,-120.638066,1.51));
#4222 = LINE('',#4223,#4224);
#4223 = CARTESIAN_POINT('',(153.081252,-120.638066,1.51));
#4224 = VECTOR('',#4225,1.);
#4225 = DIRECTION('',(0.,-1.,0.));
#4226 = ORIENTED_EDGE('',*,*,#4227,.F.);
#4227 = EDGE_CURVE('',#4097,#4220,#4228,.T.);
#4228 = CIRCLE('',#4229,0.499989885034);
#4229 = AXIS2_PLACEMENT_3D('',#4230,#4231,#4232);
#4230 = CARTESIAN_POINT('',(152.58126211496,-120.6380640791,1.51));
#4231 = DIRECTION('',(0.,0.,-1.));
#4232 = DIRECTION('',(0.901027997796,0.43376093322,0.));
#4233 = FACE_BOUND('',#4234,.T.);
#4234 = EDGE_LOOP('',(#4235));
#4235 = ORIENTED_EDGE('',*,*,#4236,.T.);
#4236 = EDGE_CURVE('',#4237,#4237,#4239,.T.);
#4237 = VERTEX_POINT('',#4238);
#4238 = CARTESIAN_POINT('',(164.30625,-121.84375,1.51));
#4239 = CIRCLE('',#4240,0.4);
#4240 = AXIS2_PLACEMENT_3D('',#4241,#4242,#4243);
#4241 = CARTESIAN_POINT('',(164.30625,-121.44375,1.51));
#4242 = DIRECTION('',(-0.,0.,-1.));
#4243 = DIRECTION('',(-0.,-1.,0.));
#4244 = FACE_BOUND('',#4245,.T.);
#4245 = EDGE_LOOP('',(#4246,#4257,#4265,#4274));
#4246 = ORIENTED_EDGE('',*,*,#4247,.T.);
#4247 = EDGE_CURVE('',#4248,#4250,#4252,.T.);
#4248 = VERTEX_POINT('',#4249);
#4249 = CARTESIAN_POINT('',(184.3625,-114.50625,1.51));
#4250 = VERTEX_POINT('',#4251);
#4251 = CARTESIAN_POINT('',(184.3625,-116.00625,1.51));
#4252 = CIRCLE('',#4253,0.75);
#4253 = AXIS2_PLACEMENT_3D('',#4254,#4255,#4256);
#4254 = CARTESIAN_POINT('',(184.3625,-115.25625,1.51));
#4255 = DIRECTION('',(-0.,0.,-1.));
#4256 = DIRECTION('',(-0.,-1.,0.));
#4257 = ORIENTED_EDGE('',*,*,#4258,.T.);
#4258 = EDGE_CURVE('',#4250,#4259,#4261,.T.);
#4259 = VERTEX_POINT('',#4260);
#4260 = CARTESIAN_POINT('',(183.0625,-116.00625,1.51));
#4261 = LINE('',#4262,#4263);
#4262 = CARTESIAN_POINT('',(91.53125,-116.00625,1.51));
#4263 = VECTOR('',#4264,1.);
#4264 = DIRECTION('',(-1.,0.,0.));
#4265 = ORIENTED_EDGE('',*,*,#4266,.T.);
#4266 = EDGE_CURVE('',#4259,#4267,#4269,.T.);
#4267 = VERTEX_POINT('',#4268);
#4268 = CARTESIAN_POINT('',(183.0625,-114.50625,1.51));
#4269 = CIRCLE('',#4270,0.75);
#4270 = AXIS2_PLACEMENT_3D('',#4271,#4272,#4273);
#4271 = CARTESIAN_POINT('',(183.0625,-115.25625,1.51));
#4272 = DIRECTION('',(-0.,0.,-1.));
#4273 = DIRECTION('',(0.,1.,0.));
#4274 = ORIENTED_EDGE('',*,*,#4275,.T.);
#4275 = EDGE_CURVE('',#4267,#4248,#4276,.T.);
#4276 = LINE('',#4277,#4278);
#4277 = CARTESIAN_POINT('',(92.18125,-114.50625,1.51));
#4278 = VECTOR('',#4279,1.);
#4279 = DIRECTION('',(1.,0.,-0.));
#4280 = FACE_BOUND('',#4281,.T.);
#4281 = EDGE_LOOP('',(#4282));
#4282 = ORIENTED_EDGE('',*,*,#4283,.T.);
#4283 = EDGE_CURVE('',#4284,#4284,#4286,.T.);
#4284 = VERTEX_POINT('',#4285);
#4285 = CARTESIAN_POINT('',(114.14125,-112.98625,1.51));
#4286 = CIRCLE('',#4287,0.75);
#4287 = AXIS2_PLACEMENT_3D('',#4288,#4289,#4290);
#4288 = CARTESIAN_POINT('',(114.14125,-112.23625,1.51));
#4289 = DIRECTION('',(-0.,0.,-1.));
#4290 = DIRECTION('',(-0.,-1.,0.));
#4291 = FACE_BOUND('',#4292,.T.);
#4292 = EDGE_LOOP('',(#4293));
#4293 = ORIENTED_EDGE('',*,*,#4294,.T.);
#4294 = EDGE_CURVE('',#4295,#4295,#4297,.T.);
#4295 = VERTEX_POINT('',#4296);
#4296 = CARTESIAN_POINT('',(111.60125,-108.00625,1.51));
#4297 = CIRCLE('',#4298,0.85);
#4298 = AXIS2_PLACEMENT_3D('',#4299,#4300,#4301);
#4299 = CARTESIAN_POINT('',(111.60125,-107.15625,1.51));
#4300 = DIRECTION('',(-0.,0.,-1.));
#4301 = DIRECTION('',(-0.,-1.,0.));
#4302 = FACE_BOUND('',#4303,.T.);
#4303 = EDGE_LOOP('',(#4304));
#4304 = ORIENTED_EDGE('',*,*,#4305,.T.);
#4305 = EDGE_CURVE('',#4306,#4306,#4308,.T.);
#4306 = VERTEX_POINT('',#4307);
#4307 = CARTESIAN_POINT('',(120.49125,-110.44625,1.51));
#4308 = CIRCLE('',#4309,0.75);
#4309 = AXIS2_PLACEMENT_3D('',#4310,#4311,#4312);
#4310 = CARTESIAN_POINT('',(120.49125,-109.69625,1.51));
#4311 = DIRECTION('',(-0.,0.,-1.));
#4312 = DIRECTION('',(-0.,-1.,0.));
#4313 = FACE_BOUND('',#4314,.T.);
#4314 = EDGE_LOOP('',(#4315));
#4315 = ORIENTED_EDGE('',*,*,#4316,.T.);
#4316 = EDGE_CURVE('',#4317,#4317,#4319,.T.);
#4317 = VERTEX_POINT('',#4318);
#4318 = CARTESIAN_POINT('',(116.68125,-109.15625,1.51));
#4319 = CIRCLE('',#4320,2.);
#4320 = AXIS2_PLACEMENT_3D('',#4321,#4322,#4323);
#4321 = CARTESIAN_POINT('',(116.68125,-107.15625,1.51));
#4322 = DIRECTION('',(-0.,0.,-1.));
#4323 = DIRECTION('',(-0.,-1.,0.));
#4324 = FACE_BOUND('',#4325,.T.);
#4325 = EDGE_LOOP('',(#4326));
#4326 = ORIENTED_EDGE('',*,*,#4327,.T.);
#4327 = EDGE_CURVE('',#4328,#4328,#4330,.T.);
#4328 = VERTEX_POINT('',#4329);
#4329 = CARTESIAN_POINT('',(126.20625,-110.41375,1.51));
#4330 = CIRCLE('',#4331,0.4);
#4331 = AXIS2_PLACEMENT_3D('',#4332,#4333,#4334);
#4332 = CARTESIAN_POINT('',(126.20625,-110.01375,1.51));
#4333 = DIRECTION('',(-0.,0.,-1.));
#4334 = DIRECTION('',(-3.552713678801E-14,-1.,0.));
#4335 = FACE_BOUND('',#4336,.T.);
#4336 = EDGE_LOOP('',(#4337));
#4337 = ORIENTED_EDGE('',*,*,#4338,.T.);
#4338 = EDGE_CURVE('',#4339,#4339,#4341,.T.);
#4339 = VERTEX_POINT('',#4340);
#4340 = CARTESIAN_POINT('',(121.76125,-108.00625,1.51));
#4341 = CIRCLE('',#4342,0.85);
#4342 = AXIS2_PLACEMENT_3D('',#4343,#4344,#4345);
#4343 = CARTESIAN_POINT('',(121.76125,-107.15625,1.51));
#4344 = DIRECTION('',(-0.,0.,-1.));
#4345 = DIRECTION('',(1.671865260612E-14,-1.,-0.));
#4346 = FACE_BOUND('',#4347,.T.);
#4347 = EDGE_LOOP('',(#4348));
#4348 = ORIENTED_EDGE('',*,*,#4349,.T.);
#4349 = EDGE_CURVE('',#4350,#4350,#4352,.T.);
#4350 = VERTEX_POINT('',#4351);
#4351 = CARTESIAN_POINT('',(130.65125,-108.00625,1.51));
#4352 = CIRCLE('',#4353,0.85);
#4353 = AXIS2_PLACEMENT_3D('',#4354,#4355,#4356);
#4354 = CARTESIAN_POINT('',(130.65125,-107.15625,1.51));
#4355 = DIRECTION('',(-0.,0.,-1.));
#4356 = DIRECTION('',(-0.,-1.,0.));
#4357 = FACE_BOUND('',#4358,.T.);
#4358 = EDGE_LOOP('',(#4359,#4370,#4379,#4387,#4396,#4405,#4414,#4422,
    #4431,#4440,#4449,#4457,#4466,#4475,#4484,#4492));
#4359 = ORIENTED_EDGE('',*,*,#4360,.F.);
#4360 = EDGE_CURVE('',#4361,#4363,#4365,.T.);
#4361 = VERTEX_POINT('',#4362);
#4362 = CARTESIAN_POINT('',(118.430735,-101.371188,1.51));
#4363 = VERTEX_POINT('',#4364);
#4364 = CARTESIAN_POINT('',(117.727962,-100.72261,1.51));
#4365 = CIRCLE('',#4366,0.499999422661);
#4366 = AXIS2_PLACEMENT_3D('',#4367,#4368,#4369);
#4367 = CARTESIAN_POINT('',(117.98022029551,-101.15431033,1.51));
#4368 = DIRECTION('',(0.,0.,1.));
#4369 = DIRECTION('',(0.901030449374,-0.433755840654,0.));
#4370 = ORIENTED_EDGE('',*,*,#4371,.F.);
#4371 = EDGE_CURVE('',#4372,#4361,#4374,.T.);
#4372 = VERTEX_POINT('',#4373);
#4373 = CARTESIAN_POINT('',(118.38125,-101.588066,1.51));
#4374 = CIRCLE('',#4375,0.499989885034);
#4375 = AXIS2_PLACEMENT_3D('',#4376,#4377,#4378);
#4376 = CARTESIAN_POINT('',(118.88123988503,-101.5880640791,1.51));
#4377 = DIRECTION('',(0.,0.,-1.));
#4378 = DIRECTION('',(-0.999999999993,-3.841811392097E-06,-0.));
#4379 = ORIENTED_EDGE('',*,*,#4380,.F.);
#4380 = EDGE_CURVE('',#4381,#4372,#4383,.T.);
#4381 = VERTEX_POINT('',#4382);
#4382 = CARTESIAN_POINT('',(118.38125,-102.99375,1.51));
#4383 = LINE('',#4384,#4385);
#4384 = CARTESIAN_POINT('',(118.38125,-102.99375,1.51));
#4385 = VECTOR('',#4386,1.);
#4386 = DIRECTION('',(0.,1.,0.));
#4387 = ORIENTED_EDGE('',*,*,#4388,.F.);
#4388 = EDGE_CURVE('',#4389,#4381,#4391,.T.);
#4389 = VERTEX_POINT('',#4390);
#4390 = CARTESIAN_POINT('',(118.430735,-103.210627,1.51));
#4391 = CIRCLE('',#4392,0.49998122973);
#4392 = AXIS2_PLACEMENT_3D('',#4393,#4394,#4395);
#4393 = CARTESIAN_POINT('',(118.88123122972,-102.9937528957,1.51));
#4394 = DIRECTION('',(0.,0.,-1.));
#4395 = DIRECTION('',(-0.901026284457,-0.433764492229,-0.));
#4396 = ORIENTED_EDGE('',*,*,#4397,.F.);
#4397 = EDGE_CURVE('',#4398,#4389,#4400,.T.);
#4398 = VERTEX_POINT('',#4399);
#4399 = CARTESIAN_POINT('',(117.727962,-103.859207,1.51));
#4400 = CIRCLE('',#4401,0.499999755443);
#4401 = AXIS2_PLACEMENT_3D('',#4402,#4403,#4404);
#4402 = CARTESIAN_POINT('',(117.98022086309,-103.4275066161,1.51));
#4403 = DIRECTION('',(0.,0.,1.));
#4404 = DIRECTION('',(-0.504517972959,-0.863401190039,0.));
#4405 = ORIENTED_EDGE('',*,*,#4406,.F.);
#4406 = EDGE_CURVE('',#4407,#4398,#4409,.T.);
#4407 = VERTEX_POINT('',#4408);
#4408 = CARTESIAN_POINT('',(117.475703,-103.790908,1.51));
#4409 = CIRCLE('',#4410,0.500008729226);
#4410 = AXIS2_PLACEMENT_3D('',#4411,#4412,#4413);
#4411 = CARTESIAN_POINT('',(117.47570134314,-104.2909167292,1.51));
#4412 = DIRECTION('',(0.,0.,-1.));
#4413 = DIRECTION('',(3.313649260187E-06,0.999999999995,0.));
#4414 = ORIENTED_EDGE('',*,*,#4415,.F.);
#4415 = EDGE_CURVE('',#4416,#4407,#4418,.T.);
#4416 = VERTEX_POINT('',#4417);
#4417 = CARTESIAN_POINT('',(115.886799,-103.790908,1.51));
#4418 = LINE('',#4419,#4420);
#4419 = CARTESIAN_POINT('',(115.886799,-103.790908,1.51));
#4420 = VECTOR('',#4421,1.);
#4421 = DIRECTION('',(1.,0.,0.));
#4422 = ORIENTED_EDGE('',*,*,#4423,.F.);
#4423 = EDGE_CURVE('',#4424,#4416,#4426,.T.);
#4424 = VERTEX_POINT('',#4425);
#4425 = CARTESIAN_POINT('',(115.63454,-103.859205,1.51));
#4426 = CIRCLE('',#4427,0.500040834725);
#4427 = AXIS2_PLACEMENT_3D('',#4428,#4429,#4430);
#4428 = CARTESIAN_POINT('',(115.88680592637,-104.2909488346,1.51));
#4429 = DIRECTION('',(0.,0.,-1.));
#4430 = DIRECTION('',(-0.50449065128,0.86341715455,0.));
#4431 = ORIENTED_EDGE('',*,*,#4432,.F.);
#4432 = EDGE_CURVE('',#4433,#4424,#4435,.T.);
#4433 = VERTEX_POINT('',#4434);
#4434 = CARTESIAN_POINT('',(114.931767,-103.210628,1.51));
#4435 = CIRCLE('',#4436,0.499999092786);
#4436 = AXIS2_PLACEMENT_3D('',#4437,#4438,#4439);
#4437 = CARTESIAN_POINT('',(115.38228160898,-103.4275051077,1.51));
#4438 = DIRECTION('',(0.,0.,1.));
#4439 = DIRECTION('',(-0.901030852831,0.43375500256,0.));
#4440 = ORIENTED_EDGE('',*,*,#4441,.F.);
#4441 = EDGE_CURVE('',#4442,#4433,#4444,.T.);
#4442 = VERTEX_POINT('',#4443);
#4443 = CARTESIAN_POINT('',(114.981252,-102.99375,1.51));
#4444 = CIRCLE('',#4445,0.499989885034);
#4445 = AXIS2_PLACEMENT_3D('',#4446,#4447,#4448);
#4446 = CARTESIAN_POINT('',(114.48126211496,-102.9937519208,1.51));
#4447 = DIRECTION('',(0.,0.,-1.));
#4448 = DIRECTION('',(0.999999999993,3.841811363674E-06,0.));
#4449 = ORIENTED_EDGE('',*,*,#4450,.F.);
#4450 = EDGE_CURVE('',#4451,#4442,#4453,.T.);
#4451 = VERTEX_POINT('',#4452);
#4452 = CARTESIAN_POINT('',(114.981252,-101.588066,1.51));
#4453 = LINE('',#4454,#4455);
#4454 = CARTESIAN_POINT('',(114.981252,-101.588066,1.51));
#4455 = VECTOR('',#4456,1.);
#4456 = DIRECTION('',(0.,-1.,0.));
#4457 = ORIENTED_EDGE('',*,*,#4458,.F.);
#4458 = EDGE_CURVE('',#4459,#4451,#4461,.T.);
#4459 = VERTEX_POINT('',#4460);
#4460 = CARTESIAN_POINT('',(114.931767,-101.371188,1.51));
#4461 = CIRCLE('',#4462,0.499989885034);
#4462 = AXIS2_PLACEMENT_3D('',#4463,#4464,#4465);
#4463 = CARTESIAN_POINT('',(114.48126211496,-101.5880640791,1.51));
#4464 = DIRECTION('',(0.,0.,-1.));
#4465 = DIRECTION('',(0.901027997796,0.43376093322,0.));
#4466 = ORIENTED_EDGE('',*,*,#4467,.F.);
#4467 = EDGE_CURVE('',#4468,#4459,#4470,.T.);
#4468 = VERTEX_POINT('',#4469);
#4469 = CARTESIAN_POINT('',(115.63454,-100.722609,1.51));
#4470 = CIRCLE('',#4471,0.499999729127);
#4471 = AXIS2_PLACEMENT_3D('',#4472,#4473,#4474);
#4472 = CARTESIAN_POINT('',(115.38228174567,-101.1543097091,1.51));
#4473 = DIRECTION('',(0.,0.,1.));
#4474 = DIRECTION('',(0.504516781968,0.863401885979,-0.));
#4475 = ORIENTED_EDGE('',*,*,#4476,.F.);
#4476 = EDGE_CURVE('',#4477,#4468,#4479,.T.);
#4477 = VERTEX_POINT('',#4478);
#4478 = CARTESIAN_POINT('',(115.886799,-100.790909,1.51));
#4479 = CIRCLE('',#4480,0.50002311711);
#4480 = AXIS2_PLACEMENT_3D('',#4481,#4482,#4483);
#4481 = CARTESIAN_POINT('',(115.88680626378,-100.2908858829,1.51));
#4482 = DIRECTION('',(0.,0.,-1.));
#4483 = DIRECTION('',(-1.452689320398E-05,-0.999999999894,-0.));
#4484 = ORIENTED_EDGE('',*,*,#4485,.F.);
#4485 = EDGE_CURVE('',#4486,#4477,#4488,.T.);
#4486 = VERTEX_POINT('',#4487);
#4487 = CARTESIAN_POINT('',(117.475704,-100.790909,1.51));
#4488 = LINE('',#4489,#4490);
#4489 = CARTESIAN_POINT('',(117.475704,-100.790909,1.51));
#4490 = VECTOR('',#4491,1.);
#4491 = DIRECTION('',(-1.,0.,0.));
#4492 = ORIENTED_EDGE('',*,*,#4493,.F.);
#4493 = EDGE_CURVE('',#4363,#4486,#4494,.T.);
#4494 = CIRCLE('',#4495,0.500008729288);
#4495 = AXIS2_PLACEMENT_3D('',#4496,#4497,#4498);
#4496 = CARTESIAN_POINT('',(117.47570134312,-100.2909002707,1.51));
#4497 = DIRECTION('',(0.,0.,-1.));
#4498 = DIRECTION('',(0.504512505685,-0.863404384751,0.));
#4499 = FACE_BOUND('',#4500,.T.);
#4500 = EDGE_LOOP('',(#4501));
#4501 = ORIENTED_EDGE('',*,*,#4502,.T.);
#4502 = EDGE_CURVE('',#4503,#4503,#4505,.T.);
#4503 = VERTEX_POINT('',#4504);
#4504 = CARTESIAN_POINT('',(126.20625,-102.79375,1.51));
#4505 = CIRCLE('',#4506,0.4);
#4506 = AXIS2_PLACEMENT_3D('',#4507,#4508,#4509);
#4507 = CARTESIAN_POINT('',(126.20625,-102.39375,1.51));
#4508 = DIRECTION('',(-0.,0.,-1.));
#4509 = DIRECTION('',(-3.552713678801E-14,-1.,0.));
#4510 = FACE_BOUND('',#4511,.T.);
#4511 = EDGE_LOOP('',(#4512));
#4512 = ORIENTED_EDGE('',*,*,#4513,.T.);
#4513 = EDGE_CURVE('',#4514,#4514,#4516,.T.);
#4514 = VERTEX_POINT('',#4515);
#4515 = CARTESIAN_POINT('',(133.19125,-112.98625,1.51));
#4516 = CIRCLE('',#4517,0.75);
#4517 = AXIS2_PLACEMENT_3D('',#4518,#4519,#4520);
#4518 = CARTESIAN_POINT('',(133.19125,-112.23625,1.51));
#4519 = DIRECTION('',(-0.,0.,-1.));
#4520 = DIRECTION('',(-0.,-1.,0.));
#4521 = FACE_BOUND('',#4522,.T.);
#4522 = EDGE_LOOP('',(#4523));
#4523 = ORIENTED_EDGE('',*,*,#4524,.T.);
#4524 = EDGE_CURVE('',#4525,#4525,#4527,.T.);
#4525 = VERTEX_POINT('',#4526);
#4526 = CARTESIAN_POINT('',(135.73125,-109.15625,1.51));
#4527 = CIRCLE('',#4528,2.);
#4528 = AXIS2_PLACEMENT_3D('',#4529,#4530,#4531);
#4529 = CARTESIAN_POINT('',(135.73125,-107.15625,1.51));
#4530 = DIRECTION('',(-0.,0.,-1.));
#4531 = DIRECTION('',(-0.,-1.,0.));
#4532 = FACE_BOUND('',#4533,.T.);
#4533 = EDGE_LOOP('',(#4534));
#4534 = ORIENTED_EDGE('',*,*,#4535,.T.);
#4535 = EDGE_CURVE('',#4536,#4536,#4538,.T.);
#4536 = VERTEX_POINT('',#4537);
#4537 = CARTESIAN_POINT('',(139.54125,-110.44625,1.51));
#4538 = CIRCLE('',#4539,0.75);
#4539 = AXIS2_PLACEMENT_3D('',#4540,#4541,#4542);
#4540 = CARTESIAN_POINT('',(139.54125,-109.69625,1.51));
#4541 = DIRECTION('',(-0.,0.,-1.));
#4542 = DIRECTION('',(-0.,-1.,0.));
#4543 = FACE_BOUND('',#4544,.T.);
#4544 = EDGE_LOOP('',(#4545));
#4545 = ORIENTED_EDGE('',*,*,#4546,.T.);
#4546 = EDGE_CURVE('',#4547,#4547,#4549,.T.);
#4547 = VERTEX_POINT('',#4548);
#4548 = CARTESIAN_POINT('',(140.81125,-108.00625,1.51));
#4549 = CIRCLE('',#4550,0.85);
#4550 = AXIS2_PLACEMENT_3D('',#4551,#4552,#4553);
#4551 = CARTESIAN_POINT('',(140.81125,-107.15625,1.51));
#4552 = DIRECTION('',(-0.,0.,-1.));
#4553 = DIRECTION('',(-0.,-1.,0.));
#4554 = FACE_BOUND('',#4555,.T.);
#4555 = EDGE_LOOP('',(#4556));
#4556 = ORIENTED_EDGE('',*,*,#4557,.T.);
#4557 = EDGE_CURVE('',#4558,#4558,#4560,.T.);
#4558 = VERTEX_POINT('',#4559);
#4559 = CARTESIAN_POINT('',(145.25625,-110.41375,1.51));
#4560 = CIRCLE('',#4561,0.4);
#4561 = AXIS2_PLACEMENT_3D('',#4562,#4563,#4564);
#4562 = CARTESIAN_POINT('',(145.25625,-110.01375,1.51));
#4563 = DIRECTION('',(-0.,0.,-1.));
#4564 = DIRECTION('',(-0.,-1.,0.));
#4565 = FACE_BOUND('',#4566,.T.);
#4566 = EDGE_LOOP('',(#4567));
#4567 = ORIENTED_EDGE('',*,*,#4568,.T.);
#4568 = EDGE_CURVE('',#4569,#4569,#4571,.T.);
#4569 = VERTEX_POINT('',#4570);
#4570 = CARTESIAN_POINT('',(152.24125,-112.98625,1.51));
#4571 = CIRCLE('',#4572,0.75);
#4572 = AXIS2_PLACEMENT_3D('',#4573,#4574,#4575);
#4573 = CARTESIAN_POINT('',(152.24125,-112.23625,1.51));
#4574 = DIRECTION('',(-0.,0.,-1.));
#4575 = DIRECTION('',(-0.,-1.,0.));
#4576 = FACE_BOUND('',#4577,.T.);
#4577 = EDGE_LOOP('',(#4578));
#4578 = ORIENTED_EDGE('',*,*,#4579,.T.);
#4579 = EDGE_CURVE('',#4580,#4580,#4582,.T.);
#4580 = VERTEX_POINT('',#4581);
#4581 = CARTESIAN_POINT('',(149.70125,-108.00625,1.51));
#4582 = CIRCLE('',#4583,0.85);
#4583 = AXIS2_PLACEMENT_3D('',#4584,#4585,#4586);
#4584 = CARTESIAN_POINT('',(149.70125,-107.15625,1.51));
#4585 = DIRECTION('',(-0.,0.,-1.));
#4586 = DIRECTION('',(-3.343730521224E-14,-1.,0.));
#4587 = FACE_BOUND('',#4588,.T.);
#4588 = EDGE_LOOP('',(#4589,#4600,#4609,#4617,#4626,#4635,#4644,#4652,
    #4661,#4670,#4679,#4687,#4696,#4705,#4714,#4722));
#4589 = ORIENTED_EDGE('',*,*,#4590,.F.);
#4590 = EDGE_CURVE('',#4591,#4593,#4595,.T.);
#4591 = VERTEX_POINT('',#4592);
#4592 = CARTESIAN_POINT('',(137.480735,-101.371188,1.51));
#4593 = VERTEX_POINT('',#4594);
#4594 = CARTESIAN_POINT('',(136.777962,-100.72261,1.51));
#4595 = CIRCLE('',#4596,0.499999422661);
#4596 = AXIS2_PLACEMENT_3D('',#4597,#4598,#4599);
#4597 = CARTESIAN_POINT('',(137.03022029551,-101.15431033,1.51));
#4598 = DIRECTION('',(0.,0.,1.));
#4599 = DIRECTION('',(0.901030449374,-0.433755840654,0.));
#4600 = ORIENTED_EDGE('',*,*,#4601,.F.);
#4601 = EDGE_CURVE('',#4602,#4591,#4604,.T.);
#4602 = VERTEX_POINT('',#4603);
#4603 = CARTESIAN_POINT('',(137.43125,-101.588066,1.51));
#4604 = CIRCLE('',#4605,0.499989885034);
#4605 = AXIS2_PLACEMENT_3D('',#4606,#4607,#4608);
#4606 = CARTESIAN_POINT('',(137.93123988503,-101.5880640791,1.51));
#4607 = DIRECTION('',(0.,0.,-1.));
#4608 = DIRECTION('',(-0.999999999993,-3.841811392097E-06,-0.));
#4609 = ORIENTED_EDGE('',*,*,#4610,.F.);
#4610 = EDGE_CURVE('',#4611,#4602,#4613,.T.);
#4611 = VERTEX_POINT('',#4612);
#4612 = CARTESIAN_POINT('',(137.43125,-102.99375,1.51));
#4613 = LINE('',#4614,#4615);
#4614 = CARTESIAN_POINT('',(137.43125,-102.99375,1.51));
#4615 = VECTOR('',#4616,1.);
#4616 = DIRECTION('',(0.,1.,0.));
#4617 = ORIENTED_EDGE('',*,*,#4618,.F.);
#4618 = EDGE_CURVE('',#4619,#4611,#4621,.T.);
#4619 = VERTEX_POINT('',#4620);
#4620 = CARTESIAN_POINT('',(137.480735,-103.210627,1.51));
#4621 = CIRCLE('',#4622,0.49998122973);
#4622 = AXIS2_PLACEMENT_3D('',#4623,#4624,#4625);
#4623 = CARTESIAN_POINT('',(137.93123122972,-102.9937528957,1.51));
#4624 = DIRECTION('',(0.,0.,-1.));
#4625 = DIRECTION('',(-0.901026284457,-0.433764492229,-0.));
#4626 = ORIENTED_EDGE('',*,*,#4627,.F.);
#4627 = EDGE_CURVE('',#4628,#4619,#4630,.T.);
#4628 = VERTEX_POINT('',#4629);
#4629 = CARTESIAN_POINT('',(136.777962,-103.859207,1.51));
#4630 = CIRCLE('',#4631,0.499999755443);
#4631 = AXIS2_PLACEMENT_3D('',#4632,#4633,#4634);
#4632 = CARTESIAN_POINT('',(137.03022086309,-103.4275066161,1.51));
#4633 = DIRECTION('',(0.,0.,1.));
#4634 = DIRECTION('',(-0.50451797296,-0.863401190039,0.));
#4635 = ORIENTED_EDGE('',*,*,#4636,.F.);
#4636 = EDGE_CURVE('',#4637,#4628,#4639,.T.);
#4637 = VERTEX_POINT('',#4638);
#4638 = CARTESIAN_POINT('',(136.525703,-103.790908,1.51));
#4639 = CIRCLE('',#4640,0.500008729226);
#4640 = AXIS2_PLACEMENT_3D('',#4641,#4642,#4643);
#4641 = CARTESIAN_POINT('',(136.52570134314,-104.2909167292,1.51));
#4642 = DIRECTION('',(0.,0.,-1.));
#4643 = DIRECTION('',(3.313649260187E-06,0.999999999995,0.));
#4644 = ORIENTED_EDGE('',*,*,#4645,.F.);
#4645 = EDGE_CURVE('',#4646,#4637,#4648,.T.);
#4646 = VERTEX_POINT('',#4647);
#4647 = CARTESIAN_POINT('',(134.936799,-103.790908,1.51));
#4648 = LINE('',#4649,#4650);
#4649 = CARTESIAN_POINT('',(134.936799,-103.790908,1.51));
#4650 = VECTOR('',#4651,1.);
#4651 = DIRECTION('',(1.,0.,0.));
#4652 = ORIENTED_EDGE('',*,*,#4653,.F.);
#4653 = EDGE_CURVE('',#4654,#4646,#4656,.T.);
#4654 = VERTEX_POINT('',#4655);
#4655 = CARTESIAN_POINT('',(134.68454,-103.859205,1.51));
#4656 = CIRCLE('',#4657,0.500040834725);
#4657 = AXIS2_PLACEMENT_3D('',#4658,#4659,#4660);
#4658 = CARTESIAN_POINT('',(134.93680592637,-104.2909488346,1.51));
#4659 = DIRECTION('',(0.,0.,-1.));
#4660 = DIRECTION('',(-0.50449065128,0.86341715455,0.));
#4661 = ORIENTED_EDGE('',*,*,#4662,.F.);
#4662 = EDGE_CURVE('',#4663,#4654,#4665,.T.);
#4663 = VERTEX_POINT('',#4664);
#4664 = CARTESIAN_POINT('',(133.981767,-103.210628,1.51));
#4665 = CIRCLE('',#4666,0.499999092786);
#4666 = AXIS2_PLACEMENT_3D('',#4667,#4668,#4669);
#4667 = CARTESIAN_POINT('',(134.43228160898,-103.4275051077,1.51));
#4668 = DIRECTION('',(0.,0.,1.));
#4669 = DIRECTION('',(-0.901030852831,0.43375500256,0.));
#4670 = ORIENTED_EDGE('',*,*,#4671,.F.);
#4671 = EDGE_CURVE('',#4672,#4663,#4674,.T.);
#4672 = VERTEX_POINT('',#4673);
#4673 = CARTESIAN_POINT('',(134.031252,-102.99375,1.51));
#4674 = CIRCLE('',#4675,0.499989885034);
#4675 = AXIS2_PLACEMENT_3D('',#4676,#4677,#4678);
#4676 = CARTESIAN_POINT('',(133.53126211496,-102.9937519208,1.51));
#4677 = DIRECTION('',(0.,0.,-1.));
#4678 = DIRECTION('',(0.999999999993,3.841811363674E-06,0.));
#4679 = ORIENTED_EDGE('',*,*,#4680,.F.);
#4680 = EDGE_CURVE('',#4681,#4672,#4683,.T.);
#4681 = VERTEX_POINT('',#4682);
#4682 = CARTESIAN_POINT('',(134.031252,-101.588066,1.51));
#4683 = LINE('',#4684,#4685);
#4684 = CARTESIAN_POINT('',(134.031252,-101.588066,1.51));
#4685 = VECTOR('',#4686,1.);
#4686 = DIRECTION('',(0.,-1.,0.));
#4687 = ORIENTED_EDGE('',*,*,#4688,.F.);
#4688 = EDGE_CURVE('',#4689,#4681,#4691,.T.);
#4689 = VERTEX_POINT('',#4690);
#4690 = CARTESIAN_POINT('',(133.981767,-101.371188,1.51));
#4691 = CIRCLE('',#4692,0.499989885034);
#4692 = AXIS2_PLACEMENT_3D('',#4693,#4694,#4695);
#4693 = CARTESIAN_POINT('',(133.53126211496,-101.5880640791,1.51));
#4694 = DIRECTION('',(0.,0.,-1.));
#4695 = DIRECTION('',(0.901027997796,0.43376093322,0.));
#4696 = ORIENTED_EDGE('',*,*,#4697,.F.);
#4697 = EDGE_CURVE('',#4698,#4689,#4700,.T.);
#4698 = VERTEX_POINT('',#4699);
#4699 = CARTESIAN_POINT('',(134.68454,-100.722609,1.51));
#4700 = CIRCLE('',#4701,0.499999729127);
#4701 = AXIS2_PLACEMENT_3D('',#4702,#4703,#4704);
#4702 = CARTESIAN_POINT('',(134.43228174567,-101.1543097091,1.51));
#4703 = DIRECTION('',(0.,0.,1.));
#4704 = DIRECTION('',(0.504516781969,0.863401885979,-0.));
#4705 = ORIENTED_EDGE('',*,*,#4706,.F.);
#4706 = EDGE_CURVE('',#4707,#4698,#4709,.T.);
#4707 = VERTEX_POINT('',#4708);
#4708 = CARTESIAN_POINT('',(134.936799,-100.790909,1.51));
#4709 = CIRCLE('',#4710,0.50002311711);
#4710 = AXIS2_PLACEMENT_3D('',#4711,#4712,#4713);
#4711 = CARTESIAN_POINT('',(134.93680626378,-100.2908858829,1.51));
#4712 = DIRECTION('',(0.,0.,-1.));
#4713 = DIRECTION('',(-1.452689317556E-05,-0.999999999894,-0.));
#4714 = ORIENTED_EDGE('',*,*,#4715,.F.);
#4715 = EDGE_CURVE('',#4716,#4707,#4718,.T.);
#4716 = VERTEX_POINT('',#4717);
#4717 = CARTESIAN_POINT('',(136.525704,-100.790909,1.51));
#4718 = LINE('',#4719,#4720);
#4719 = CARTESIAN_POINT('',(136.525704,-100.790909,1.51));
#4720 = VECTOR('',#4721,1.);
#4721 = DIRECTION('',(-1.,0.,0.));
#4722 = ORIENTED_EDGE('',*,*,#4723,.F.);
#4723 = EDGE_CURVE('',#4593,#4716,#4724,.T.);
#4724 = CIRCLE('',#4725,0.500008729288);
#4725 = AXIS2_PLACEMENT_3D('',#4726,#4727,#4728);
#4726 = CARTESIAN_POINT('',(136.52570134312,-100.2909002707,1.51));
#4727 = DIRECTION('',(0.,0.,-1.));
#4728 = DIRECTION('',(0.504512505685,-0.863404384751,0.));
#4729 = FACE_BOUND('',#4730,.T.);
#4730 = EDGE_LOOP('',(#4731));
#4731 = ORIENTED_EDGE('',*,*,#4732,.T.);
#4732 = EDGE_CURVE('',#4733,#4733,#4735,.T.);
#4733 = VERTEX_POINT('',#4734);
#4734 = CARTESIAN_POINT('',(145.25625,-102.79375,1.51));
#4735 = CIRCLE('',#4736,0.4);
#4736 = AXIS2_PLACEMENT_3D('',#4737,#4738,#4739);
#4737 = CARTESIAN_POINT('',(145.25625,-102.39375,1.51));
#4738 = DIRECTION('',(-0.,0.,-1.));
#4739 = DIRECTION('',(-0.,-1.,0.));
#4740 = FACE_BOUND('',#4741,.T.);
#4741 = EDGE_LOOP('',(#4742));
#4742 = ORIENTED_EDGE('',*,*,#4743,.T.);
#4743 = EDGE_CURVE('',#4744,#4744,#4746,.T.);
#4744 = VERTEX_POINT('',#4745);
#4745 = CARTESIAN_POINT('',(135.73125,-86.225,1.51));
#4746 = CIRCLE('',#4747,0.5);
#4747 = AXIS2_PLACEMENT_3D('',#4748,#4749,#4750);
#4748 = CARTESIAN_POINT('',(135.73125,-85.725,1.51));
#4749 = DIRECTION('',(-0.,0.,-1.));
#4750 = DIRECTION('',(-0.,-1.,0.));
#4751 = FACE_BOUND('',#4752,.T.);
#4752 = EDGE_LOOP('',(#4753));
#4753 = ORIENTED_EDGE('',*,*,#4754,.T.);
#4754 = EDGE_CURVE('',#4755,#4755,#4757,.T.);
#4755 = VERTEX_POINT('',#4756);
#4756 = CARTESIAN_POINT('',(135.73125,-83.685,1.51));
#4757 = CIRCLE('',#4758,0.5);
#4758 = AXIS2_PLACEMENT_3D('',#4759,#4760,#4761);
#4759 = CARTESIAN_POINT('',(135.73125,-83.185,1.51));
#4760 = DIRECTION('',(-0.,0.,-1.));
#4761 = DIRECTION('',(-0.,-1.,0.));
#4762 = FACE_BOUND('',#4763,.T.);
#4763 = EDGE_LOOP('',(#4764));
#4764 = ORIENTED_EDGE('',*,*,#4765,.T.);
#4765 = EDGE_CURVE('',#4766,#4766,#4768,.T.);
#4766 = VERTEX_POINT('',#4767);
#4767 = CARTESIAN_POINT('',(135.73125,-81.145,1.51));
#4768 = CIRCLE('',#4769,0.5);
#4769 = AXIS2_PLACEMENT_3D('',#4770,#4771,#4772);
#4770 = CARTESIAN_POINT('',(135.73125,-80.645,1.51));
#4771 = DIRECTION('',(-0.,0.,-1.));
#4772 = DIRECTION('',(-0.,-1.,0.));
#4773 = FACE_BOUND('',#4774,.T.);
#4774 = EDGE_LOOP('',(#4775));
#4775 = ORIENTED_EDGE('',*,*,#4776,.T.);
#4776 = EDGE_CURVE('',#4777,#4777,#4779,.T.);
#4777 = VERTEX_POINT('',#4778);
#4778 = CARTESIAN_POINT('',(135.73125,-78.605,1.51));
#4779 = CIRCLE('',#4780,0.5);
#4780 = AXIS2_PLACEMENT_3D('',#4781,#4782,#4783);
#4781 = CARTESIAN_POINT('',(135.73125,-78.105,1.51));
#4782 = DIRECTION('',(-0.,0.,-1.));
#4783 = DIRECTION('',(-0.,-1.,0.));
#4784 = FACE_BOUND('',#4785,.T.);
#4785 = EDGE_LOOP('',(#4786));
#4786 = ORIENTED_EDGE('',*,*,#4787,.T.);
#4787 = EDGE_CURVE('',#4788,#4788,#4790,.T.);
#4788 = VERTEX_POINT('',#4789);
#4789 = CARTESIAN_POINT('',(158.59125,-110.44625,1.51));
#4790 = CIRCLE('',#4791,0.75);
#4791 = AXIS2_PLACEMENT_3D('',#4792,#4793,#4794);
#4792 = CARTESIAN_POINT('',(158.59125,-109.69625,1.51));
#4793 = DIRECTION('',(-0.,0.,-1.));
#4794 = DIRECTION('',(-0.,-1.,0.));
#4795 = FACE_BOUND('',#4796,.T.);
#4796 = EDGE_LOOP('',(#4797));
#4797 = ORIENTED_EDGE('',*,*,#4798,.T.);
#4798 = EDGE_CURVE('',#4799,#4799,#4801,.T.);
#4799 = VERTEX_POINT('',#4800);
#4800 = CARTESIAN_POINT('',(154.78125,-109.15625,1.51));
#4801 = CIRCLE('',#4802,2.);
#4802 = AXIS2_PLACEMENT_3D('',#4803,#4804,#4805);
#4803 = CARTESIAN_POINT('',(154.78125,-107.15625,1.51));
#4804 = DIRECTION('',(-0.,0.,-1.));
#4805 = DIRECTION('',(-0.,-1.,0.));
#4806 = FACE_BOUND('',#4807,.T.);
#4807 = EDGE_LOOP('',(#4808));
#4808 = ORIENTED_EDGE('',*,*,#4809,.T.);
#4809 = EDGE_CURVE('',#4810,#4810,#4812,.T.);
#4810 = VERTEX_POINT('',#4811);
#4811 = CARTESIAN_POINT('',(159.86125,-108.00625,1.51));
#4812 = CIRCLE('',#4813,0.85);
#4813 = AXIS2_PLACEMENT_3D('',#4814,#4815,#4816);
#4814 = CARTESIAN_POINT('',(159.86125,-107.15625,1.51));
#4815 = DIRECTION('',(-0.,0.,-1.));
#4816 = DIRECTION('',(3.343730521224E-14,-1.,-0.));
#4817 = FACE_BOUND('',#4818,.T.);
#4818 = EDGE_LOOP('',(#4819));
#4819 = ORIENTED_EDGE('',*,*,#4820,.T.);
#4820 = EDGE_CURVE('',#4821,#4821,#4823,.T.);
#4821 = VERTEX_POINT('',#4822);
#4822 = CARTESIAN_POINT('',(164.30625,-110.41375,1.51));
#4823 = CIRCLE('',#4824,0.4);
#4824 = AXIS2_PLACEMENT_3D('',#4825,#4826,#4827);
#4825 = CARTESIAN_POINT('',(164.30625,-110.01375,1.51));
#4826 = DIRECTION('',(-0.,0.,-1.));
#4827 = DIRECTION('',(-0.,-1.,0.));
#4828 = FACE_BOUND('',#4829,.T.);
#4829 = EDGE_LOOP('',(#4830,#4841,#4850,#4858,#4867,#4876,#4885,#4893,
    #4902,#4911,#4920,#4928,#4937,#4946,#4955,#4963));
#4830 = ORIENTED_EDGE('',*,*,#4831,.F.);
#4831 = EDGE_CURVE('',#4832,#4834,#4836,.T.);
#4832 = VERTEX_POINT('',#4833);
#4833 = CARTESIAN_POINT('',(153.73454,-100.722609,1.51));
#4834 = VERTEX_POINT('',#4835);
#4835 = CARTESIAN_POINT('',(153.031767,-101.371188,1.51));
#4836 = CIRCLE('',#4837,0.499999729127);
#4837 = AXIS2_PLACEMENT_3D('',#4838,#4839,#4840);
#4838 = CARTESIAN_POINT('',(153.48228174567,-101.1543097091,1.51));
#4839 = DIRECTION('',(0.,0.,1.));
#4840 = DIRECTION('',(0.504516781969,0.863401885979,-0.));
#4841 = ORIENTED_EDGE('',*,*,#4842,.F.);
#4842 = EDGE_CURVE('',#4843,#4832,#4845,.T.);
#4843 = VERTEX_POINT('',#4844);
#4844 = CARTESIAN_POINT('',(153.986798,-100.790908,1.51));
#4845 = CIRCLE('',#4846,0.500008729288);
#4846 = AXIS2_PLACEMENT_3D('',#4847,#4848,#4849);
#4847 = CARTESIAN_POINT('',(153.98680065687,-100.2908992707,1.51));
#4848 = DIRECTION('',(0.,0.,-1.));
#4849 = DIRECTION('',(-5.313662824773E-06,-0.999999999986,-0.));
#4850 = ORIENTED_EDGE('',*,*,#4851,.F.);
#4851 = EDGE_CURVE('',#4852,#4843,#4854,.T.);
#4852 = VERTEX_POINT('',#4853);
#4853 = CARTESIAN_POINT('',(155.575704,-100.790909,1.51));
#4854 = LINE('',#4855,#4856);
#4855 = CARTESIAN_POINT('',(155.575704,-100.790909,1.51));
#4856 = VECTOR('',#4857,1.);
#4857 = DIRECTION('',(-1.,6.29363850017E-07,0.));
#4858 = ORIENTED_EDGE('',*,*,#4859,.F.);
#4859 = EDGE_CURVE('',#4860,#4852,#4862,.T.);
#4860 = VERTEX_POINT('',#4861);
#4861 = CARTESIAN_POINT('',(155.827962,-100.72261,1.51));
#4862 = CIRCLE('',#4863,0.500008729288);
#4863 = AXIS2_PLACEMENT_3D('',#4864,#4865,#4866);
#4864 = CARTESIAN_POINT('',(155.57570134312,-100.2909002707,1.51));
#4865 = DIRECTION('',(0.,0.,-1.));
#4866 = DIRECTION('',(0.504512505685,-0.863404384751,0.));
#4867 = ORIENTED_EDGE('',*,*,#4868,.F.);
#4868 = EDGE_CURVE('',#4869,#4860,#4871,.T.);
#4869 = VERTEX_POINT('',#4870);
#4870 = CARTESIAN_POINT('',(156.530735,-101.371188,1.51));
#4871 = CIRCLE('',#4872,0.499999422661);
#4872 = AXIS2_PLACEMENT_3D('',#4873,#4874,#4875);
#4873 = CARTESIAN_POINT('',(156.08022029551,-101.15431033,1.51));
#4874 = DIRECTION('',(0.,0.,1.));
#4875 = DIRECTION('',(0.901030449374,-0.433755840654,0.));
#4876 = ORIENTED_EDGE('',*,*,#4877,.F.);
#4877 = EDGE_CURVE('',#4878,#4869,#4880,.T.);
#4878 = VERTEX_POINT('',#4879);
#4879 = CARTESIAN_POINT('',(156.48125,-101.588065,1.51));
#4880 = CIRCLE('',#4881,0.499989884978);
#4881 = AXIS2_PLACEMENT_3D('',#4882,#4883,#4884);
#4882 = CARTESIAN_POINT('',(156.98123988497,-101.5880640791,1.51));
#4883 = DIRECTION('',(0.,0.,-1.));
#4884 = DIRECTION('',(-0.999999999998,-1.841808624623E-06,-0.));
#4885 = ORIENTED_EDGE('',*,*,#4886,.F.);
#4886 = EDGE_CURVE('',#4887,#4878,#4889,.T.);
#4887 = VERTEX_POINT('',#4888);
#4888 = CARTESIAN_POINT('',(156.48125,-102.99375,1.51));
#4889 = LINE('',#4890,#4891);
#4890 = CARTESIAN_POINT('',(156.48125,-102.99375,1.51));
#4891 = VECTOR('',#4892,1.);
#4892 = DIRECTION('',(0.,1.,0.));
#4893 = ORIENTED_EDGE('',*,*,#4894,.F.);
#4894 = EDGE_CURVE('',#4895,#4887,#4897,.T.);
#4895 = VERTEX_POINT('',#4896);
#4896 = CARTESIAN_POINT('',(156.530735,-103.210628,1.51));
#4897 = CIRCLE('',#4898,0.499989885034);
#4898 = AXIS2_PLACEMENT_3D('',#4899,#4900,#4901);
#4899 = CARTESIAN_POINT('',(156.98123988503,-102.9937519208,1.51));
#4900 = DIRECTION('',(0.,0.,-1.));
#4901 = DIRECTION('',(-0.901027997796,-0.43376093322,-0.));
#4902 = ORIENTED_EDGE('',*,*,#4903,.F.);
#4903 = EDGE_CURVE('',#4904,#4895,#4906,.T.);
#4904 = VERTEX_POINT('',#4905);
#4905 = CARTESIAN_POINT('',(155.827962,-103.859207,1.51));
#4906 = CIRCLE('',#4907,0.499999448976);
#4907 = AXIS2_PLACEMENT_3D('',#4908,#4909,#4910);
#4908 = CARTESIAN_POINT('',(156.08022090428,-103.4275069951,1.51));
#4909 = DIRECTION('',(0.,0.,1.));
#4910 = DIRECTION('',(-0.504518364574,-0.863400961204,0.));
#4911 = ORIENTED_EDGE('',*,*,#4912,.F.);
#4912 = EDGE_CURVE('',#4913,#4904,#4915,.T.);
#4913 = VERTEX_POINT('',#4914);
#4914 = CARTESIAN_POINT('',(155.575703,-103.790908,1.51));
#4915 = CIRCLE('',#4916,0.500008729226);
#4916 = AXIS2_PLACEMENT_3D('',#4917,#4918,#4919);
#4917 = CARTESIAN_POINT('',(155.57570134314,-104.2909167292,1.51));
#4918 = DIRECTION('',(0.,0.,-1.));
#4919 = DIRECTION('',(3.313649260187E-06,0.999999999995,0.));
#4920 = ORIENTED_EDGE('',*,*,#4921,.F.);
#4921 = EDGE_CURVE('',#4922,#4913,#4924,.T.);
#4922 = VERTEX_POINT('',#4923);
#4923 = CARTESIAN_POINT('',(153.986799,-103.790908,1.51));
#4924 = LINE('',#4925,#4926);
#4925 = CARTESIAN_POINT('',(153.986799,-103.790908,1.51));
#4926 = VECTOR('',#4927,1.);
#4927 = DIRECTION('',(1.,0.,0.));
#4928 = ORIENTED_EDGE('',*,*,#4929,.F.);
#4929 = EDGE_CURVE('',#4930,#4922,#4932,.T.);
#4930 = VERTEX_POINT('',#4931);
#4931 = CARTESIAN_POINT('',(153.734541,-103.859207,1.51));
#4932 = CIRCLE('',#4933,0.500008729288);
#4933 = AXIS2_PLACEMENT_3D('',#4934,#4935,#4936);
#4934 = CARTESIAN_POINT('',(153.98680165687,-104.2909167292,1.51));
#4935 = DIRECTION('',(0.,0.,-1.));
#4936 = DIRECTION('',(-0.504512505685,0.863404384751,0.));
#4937 = ORIENTED_EDGE('',*,*,#4938,.F.);
#4938 = EDGE_CURVE('',#4939,#4930,#4941,.T.);
#4939 = VERTEX_POINT('',#4940);
#4940 = CARTESIAN_POINT('',(153.031767,-103.210628,1.51));
#4941 = CIRCLE('',#4942,0.500000669307);
#4942 = AXIS2_PLACEMENT_3D('',#4943,#4944,#4945);
#4943 = CARTESIAN_POINT('',(153.4822835355,-103.4275047404,1.51));
#4944 = DIRECTION('',(0.,0.,1.));
#4945 = DIRECTION('',(-0.901031864884,0.433752900236,0.));
#4946 = ORIENTED_EDGE('',*,*,#4947,.F.);
#4947 = EDGE_CURVE('',#4948,#4939,#4950,.T.);
#4948 = VERTEX_POINT('',#4949);
#4949 = CARTESIAN_POINT('',(153.081252,-102.993751,1.51));
#4950 = CIRCLE('',#4951,0.499989884978);
#4951 = AXIS2_PLACEMENT_3D('',#4952,#4953,#4954);
#4952 = CARTESIAN_POINT('',(152.58126211502,-102.9937519208,1.51));
#4953 = DIRECTION('',(0.,0.,-1.));
#4954 = DIRECTION('',(0.999999999998,1.841808567778E-06,0.));
#4955 = ORIENTED_EDGE('',*,*,#4956,.F.);
#4956 = EDGE_CURVE('',#4957,#4948,#4959,.T.);
#4957 = VERTEX_POINT('',#4958);
#4958 = CARTESIAN_POINT('',(153.081252,-101.588066,1.51));
#4959 = LINE('',#4960,#4961);
#4960 = CARTESIAN_POINT('',(153.081252,-101.588066,1.51));
#4961 = VECTOR('',#4962,1.);
#4962 = DIRECTION('',(0.,-1.,0.));
#4963 = ORIENTED_EDGE('',*,*,#4964,.F.);
#4964 = EDGE_CURVE('',#4834,#4957,#4965,.T.);
#4965 = CIRCLE('',#4966,0.499989885034);
#4966 = AXIS2_PLACEMENT_3D('',#4967,#4968,#4969);
#4967 = CARTESIAN_POINT('',(152.58126211496,-101.5880640791,1.51));
#4968 = DIRECTION('',(0.,0.,-1.));
#4969 = DIRECTION('',(0.901027997796,0.43376093322,0.));
#4970 = FACE_BOUND('',#4971,.T.);
#4971 = EDGE_LOOP('',(#4972));
#4972 = ORIENTED_EDGE('',*,*,#4973,.T.);
#4973 = EDGE_CURVE('',#4974,#4974,#4976,.T.);
#4974 = VERTEX_POINT('',#4975);
#4975 = CARTESIAN_POINT('',(164.30625,-102.79375,1.51));
#4976 = CIRCLE('',#4977,0.4);
#4977 = AXIS2_PLACEMENT_3D('',#4978,#4979,#4980);
#4978 = CARTESIAN_POINT('',(164.30625,-102.39375,1.51));
#4979 = DIRECTION('',(-0.,0.,-1.));
#4980 = DIRECTION('',(-0.,-1.,0.));
#4981 = FACE_BOUND('',#4982,.T.);
#4982 = EDGE_LOOP('',(#4983));
#4983 = ORIENTED_EDGE('',*,*,#4984,.T.);
#4984 = EDGE_CURVE('',#4985,#4985,#4987,.T.);
#4985 = VERTEX_POINT('',#4986);
#4986 = CARTESIAN_POINT('',(176.2125,-112.65625,1.51));
#4987 = CIRCLE('',#4988,0.5);
#4988 = AXIS2_PLACEMENT_3D('',#4989,#4990,#4991);
#4989 = CARTESIAN_POINT('',(176.2125,-112.15625,1.51));
#4990 = DIRECTION('',(-0.,0.,-1.));
#4991 = DIRECTION('',(-0.,-1.,0.));
#4992 = FACE_BOUND('',#4993,.T.);
#4993 = EDGE_LOOP('',(#4994));
#4994 = ORIENTED_EDGE('',*,*,#4995,.T.);
#4995 = EDGE_CURVE('',#4996,#4996,#4998,.T.);
#4996 = VERTEX_POINT('',#4997);
#4997 = CARTESIAN_POINT('',(176.2125,-110.15625,1.51));
#4998 = CIRCLE('',#4999,0.5);
#4999 = AXIS2_PLACEMENT_3D('',#5000,#5001,#5002);
#5000 = CARTESIAN_POINT('',(176.2125,-109.65625,1.51));
#5001 = DIRECTION('',(-0.,0.,-1.));
#5002 = DIRECTION('',(-0.,-1.,0.));
#5003 = FACE_BOUND('',#5004,.T.);
#5004 = EDGE_LOOP('',(#5005));
#5005 = ORIENTED_EDGE('',*,*,#5006,.T.);
#5006 = EDGE_CURVE('',#5007,#5007,#5009,.T.);
#5007 = VERTEX_POINT('',#5008);
#5008 = CARTESIAN_POINT('',(176.2125,-107.65625,1.51));
#5009 = CIRCLE('',#5010,0.5);
#5010 = AXIS2_PLACEMENT_3D('',#5011,#5012,#5013);
#5011 = CARTESIAN_POINT('',(176.2125,-107.15625,1.51));
#5012 = DIRECTION('',(-0.,0.,-1.));
#5013 = DIRECTION('',(-0.,-1.,0.));
#5014 = FACE_BOUND('',#5015,.T.);
#5015 = EDGE_LOOP('',(#5016));
#5016 = ORIENTED_EDGE('',*,*,#5017,.T.);
#5017 = EDGE_CURVE('',#5018,#5018,#5020,.T.);
#5018 = VERTEX_POINT('',#5019);
#5019 = CARTESIAN_POINT('',(190.7125,-112.65625,1.51));
#5020 = CIRCLE('',#5021,0.5);
#5021 = AXIS2_PLACEMENT_3D('',#5022,#5023,#5024);
#5022 = CARTESIAN_POINT('',(190.7125,-112.15625,1.51));
#5023 = DIRECTION('',(-0.,0.,-1.));
#5024 = DIRECTION('',(-0.,-1.,0.));
#5025 = FACE_BOUND('',#5026,.T.);
#5026 = EDGE_LOOP('',(#5027));
#5027 = ORIENTED_EDGE('',*,*,#5028,.T.);
#5028 = EDGE_CURVE('',#5029,#5029,#5031,.T.);
#5029 = VERTEX_POINT('',#5030);
#5030 = CARTESIAN_POINT('',(190.7125,-107.65625,1.51));
#5031 = CIRCLE('',#5032,0.5);
#5032 = AXIS2_PLACEMENT_3D('',#5033,#5034,#5035);
#5033 = CARTESIAN_POINT('',(190.7125,-107.15625,1.51));
#5034 = DIRECTION('',(-0.,0.,-1.));
#5035 = DIRECTION('',(-0.,-1.,0.));
#5036 = FACE_BOUND('',#5037,.T.);
#5037 = EDGE_LOOP('',(#5038,#5049,#5057,#5066));
#5038 = ORIENTED_EDGE('',*,*,#5039,.T.);
#5039 = EDGE_CURVE('',#5040,#5042,#5044,.T.);
#5040 = VERTEX_POINT('',#5041);
#5041 = CARTESIAN_POINT('',(184.3625,-103.30625,1.51));
#5042 = VERTEX_POINT('',#5043);
#5043 = CARTESIAN_POINT('',(184.3625,-104.80625,1.51));
#5044 = CIRCLE('',#5045,0.75);
#5045 = AXIS2_PLACEMENT_3D('',#5046,#5047,#5048);
#5046 = CARTESIAN_POINT('',(184.3625,-104.05625,1.51));
#5047 = DIRECTION('',(-0.,0.,-1.));
#5048 = DIRECTION('',(-0.,-1.,0.));
#5049 = ORIENTED_EDGE('',*,*,#5050,.T.);
#5050 = EDGE_CURVE('',#5042,#5051,#5053,.T.);
#5051 = VERTEX_POINT('',#5052);
#5052 = CARTESIAN_POINT('',(183.0625,-104.80625,1.51));
#5053 = LINE('',#5054,#5055);
#5054 = CARTESIAN_POINT('',(91.53125,-104.80625,1.51));
#5055 = VECTOR('',#5056,1.);
#5056 = DIRECTION('',(-1.,0.,0.));
#5057 = ORIENTED_EDGE('',*,*,#5058,.T.);
#5058 = EDGE_CURVE('',#5051,#5059,#5061,.T.);
#5059 = VERTEX_POINT('',#5060);
#5060 = CARTESIAN_POINT('',(183.0625,-103.30625,1.51));
#5061 = CIRCLE('',#5062,0.75);
#5062 = AXIS2_PLACEMENT_3D('',#5063,#5064,#5065);
#5063 = CARTESIAN_POINT('',(183.0625,-104.05625,1.51));
#5064 = DIRECTION('',(-0.,0.,-1.));
#5065 = DIRECTION('',(0.,1.,0.));
#5066 = ORIENTED_EDGE('',*,*,#5067,.T.);
#5067 = EDGE_CURVE('',#5059,#5040,#5068,.T.);
#5068 = LINE('',#5069,#5070);
#5069 = CARTESIAN_POINT('',(92.18125,-103.30625,1.51));
#5070 = VECTOR('',#5071,1.);
#5071 = DIRECTION('',(1.,0.,-0.));
#5072 = FACE_BOUND('',#5073,.T.);
#5073 = EDGE_LOOP('',(#5074));
#5074 = ORIENTED_EDGE('',*,*,#5075,.T.);
#5075 = EDGE_CURVE('',#5076,#5076,#5078,.T.);
#5076 = VERTEX_POINT('',#5077);
#5077 = CARTESIAN_POINT('',(180.49375,-93.845,1.51));
#5078 = CIRCLE('',#5079,0.5);
#5079 = AXIS2_PLACEMENT_3D('',#5080,#5081,#5082);
#5080 = CARTESIAN_POINT('',(180.49375,-93.345,1.51));
#5081 = DIRECTION('',(-0.,0.,-1.));
#5082 = DIRECTION('',(-0.,-1.,0.));
#5083 = FACE_BOUND('',#5084,.T.);
#5084 = EDGE_LOOP('',(#5085));
#5085 = ORIENTED_EDGE('',*,*,#5086,.T.);
#5086 = EDGE_CURVE('',#5087,#5087,#5089,.T.);
#5087 = VERTEX_POINT('',#5088);
#5088 = CARTESIAN_POINT('',(180.49375,-91.305,1.51));
#5089 = CIRCLE('',#5090,0.5);
#5090 = AXIS2_PLACEMENT_3D('',#5091,#5092,#5093);
#5091 = CARTESIAN_POINT('',(180.49375,-90.805,1.51));
#5092 = DIRECTION('',(-0.,0.,-1.));
#5093 = DIRECTION('',(-0.,-1.,0.));
#5094 = FACE_BOUND('',#5095,.T.);
#5095 = EDGE_LOOP('',(#5096));
#5096 = ORIENTED_EDGE('',*,*,#5097,.T.);
#5097 = EDGE_CURVE('',#5098,#5098,#5100,.T.);
#5098 = VERTEX_POINT('',#5099);
#5099 = CARTESIAN_POINT('',(180.49375,-88.765,1.51));
#5100 = CIRCLE('',#5101,0.5);
#5101 = AXIS2_PLACEMENT_3D('',#5102,#5103,#5104);
#5102 = CARTESIAN_POINT('',(180.49375,-88.265,1.51));
#5103 = DIRECTION('',(-0.,0.,-1.));
#5104 = DIRECTION('',(-0.,-1.,0.));
#5105 = FACE_BOUND('',#5106,.T.);
#5106 = EDGE_LOOP('',(#5107));
#5107 = ORIENTED_EDGE('',*,*,#5108,.T.);
#5108 = EDGE_CURVE('',#5109,#5109,#5111,.T.);
#5109 = VERTEX_POINT('',#5110);
#5110 = CARTESIAN_POINT('',(195.74375,-93.845,1.51));
#5111 = CIRCLE('',#5112,0.5);
#5112 = AXIS2_PLACEMENT_3D('',#5113,#5114,#5115);
#5113 = CARTESIAN_POINT('',(195.74375,-93.345,1.51));
#5114 = DIRECTION('',(-0.,0.,-1.));
#5115 = DIRECTION('',(-0.,-1.,0.));
#5116 = FACE_BOUND('',#5117,.T.);
#5117 = EDGE_LOOP('',(#5118));
#5118 = ORIENTED_EDGE('',*,*,#5119,.T.);
#5119 = EDGE_CURVE('',#5120,#5120,#5122,.T.);
#5120 = VERTEX_POINT('',#5121);
#5121 = CARTESIAN_POINT('',(195.74375,-91.305,1.51));
#5122 = CIRCLE('',#5123,0.5);
#5123 = AXIS2_PLACEMENT_3D('',#5124,#5125,#5126);
#5124 = CARTESIAN_POINT('',(195.74375,-90.805,1.51));
#5125 = DIRECTION('',(-0.,0.,-1.));
#5126 = DIRECTION('',(-0.,-1.,0.));
#5127 = FACE_BOUND('',#5128,.T.);
#5128 = EDGE_LOOP('',(#5129));
#5129 = ORIENTED_EDGE('',*,*,#5130,.T.);
#5130 = EDGE_CURVE('',#5131,#5131,#5133,.T.);
#5131 = VERTEX_POINT('',#5132);
#5132 = CARTESIAN_POINT('',(195.74375,-88.765,1.51));
#5133 = CIRCLE('',#5134,0.5);
#5134 = AXIS2_PLACEMENT_3D('',#5135,#5136,#5137);
#5135 = CARTESIAN_POINT('',(195.74375,-88.265,1.51));
#5136 = DIRECTION('',(-0.,0.,-1.));
#5137 = DIRECTION('',(-0.,-1.,0.));
#5138 = FACE_BOUND('',#5139,.T.);
#5139 = EDGE_LOOP('',(#5140));
#5140 = ORIENTED_EDGE('',*,*,#5141,.T.);
#5141 = EDGE_CURVE('',#5142,#5142,#5144,.T.);
#5142 = VERTEX_POINT('',#5143);
#5143 = CARTESIAN_POINT('',(180.49375,-86.225,1.51));
#5144 = CIRCLE('',#5145,0.5);
#5145 = AXIS2_PLACEMENT_3D('',#5146,#5147,#5148);
#5146 = CARTESIAN_POINT('',(180.49375,-85.725,1.51));
#5147 = DIRECTION('',(-0.,0.,-1.));
#5148 = DIRECTION('',(-0.,-1.,0.));
#5149 = FACE_BOUND('',#5150,.T.);
#5150 = EDGE_LOOP('',(#5151));
#5151 = ORIENTED_EDGE('',*,*,#5152,.T.);
#5152 = EDGE_CURVE('',#5153,#5153,#5155,.T.);
#5153 = VERTEX_POINT('',#5154);
#5154 = CARTESIAN_POINT('',(180.49375,-83.685,1.51));
#5155 = CIRCLE('',#5156,0.5);
#5156 = AXIS2_PLACEMENT_3D('',#5157,#5158,#5159);
#5157 = CARTESIAN_POINT('',(180.49375,-83.185,1.51));
#5158 = DIRECTION('',(-0.,0.,-1.));
#5159 = DIRECTION('',(-0.,-1.,0.));
#5160 = FACE_BOUND('',#5161,.T.);
#5161 = EDGE_LOOP('',(#5162));
#5162 = ORIENTED_EDGE('',*,*,#5163,.T.);
#5163 = EDGE_CURVE('',#5164,#5164,#5166,.T.);
#5164 = VERTEX_POINT('',#5165);
#5165 = CARTESIAN_POINT('',(180.49375,-81.145,1.51));
#5166 = CIRCLE('',#5167,0.5);
#5167 = AXIS2_PLACEMENT_3D('',#5168,#5169,#5170);
#5168 = CARTESIAN_POINT('',(180.49375,-80.645,1.51));
#5169 = DIRECTION('',(-0.,0.,-1.));
#5170 = DIRECTION('',(-0.,-1.,0.));
#5171 = FACE_BOUND('',#5172,.T.);
#5172 = EDGE_LOOP('',(#5173));
#5173 = ORIENTED_EDGE('',*,*,#5174,.T.);
#5174 = EDGE_CURVE('',#5175,#5175,#5177,.T.);
#5175 = VERTEX_POINT('',#5176);
#5176 = CARTESIAN_POINT('',(180.49375,-78.605,1.51));
#5177 = CIRCLE('',#5178,0.5);
#5178 = AXIS2_PLACEMENT_3D('',#5179,#5180,#5181);
#5179 = CARTESIAN_POINT('',(180.49375,-78.105,1.51));
#5180 = DIRECTION('',(-0.,0.,-1.));
#5181 = DIRECTION('',(-0.,-1.,0.));
#5182 = FACE_BOUND('',#5183,.T.);
#5183 = EDGE_LOOP('',(#5184));
#5184 = ORIENTED_EDGE('',*,*,#5185,.T.);
#5185 = EDGE_CURVE('',#5186,#5186,#5188,.T.);
#5186 = VERTEX_POINT('',#5187);
#5187 = CARTESIAN_POINT('',(195.74375,-86.225,1.51));
#5188 = CIRCLE('',#5189,0.5);
#5189 = AXIS2_PLACEMENT_3D('',#5190,#5191,#5192);
#5190 = CARTESIAN_POINT('',(195.74375,-85.725,1.51));
#5191 = DIRECTION('',(-0.,0.,-1.));
#5192 = DIRECTION('',(-0.,-1.,0.));
#5193 = FACE_BOUND('',#5194,.T.);
#5194 = EDGE_LOOP('',(#5195));
#5195 = ORIENTED_EDGE('',*,*,#5196,.T.);
#5196 = EDGE_CURVE('',#5197,#5197,#5199,.T.);
#5197 = VERTEX_POINT('',#5198);
#5198 = CARTESIAN_POINT('',(195.74375,-83.685,1.51));
#5199 = CIRCLE('',#5200,0.5);
#5200 = AXIS2_PLACEMENT_3D('',#5201,#5202,#5203);
#5201 = CARTESIAN_POINT('',(195.74375,-83.185,1.51));
#5202 = DIRECTION('',(-0.,0.,-1.));
#5203 = DIRECTION('',(-0.,-1.,0.));
#5204 = FACE_BOUND('',#5205,.T.);
#5205 = EDGE_LOOP('',(#5206));
#5206 = ORIENTED_EDGE('',*,*,#5207,.T.);
#5207 = EDGE_CURVE('',#5208,#5208,#5210,.T.);
#5208 = VERTEX_POINT('',#5209);
#5209 = CARTESIAN_POINT('',(195.74375,-81.145,1.51));
#5210 = CIRCLE('',#5211,0.5);
#5211 = AXIS2_PLACEMENT_3D('',#5212,#5213,#5214);
#5212 = CARTESIAN_POINT('',(195.74375,-80.645,1.51));
#5213 = DIRECTION('',(-0.,0.,-1.));
#5214 = DIRECTION('',(-0.,-1.,0.));
#5215 = FACE_BOUND('',#5216,.T.);
#5216 = EDGE_LOOP('',(#5217));
#5217 = ORIENTED_EDGE('',*,*,#5218,.T.);
#5218 = EDGE_CURVE('',#5219,#5219,#5221,.T.);
#5219 = VERTEX_POINT('',#5220);
#5220 = CARTESIAN_POINT('',(195.74375,-78.605,1.51));
#5221 = CIRCLE('',#5222,0.5);
#5222 = AXIS2_PLACEMENT_3D('',#5223,#5224,#5225);
#5223 = CARTESIAN_POINT('',(195.74375,-78.105,1.51));
#5224 = DIRECTION('',(-0.,0.,-1.));
#5225 = DIRECTION('',(-0.,-1.,0.));
#5226 = PLANE('',#5227);
#5227 = AXIS2_PLACEMENT_3D('',#5228,#5229,#5230);
#5228 = CARTESIAN_POINT('',(0.,0.,1.51));
#5229 = DIRECTION('',(0.,0.,1.));
#5230 = DIRECTION('',(1.,0.,-0.));
#5231 = ADVANCED_FACE('',(#5232),#5238,.T.);
#5232 = FACE_BOUND('',#5233,.T.);
#5233 = EDGE_LOOP('',(#5234,#5235,#5236,#5237));
#5234 = ORIENTED_EDGE('',*,*,#587,.T.);
#5235 = ORIENTED_EDGE('',*,*,#2924,.T.);
#5236 = ORIENTED_EDGE('',*,*,#547,.F.);
#5237 = ORIENTED_EDGE('',*,*,#611,.F.);
#5238 = PLANE('',#5239);
#5239 = AXIS2_PLACEMENT_3D('',#5240,#5241,#5242);
#5240 = CARTESIAN_POINT('',(104.775,-71.4375,0.));
#5241 = DIRECTION('',(0.,1.,0.));
#5242 = DIRECTION('',(1.,0.,0.));
#5243 = ADVANCED_FACE('',(#5244),#5255,.F.);
#5244 = FACE_BOUND('',#5245,.T.);
#5245 = EDGE_LOOP('',(#5246,#5247,#5253,#5254));
#5246 = ORIENTED_EDGE('',*,*,#620,.T.);
#5247 = ORIENTED_EDGE('',*,*,#5248,.T.);
#5248 = EDGE_CURVE('',#621,#2934,#5249,.T.);
#5249 = LINE('',#5250,#5251);
#5250 = CARTESIAN_POINT('',(114.14125,-151.08625,-4.6E-02));
#5251 = VECTOR('',#5252,1.);
#5252 = DIRECTION('',(0.,0.,1.));
#5253 = ORIENTED_EDGE('',*,*,#2933,.F.);
#5254 = ORIENTED_EDGE('',*,*,#5248,.F.);
#5255 = CYLINDRICAL_SURFACE('',#5256,0.75);
#5256 = AXIS2_PLACEMENT_3D('',#5257,#5258,#5259);
#5257 = CARTESIAN_POINT('',(114.14125,-150.33625,-4.6E-02));
#5258 = DIRECTION('',(-0.,-0.,-1.));
#5259 = DIRECTION('',(-0.,-1.,0.));
#5260 = ADVANCED_FACE('',(#5261),#5272,.F.);
#5261 = FACE_BOUND('',#5262,.T.);
#5262 = EDGE_LOOP('',(#5263,#5264,#5270,#5271));
#5263 = ORIENTED_EDGE('',*,*,#631,.T.);
#5264 = ORIENTED_EDGE('',*,*,#5265,.T.);
#5265 = EDGE_CURVE('',#632,#2945,#5266,.T.);
#5266 = LINE('',#5267,#5268);
#5267 = CARTESIAN_POINT('',(120.49125,-148.54625,-4.6E-02));
#5268 = VECTOR('',#5269,1.);
#5269 = DIRECTION('',(0.,0.,1.));
#5270 = ORIENTED_EDGE('',*,*,#2944,.F.);
#5271 = ORIENTED_EDGE('',*,*,#5265,.F.);
#5272 = CYLINDRICAL_SURFACE('',#5273,0.75);
#5273 = AXIS2_PLACEMENT_3D('',#5274,#5275,#5276);
#5274 = CARTESIAN_POINT('',(120.49125,-147.79625,-4.6E-02));
#5275 = DIRECTION('',(-0.,-0.,-1.));
#5276 = DIRECTION('',(-0.,-1.,0.));
#5277 = ADVANCED_FACE('',(#5278),#5289,.F.);
#5278 = FACE_BOUND('',#5279,.T.);
#5279 = EDGE_LOOP('',(#5280,#5281,#5287,#5288));
#5280 = ORIENTED_EDGE('',*,*,#642,.T.);
#5281 = ORIENTED_EDGE('',*,*,#5282,.T.);
#5282 = EDGE_CURVE('',#643,#2956,#5283,.T.);
#5283 = LINE('',#5284,#5285);
#5284 = CARTESIAN_POINT('',(111.60125,-146.10625,-4.6E-02));
#5285 = VECTOR('',#5286,1.);
#5286 = DIRECTION('',(0.,0.,1.));
#5287 = ORIENTED_EDGE('',*,*,#2955,.F.);
#5288 = ORIENTED_EDGE('',*,*,#5282,.F.);
#5289 = CYLINDRICAL_SURFACE('',#5290,0.85);
#5290 = AXIS2_PLACEMENT_3D('',#5291,#5292,#5293);
#5291 = CARTESIAN_POINT('',(111.60125,-145.25625,-4.6E-02));
#5292 = DIRECTION('',(-0.,-0.,-1.));
#5293 = DIRECTION('',(-0.,-1.,0.));
#5294 = ADVANCED_FACE('',(#5295),#5306,.F.);
#5295 = FACE_BOUND('',#5296,.T.);
#5296 = EDGE_LOOP('',(#5297,#5298,#5304,#5305));
#5297 = ORIENTED_EDGE('',*,*,#653,.T.);
#5298 = ORIENTED_EDGE('',*,*,#5299,.T.);
#5299 = EDGE_CURVE('',#654,#2967,#5300,.T.);
#5300 = LINE('',#5301,#5302);
#5301 = CARTESIAN_POINT('',(116.68125,-147.25625,-4.6E-02));
#5302 = VECTOR('',#5303,1.);
#5303 = DIRECTION('',(0.,0.,1.));
#5304 = ORIENTED_EDGE('',*,*,#2966,.F.);
#5305 = ORIENTED_EDGE('',*,*,#5299,.F.);
#5306 = CYLINDRICAL_SURFACE('',#5307,2.);
#5307 = AXIS2_PLACEMENT_3D('',#5308,#5309,#5310);
#5308 = CARTESIAN_POINT('',(116.68125,-145.25625,-4.6E-02));
#5309 = DIRECTION('',(-0.,-0.,-1.));
#5310 = DIRECTION('',(-0.,-1.,0.));
#5311 = ADVANCED_FACE('',(#5312),#5323,.F.);
#5312 = FACE_BOUND('',#5313,.T.);
#5313 = EDGE_LOOP('',(#5314,#5315,#5321,#5322));
#5314 = ORIENTED_EDGE('',*,*,#664,.T.);
#5315 = ORIENTED_EDGE('',*,*,#5316,.T.);
#5316 = EDGE_CURVE('',#665,#2978,#5317,.T.);
#5317 = LINE('',#5318,#5319);
#5318 = CARTESIAN_POINT('',(126.20625,-148.51375,-4.6E-02));
#5319 = VECTOR('',#5320,1.);
#5320 = DIRECTION('',(0.,0.,1.));
#5321 = ORIENTED_EDGE('',*,*,#2977,.F.);
#5322 = ORIENTED_EDGE('',*,*,#5316,.F.);
#5323 = CYLINDRICAL_SURFACE('',#5324,0.4);
#5324 = AXIS2_PLACEMENT_3D('',#5325,#5326,#5327);
#5325 = CARTESIAN_POINT('',(126.20625,-148.11375,-4.6E-02));
#5326 = DIRECTION('',(-0.,-0.,-1.));
#5327 = DIRECTION('',(-3.5527136788E-14,-1.,0.));
#5328 = ADVANCED_FACE('',(#5329),#5340,.F.);
#5329 = FACE_BOUND('',#5330,.T.);
#5330 = EDGE_LOOP('',(#5331,#5332,#5338,#5339));
#5331 = ORIENTED_EDGE('',*,*,#675,.T.);
#5332 = ORIENTED_EDGE('',*,*,#5333,.T.);
#5333 = EDGE_CURVE('',#676,#2989,#5334,.T.);
#5334 = LINE('',#5335,#5336);
#5335 = CARTESIAN_POINT('',(121.76125,-146.10625,-4.6E-02));
#5336 = VECTOR('',#5337,1.);
#5337 = DIRECTION('',(0.,0.,1.));
#5338 = ORIENTED_EDGE('',*,*,#2988,.F.);
#5339 = ORIENTED_EDGE('',*,*,#5333,.F.);
#5340 = CYLINDRICAL_SURFACE('',#5341,0.85);
#5341 = AXIS2_PLACEMENT_3D('',#5342,#5343,#5344);
#5342 = CARTESIAN_POINT('',(121.76125,-145.25625,-4.6E-02));
#5343 = DIRECTION('',(-0.,0.,-1.));
#5344 = DIRECTION('',(1.671865260612E-14,-1.,-0.));
#5345 = ADVANCED_FACE('',(#5346),#5357,.F.);
#5346 = FACE_BOUND('',#5347,.T.);
#5347 = EDGE_LOOP('',(#5348,#5349,#5355,#5356));
#5348 = ORIENTED_EDGE('',*,*,#686,.T.);
#5349 = ORIENTED_EDGE('',*,*,#5350,.T.);
#5350 = EDGE_CURVE('',#687,#3000,#5351,.T.);
#5351 = LINE('',#5352,#5353);
#5352 = CARTESIAN_POINT('',(130.65125,-146.10625,-4.6E-02));
#5353 = VECTOR('',#5354,1.);
#5354 = DIRECTION('',(0.,0.,1.));
#5355 = ORIENTED_EDGE('',*,*,#2999,.F.);
#5356 = ORIENTED_EDGE('',*,*,#5350,.F.);
#5357 = CYLINDRICAL_SURFACE('',#5358,0.85);
#5358 = AXIS2_PLACEMENT_3D('',#5359,#5360,#5361);
#5359 = CARTESIAN_POINT('',(130.65125,-145.25625,-4.6E-02));
#5360 = DIRECTION('',(-0.,-0.,-1.));
#5361 = DIRECTION('',(-0.,-1.,0.));
#5362 = ADVANCED_FACE('',(#5363),#5379,.F.);
#5363 = FACE_BOUND('',#5364,.T.);
#5364 = EDGE_LOOP('',(#5365,#5371,#5372,#5378));
#5365 = ORIENTED_EDGE('',*,*,#5366,.T.);
#5366 = EDGE_CURVE('',#698,#3011,#5367,.T.);
#5367 = LINE('',#5368,#5369);
#5368 = CARTESIAN_POINT('',(115.63454,-138.822609,0.));
#5369 = VECTOR('',#5370,1.);
#5370 = DIRECTION('',(0.,0.,1.));
#5371 = ORIENTED_EDGE('',*,*,#3010,.T.);
#5372 = ORIENTED_EDGE('',*,*,#5373,.F.);
#5373 = EDGE_CURVE('',#700,#3013,#5374,.T.);
#5374 = LINE('',#5375,#5376);
#5375 = CARTESIAN_POINT('',(114.931767,-139.471188,0.));
#5376 = VECTOR('',#5377,1.);
#5377 = DIRECTION('',(0.,0.,1.));
#5378 = ORIENTED_EDGE('',*,*,#697,.F.);
#5379 = CYLINDRICAL_SURFACE('',#5380,0.499999729127);
#5380 = AXIS2_PLACEMENT_3D('',#5381,#5382,#5383);
#5381 = CARTESIAN_POINT('',(115.38228174567,-139.2543097091,0.));
#5382 = DIRECTION('',(-0.,-0.,-1.));
#5383 = DIRECTION('',(0.504516781968,0.863401885979,-0.));
#5384 = ADVANCED_FACE('',(#5385),#5396,.T.);
#5385 = FACE_BOUND('',#5386,.T.);
#5386 = EDGE_LOOP('',(#5387,#5393,#5394,#5395));
#5387 = ORIENTED_EDGE('',*,*,#5388,.T.);
#5388 = EDGE_CURVE('',#709,#3022,#5389,.T.);
#5389 = LINE('',#5390,#5391);
#5390 = CARTESIAN_POINT('',(115.886798,-138.890908,0.));
#5391 = VECTOR('',#5392,1.);
#5392 = DIRECTION('',(0.,0.,1.));
#5393 = ORIENTED_EDGE('',*,*,#3021,.T.);
#5394 = ORIENTED_EDGE('',*,*,#5366,.F.);
#5395 = ORIENTED_EDGE('',*,*,#708,.F.);
#5396 = CYLINDRICAL_SURFACE('',#5397,0.500008729288);
#5397 = AXIS2_PLACEMENT_3D('',#5398,#5399,#5400);
#5398 = CARTESIAN_POINT('',(115.88680065687,-138.3908992707,0.));
#5399 = DIRECTION('',(0.,0.,-1.));
#5400 = DIRECTION('',(-5.313662540565E-06,-0.999999999986,-0.));
#5401 = ADVANCED_FACE('',(#5402),#5413,.T.);
#5402 = FACE_BOUND('',#5403,.T.);
#5403 = EDGE_LOOP('',(#5404,#5405,#5406,#5412));
#5404 = ORIENTED_EDGE('',*,*,#5373,.T.);
#5405 = ORIENTED_EDGE('',*,*,#3143,.T.);
#5406 = ORIENTED_EDGE('',*,*,#5407,.F.);
#5407 = EDGE_CURVE('',#823,#3136,#5408,.T.);
#5408 = LINE('',#5409,#5410);
#5409 = CARTESIAN_POINT('',(114.981252,-139.688066,0.));
#5410 = VECTOR('',#5411,1.);
#5411 = DIRECTION('',(0.,0.,1.));
#5412 = ORIENTED_EDGE('',*,*,#830,.F.);
#5413 = CYLINDRICAL_SURFACE('',#5414,0.499989885034);
#5414 = AXIS2_PLACEMENT_3D('',#5415,#5416,#5417);
#5415 = CARTESIAN_POINT('',(114.48126211497,-139.6880640791,0.));
#5416 = DIRECTION('',(0.,0.,-1.));
#5417 = DIRECTION('',(0.901027997796,0.43376093322,0.));
#5418 = ADVANCED_FACE('',(#5419),#5430,.T.);
#5419 = FACE_BOUND('',#5420,.T.);
#5420 = EDGE_LOOP('',(#5421,#5427,#5428,#5429));
#5421 = ORIENTED_EDGE('',*,*,#5422,.T.);
#5422 = EDGE_CURVE('',#718,#3031,#5423,.T.);
#5423 = LINE('',#5424,#5425);
#5424 = CARTESIAN_POINT('',(117.475704,-138.890909,0.));
#5425 = VECTOR('',#5426,1.);
#5426 = DIRECTION('',(0.,0.,1.));
#5427 = ORIENTED_EDGE('',*,*,#3030,.T.);
#5428 = ORIENTED_EDGE('',*,*,#5388,.F.);
#5429 = ORIENTED_EDGE('',*,*,#717,.F.);
#5430 = PLANE('',#5431);
#5431 = AXIS2_PLACEMENT_3D('',#5432,#5433,#5434);
#5432 = CARTESIAN_POINT('',(117.475704,-138.890909,0.));
#5433 = DIRECTION('',(-6.29363850017E-07,-1.,0.));
#5434 = DIRECTION('',(-1.,6.29363850017E-07,0.));
#5435 = ADVANCED_FACE('',(#5436),#5447,.T.);
#5436 = FACE_BOUND('',#5437,.T.);
#5437 = EDGE_LOOP('',(#5438,#5439,#5440,#5446));
#5438 = ORIENTED_EDGE('',*,*,#5407,.T.);
#5439 = ORIENTED_EDGE('',*,*,#3135,.T.);
#5440 = ORIENTED_EDGE('',*,*,#5441,.F.);
#5441 = EDGE_CURVE('',#814,#3127,#5442,.T.);
#5442 = LINE('',#5443,#5444);
#5443 = CARTESIAN_POINT('',(114.981252,-141.09375,0.));
#5444 = VECTOR('',#5445,1.);
#5445 = DIRECTION('',(0.,0.,1.));
#5446 = ORIENTED_EDGE('',*,*,#822,.F.);
#5447 = PLANE('',#5448);
#5448 = AXIS2_PLACEMENT_3D('',#5449,#5450,#5451);
#5449 = CARTESIAN_POINT('',(114.981252,-139.688066,0.));
#5450 = DIRECTION('',(1.,0.,-0.));
#5451 = DIRECTION('',(0.,-1.,0.));
#5452 = ADVANCED_FACE('',(#5453),#5464,.T.);
#5453 = FACE_BOUND('',#5454,.T.);
#5454 = EDGE_LOOP('',(#5455,#5461,#5462,#5463));
#5455 = ORIENTED_EDGE('',*,*,#5456,.T.);
#5456 = EDGE_CURVE('',#726,#3039,#5457,.T.);
#5457 = LINE('',#5458,#5459);
#5458 = CARTESIAN_POINT('',(117.727962,-138.82261,0.));
#5459 = VECTOR('',#5460,1.);
#5460 = DIRECTION('',(0.,0.,1.));
#5461 = ORIENTED_EDGE('',*,*,#3038,.T.);
#5462 = ORIENTED_EDGE('',*,*,#5422,.F.);
#5463 = ORIENTED_EDGE('',*,*,#725,.F.);
#5464 = CYLINDRICAL_SURFACE('',#5465,0.500008729288);
#5465 = AXIS2_PLACEMENT_3D('',#5466,#5467,#5468);
#5466 = CARTESIAN_POINT('',(117.47570134312,-138.3909002707,0.));
#5467 = DIRECTION('',(0.,0.,-1.));
#5468 = DIRECTION('',(0.504512505686,-0.863404384751,0.));
#5469 = ADVANCED_FACE('',(#5470),#5481,.T.);
#5470 = FACE_BOUND('',#5471,.T.);
#5471 = EDGE_LOOP('',(#5472,#5473,#5474,#5480));
#5472 = ORIENTED_EDGE('',*,*,#5441,.T.);
#5473 = ORIENTED_EDGE('',*,*,#3126,.T.);
#5474 = ORIENTED_EDGE('',*,*,#5475,.F.);
#5475 = EDGE_CURVE('',#805,#3118,#5476,.T.);
#5476 = LINE('',#5477,#5478);
#5477 = CARTESIAN_POINT('',(114.931767,-141.310628,0.));
#5478 = VECTOR('',#5479,1.);
#5479 = DIRECTION('',(0.,0.,1.));
#5480 = ORIENTED_EDGE('',*,*,#813,.F.);
#5481 = CYLINDRICAL_SURFACE('',#5482,0.499989885034);
#5482 = AXIS2_PLACEMENT_3D('',#5483,#5484,#5485);
#5483 = CARTESIAN_POINT('',(114.48126211496,-141.0937519208,0.));
#5484 = DIRECTION('',(0.,0.,-1.));
#5485 = DIRECTION('',(0.999999999993,3.841811306829E-06,0.));
#5486 = ADVANCED_FACE('',(#5487),#5498,.F.);
#5487 = FACE_BOUND('',#5488,.T.);
#5488 = EDGE_LOOP('',(#5489,#5495,#5496,#5497));
#5489 = ORIENTED_EDGE('',*,*,#5490,.T.);
#5490 = EDGE_CURVE('',#735,#3048,#5491,.T.);
#5491 = LINE('',#5492,#5493);
#5492 = CARTESIAN_POINT('',(118.430735,-139.471188,0.));
#5493 = VECTOR('',#5494,1.);
#5494 = DIRECTION('',(0.,0.,1.));
#5495 = ORIENTED_EDGE('',*,*,#3047,.T.);
#5496 = ORIENTED_EDGE('',*,*,#5456,.F.);
#5497 = ORIENTED_EDGE('',*,*,#734,.F.);
#5498 = CYLINDRICAL_SURFACE('',#5499,0.499999422661);
#5499 = AXIS2_PLACEMENT_3D('',#5500,#5501,#5502);
#5500 = CARTESIAN_POINT('',(117.98022029551,-139.25431033,0.));
#5501 = DIRECTION('',(-0.,-0.,-1.));
#5502 = DIRECTION('',(0.901030449374,-0.433755840654,0.));
#5503 = ADVANCED_FACE('',(#5504),#5515,.F.);
#5504 = FACE_BOUND('',#5505,.T.);
#5505 = EDGE_LOOP('',(#5506,#5507,#5508,#5514));
#5506 = ORIENTED_EDGE('',*,*,#5475,.T.);
#5507 = ORIENTED_EDGE('',*,*,#3117,.T.);
#5508 = ORIENTED_EDGE('',*,*,#5509,.F.);
#5509 = EDGE_CURVE('',#796,#3109,#5510,.T.);
#5510 = LINE('',#5511,#5512);
#5511 = CARTESIAN_POINT('',(115.634541,-141.959207,0.));
#5512 = VECTOR('',#5513,1.);
#5513 = DIRECTION('',(0.,0.,1.));
#5514 = ORIENTED_EDGE('',*,*,#804,.F.);
#5515 = CYLINDRICAL_SURFACE('',#5516,0.500000669307);
#5516 = AXIS2_PLACEMENT_3D('',#5517,#5518,#5519);
#5517 = CARTESIAN_POINT('',(115.3822835355,-141.5275047404,0.));
#5518 = DIRECTION('',(-0.,-0.,-1.));
#5519 = DIRECTION('',(-0.901031864884,0.433752900236,0.));
#5520 = ADVANCED_FACE('',(#5521),#5532,.T.);
#5521 = FACE_BOUND('',#5522,.T.);
#5522 = EDGE_LOOP('',(#5523,#5529,#5530,#5531));
#5523 = ORIENTED_EDGE('',*,*,#5524,.T.);
#5524 = EDGE_CURVE('',#744,#3057,#5525,.T.);
#5525 = LINE('',#5526,#5527);
#5526 = CARTESIAN_POINT('',(118.38125,-139.688065,0.));
#5527 = VECTOR('',#5528,1.);
#5528 = DIRECTION('',(0.,0.,1.));
#5529 = ORIENTED_EDGE('',*,*,#3056,.T.);
#5530 = ORIENTED_EDGE('',*,*,#5490,.F.);
#5531 = ORIENTED_EDGE('',*,*,#743,.F.);
#5532 = CYLINDRICAL_SURFACE('',#5533,0.499989884977);
#5533 = AXIS2_PLACEMENT_3D('',#5534,#5535,#5536);
#5534 = CARTESIAN_POINT('',(118.88123988497,-139.6880640791,0.));
#5535 = DIRECTION('',(0.,0.,-1.));
#5536 = DIRECTION('',(-0.999999999998,-1.841808653046E-06,-0.));
#5537 = ADVANCED_FACE('',(#5538),#5549,.T.);
#5538 = FACE_BOUND('',#5539,.T.);
#5539 = EDGE_LOOP('',(#5540,#5541,#5542,#5548));
#5540 = ORIENTED_EDGE('',*,*,#5509,.T.);
#5541 = ORIENTED_EDGE('',*,*,#3108,.T.);
#5542 = ORIENTED_EDGE('',*,*,#5543,.F.);
#5543 = EDGE_CURVE('',#788,#3101,#5544,.T.);
#5544 = LINE('',#5545,#5546);
#5545 = CARTESIAN_POINT('',(115.886799,-141.890908,0.));
#5546 = VECTOR('',#5547,1.);
#5547 = DIRECTION('',(0.,0.,1.));
#5548 = ORIENTED_EDGE('',*,*,#795,.F.);
#5549 = CYLINDRICAL_SURFACE('',#5550,0.500008729289);
#5550 = AXIS2_PLACEMENT_3D('',#5551,#5552,#5553);
#5551 = CARTESIAN_POINT('',(115.88680165687,-142.3909167292,0.));
#5552 = DIRECTION('',(0.,0.,-1.));
#5553 = DIRECTION('',(-0.504512505685,0.863404384751,0.));
#5554 = ADVANCED_FACE('',(#5555),#5566,.T.);
#5555 = FACE_BOUND('',#5556,.T.);
#5556 = EDGE_LOOP('',(#5557,#5563,#5564,#5565));
#5557 = ORIENTED_EDGE('',*,*,#5558,.T.);
#5558 = EDGE_CURVE('',#753,#3066,#5559,.T.);
#5559 = LINE('',#5560,#5561);
#5560 = CARTESIAN_POINT('',(118.38125,-141.09375,0.));
#5561 = VECTOR('',#5562,1.);
#5562 = DIRECTION('',(0.,0.,1.));
#5563 = ORIENTED_EDGE('',*,*,#3065,.T.);
#5564 = ORIENTED_EDGE('',*,*,#5524,.F.);
#5565 = ORIENTED_EDGE('',*,*,#752,.F.);
#5566 = PLANE('',#5567);
#5567 = AXIS2_PLACEMENT_3D('',#5568,#5569,#5570);
#5568 = CARTESIAN_POINT('',(118.38125,-141.09375,0.));
#5569 = DIRECTION('',(-1.,0.,0.));
#5570 = DIRECTION('',(0.,1.,0.));
#5571 = ADVANCED_FACE('',(#5572),#5583,.T.);
#5572 = FACE_BOUND('',#5573,.T.);
#5573 = EDGE_LOOP('',(#5574,#5575,#5576,#5582));
#5574 = ORIENTED_EDGE('',*,*,#5543,.T.);
#5575 = ORIENTED_EDGE('',*,*,#3100,.T.);
#5576 = ORIENTED_EDGE('',*,*,#5577,.F.);
#5577 = EDGE_CURVE('',#779,#3092,#5578,.T.);
#5578 = LINE('',#5579,#5580);
#5579 = CARTESIAN_POINT('',(117.475703,-141.890908,0.));
#5580 = VECTOR('',#5581,1.);
#5581 = DIRECTION('',(0.,0.,1.));
#5582 = ORIENTED_EDGE('',*,*,#787,.F.);
#5583 = PLANE('',#5584);
#5584 = AXIS2_PLACEMENT_3D('',#5585,#5586,#5587);
#5585 = CARTESIAN_POINT('',(115.886799,-141.890908,0.));
#5586 = DIRECTION('',(0.,1.,0.));
#5587 = DIRECTION('',(1.,0.,0.));
#5588 = ADVANCED_FACE('',(#5589),#5600,.T.);
#5589 = FACE_BOUND('',#5590,.T.);
#5590 = EDGE_LOOP('',(#5591,#5597,#5598,#5599));
#5591 = ORIENTED_EDGE('',*,*,#5592,.T.);
#5592 = EDGE_CURVE('',#761,#3074,#5593,.T.);
#5593 = LINE('',#5594,#5595);
#5594 = CARTESIAN_POINT('',(118.430735,-141.310628,0.));
#5595 = VECTOR('',#5596,1.);
#5596 = DIRECTION('',(0.,0.,1.));
#5597 = ORIENTED_EDGE('',*,*,#3073,.T.);
#5598 = ORIENTED_EDGE('',*,*,#5558,.F.);
#5599 = ORIENTED_EDGE('',*,*,#760,.F.);
#5600 = CYLINDRICAL_SURFACE('',#5601,0.499989885034);
#5601 = AXIS2_PLACEMENT_3D('',#5602,#5603,#5604);
#5602 = CARTESIAN_POINT('',(118.88123988503,-141.0937519208,0.));
#5603 = DIRECTION('',(0.,0.,-1.));
#5604 = DIRECTION('',(-0.901027997796,-0.43376093322,-0.));
#5605 = ADVANCED_FACE('',(#5606),#5617,.T.);
#5606 = FACE_BOUND('',#5607,.T.);
#5607 = EDGE_LOOP('',(#5608,#5609,#5610,#5616));
#5608 = ORIENTED_EDGE('',*,*,#5577,.T.);
#5609 = ORIENTED_EDGE('',*,*,#3091,.T.);
#5610 = ORIENTED_EDGE('',*,*,#5611,.F.);
#5611 = EDGE_CURVE('',#770,#3083,#5612,.T.);
#5612 = LINE('',#5613,#5614);
#5613 = CARTESIAN_POINT('',(117.727962,-141.959207,0.));
#5614 = VECTOR('',#5615,1.);
#5615 = DIRECTION('',(0.,0.,1.));
#5616 = ORIENTED_EDGE('',*,*,#778,.F.);
#5617 = CYLINDRICAL_SURFACE('',#5618,0.500008729226);
#5618 = AXIS2_PLACEMENT_3D('',#5619,#5620,#5621);
#5619 = CARTESIAN_POINT('',(117.47570134314,-142.3909167292,0.));
#5620 = DIRECTION('',(0.,0.,-1.));
#5621 = DIRECTION('',(3.313649459133E-06,0.999999999995,0.));
#5622 = ADVANCED_FACE('',(#5623),#5629,.F.);
#5623 = FACE_BOUND('',#5624,.T.);
#5624 = EDGE_LOOP('',(#5625,#5626,#5627,#5628));
#5625 = ORIENTED_EDGE('',*,*,#5611,.T.);
#5626 = ORIENTED_EDGE('',*,*,#3082,.T.);
#5627 = ORIENTED_EDGE('',*,*,#5592,.F.);
#5628 = ORIENTED_EDGE('',*,*,#769,.F.);
#5629 = CYLINDRICAL_SURFACE('',#5630,0.499999448976);
#5630 = AXIS2_PLACEMENT_3D('',#5631,#5632,#5633);
#5631 = CARTESIAN_POINT('',(117.98022090428,-141.5275069951,0.));
#5632 = DIRECTION('',(-0.,-0.,-1.));
#5633 = DIRECTION('',(-0.504518364574,-0.863400961204,0.));
#5634 = ADVANCED_FACE('',(#5635),#5646,.F.);
#5635 = FACE_BOUND('',#5636,.T.);
#5636 = EDGE_LOOP('',(#5637,#5638,#5644,#5645));
#5637 = ORIENTED_EDGE('',*,*,#839,.T.);
#5638 = ORIENTED_EDGE('',*,*,#5639,.T.);
#5639 = EDGE_CURVE('',#840,#3153,#5640,.T.);
#5640 = LINE('',#5641,#5642);
#5641 = CARTESIAN_POINT('',(126.20625,-140.89375,-4.6E-02));
#5642 = VECTOR('',#5643,1.);
#5643 = DIRECTION('',(0.,0.,1.));
#5644 = ORIENTED_EDGE('',*,*,#3152,.F.);
#5645 = ORIENTED_EDGE('',*,*,#5639,.F.);
#5646 = CYLINDRICAL_SURFACE('',#5647,0.4);
#5647 = AXIS2_PLACEMENT_3D('',#5648,#5649,#5650);
#5648 = CARTESIAN_POINT('',(126.20625,-140.49375,-4.6E-02));
#5649 = DIRECTION('',(-0.,-0.,-1.));
#5650 = DIRECTION('',(-3.552713678801E-14,-1.,0.));
#5651 = ADVANCED_FACE('',(#5652),#5663,.F.);
#5652 = FACE_BOUND('',#5653,.T.);
#5653 = EDGE_LOOP('',(#5654,#5655,#5661,#5662));
#5654 = ORIENTED_EDGE('',*,*,#850,.T.);
#5655 = ORIENTED_EDGE('',*,*,#5656,.T.);
#5656 = EDGE_CURVE('',#851,#3164,#5657,.T.);
#5657 = LINE('',#5658,#5659);
#5658 = CARTESIAN_POINT('',(133.19125,-151.08625,-4.6E-02));
#5659 = VECTOR('',#5660,1.);
#5660 = DIRECTION('',(0.,0.,1.));
#5661 = ORIENTED_EDGE('',*,*,#3163,.F.);
#5662 = ORIENTED_EDGE('',*,*,#5656,.F.);
#5663 = CYLINDRICAL_SURFACE('',#5664,0.75);
#5664 = AXIS2_PLACEMENT_3D('',#5665,#5666,#5667);
#5665 = CARTESIAN_POINT('',(133.19125,-150.33625,-4.6E-02));
#5666 = DIRECTION('',(-0.,-0.,-1.));
#5667 = DIRECTION('',(-0.,-1.,0.));
#5668 = ADVANCED_FACE('',(#5669),#5680,.F.);
#5669 = FACE_BOUND('',#5670,.T.);
#5670 = EDGE_LOOP('',(#5671,#5672,#5678,#5679));
#5671 = ORIENTED_EDGE('',*,*,#861,.T.);
#5672 = ORIENTED_EDGE('',*,*,#5673,.T.);
#5673 = EDGE_CURVE('',#862,#3175,#5674,.T.);
#5674 = LINE('',#5675,#5676);
#5675 = CARTESIAN_POINT('',(139.54125,-148.54625,-4.6E-02));
#5676 = VECTOR('',#5677,1.);
#5677 = DIRECTION('',(0.,0.,1.));
#5678 = ORIENTED_EDGE('',*,*,#3174,.F.);
#5679 = ORIENTED_EDGE('',*,*,#5673,.F.);
#5680 = CYLINDRICAL_SURFACE('',#5681,0.75);
#5681 = AXIS2_PLACEMENT_3D('',#5682,#5683,#5684);
#5682 = CARTESIAN_POINT('',(139.54125,-147.79625,-4.6E-02));
#5683 = DIRECTION('',(-0.,-0.,-1.));
#5684 = DIRECTION('',(-0.,-1.,0.));
#5685 = ADVANCED_FACE('',(#5686),#5697,.F.);
#5686 = FACE_BOUND('',#5687,.T.);
#5687 = EDGE_LOOP('',(#5688,#5689,#5695,#5696));
#5688 = ORIENTED_EDGE('',*,*,#872,.T.);
#5689 = ORIENTED_EDGE('',*,*,#5690,.T.);
#5690 = EDGE_CURVE('',#873,#3186,#5691,.T.);
#5691 = LINE('',#5692,#5693);
#5692 = CARTESIAN_POINT('',(135.73125,-147.25625,-4.6E-02));
#5693 = VECTOR('',#5694,1.);
#5694 = DIRECTION('',(0.,0.,1.));
#5695 = ORIENTED_EDGE('',*,*,#3185,.F.);
#5696 = ORIENTED_EDGE('',*,*,#5690,.F.);
#5697 = CYLINDRICAL_SURFACE('',#5698,2.);
#5698 = AXIS2_PLACEMENT_3D('',#5699,#5700,#5701);
#5699 = CARTESIAN_POINT('',(135.73125,-145.25625,-4.6E-02));
#5700 = DIRECTION('',(-0.,-0.,-1.));
#5701 = DIRECTION('',(-0.,-1.,0.));
#5702 = ADVANCED_FACE('',(#5703),#5714,.F.);
#5703 = FACE_BOUND('',#5704,.T.);
#5704 = EDGE_LOOP('',(#5705,#5706,#5712,#5713));
#5705 = ORIENTED_EDGE('',*,*,#883,.T.);
#5706 = ORIENTED_EDGE('',*,*,#5707,.T.);
#5707 = EDGE_CURVE('',#884,#3197,#5708,.T.);
#5708 = LINE('',#5709,#5710);
#5709 = CARTESIAN_POINT('',(140.81125,-146.10625,-4.6E-02));
#5710 = VECTOR('',#5711,1.);
#5711 = DIRECTION('',(0.,0.,1.));
#5712 = ORIENTED_EDGE('',*,*,#3196,.F.);
#5713 = ORIENTED_EDGE('',*,*,#5707,.F.);
#5714 = CYLINDRICAL_SURFACE('',#5715,0.85);
#5715 = AXIS2_PLACEMENT_3D('',#5716,#5717,#5718);
#5716 = CARTESIAN_POINT('',(140.81125,-145.25625,-4.6E-02));
#5717 = DIRECTION('',(-0.,-0.,-1.));
#5718 = DIRECTION('',(-0.,-1.,0.));
#5719 = ADVANCED_FACE('',(#5720),#5731,.F.);
#5720 = FACE_BOUND('',#5721,.T.);
#5721 = EDGE_LOOP('',(#5722,#5723,#5729,#5730));
#5722 = ORIENTED_EDGE('',*,*,#894,.T.);
#5723 = ORIENTED_EDGE('',*,*,#5724,.T.);
#5724 = EDGE_CURVE('',#895,#3208,#5725,.T.);
#5725 = LINE('',#5726,#5727);
#5726 = CARTESIAN_POINT('',(145.25625,-148.51375,-4.6E-02));
#5727 = VECTOR('',#5728,1.);
#5728 = DIRECTION('',(0.,0.,1.));
#5729 = ORIENTED_EDGE('',*,*,#3207,.F.);
#5730 = ORIENTED_EDGE('',*,*,#5724,.F.);
#5731 = CYLINDRICAL_SURFACE('',#5732,0.4);
#5732 = AXIS2_PLACEMENT_3D('',#5733,#5734,#5735);
#5733 = CARTESIAN_POINT('',(145.25625,-148.11375,-4.6E-02));
#5734 = DIRECTION('',(-0.,-0.,-1.));
#5735 = DIRECTION('',(-0.,-1.,0.));
#5736 = ADVANCED_FACE('',(#5737),#5748,.F.);
#5737 = FACE_BOUND('',#5738,.T.);
#5738 = EDGE_LOOP('',(#5739,#5740,#5746,#5747));
#5739 = ORIENTED_EDGE('',*,*,#905,.T.);
#5740 = ORIENTED_EDGE('',*,*,#5741,.T.);
#5741 = EDGE_CURVE('',#906,#3219,#5742,.T.);
#5742 = LINE('',#5743,#5744);
#5743 = CARTESIAN_POINT('',(152.24125,-151.08625,-4.6E-02));
#5744 = VECTOR('',#5745,1.);
#5745 = DIRECTION('',(0.,0.,1.));
#5746 = ORIENTED_EDGE('',*,*,#3218,.F.);
#5747 = ORIENTED_EDGE('',*,*,#5741,.F.);
#5748 = CYLINDRICAL_SURFACE('',#5749,0.75);
#5749 = AXIS2_PLACEMENT_3D('',#5750,#5751,#5752);
#5750 = CARTESIAN_POINT('',(152.24125,-150.33625,-4.6E-02));
#5751 = DIRECTION('',(-0.,-0.,-1.));
#5752 = DIRECTION('',(-0.,-1.,0.));
#5753 = ADVANCED_FACE('',(#5754),#5765,.F.);
#5754 = FACE_BOUND('',#5755,.T.);
#5755 = EDGE_LOOP('',(#5756,#5757,#5763,#5764));
#5756 = ORIENTED_EDGE('',*,*,#916,.T.);
#5757 = ORIENTED_EDGE('',*,*,#5758,.T.);
#5758 = EDGE_CURVE('',#917,#3230,#5759,.T.);
#5759 = LINE('',#5760,#5761);
#5760 = CARTESIAN_POINT('',(149.70125,-146.10625,-4.6E-02));
#5761 = VECTOR('',#5762,1.);
#5762 = DIRECTION('',(0.,0.,1.));
#5763 = ORIENTED_EDGE('',*,*,#3229,.F.);
#5764 = ORIENTED_EDGE('',*,*,#5758,.F.);
#5765 = CYLINDRICAL_SURFACE('',#5766,0.85);
#5766 = AXIS2_PLACEMENT_3D('',#5767,#5768,#5769);
#5767 = CARTESIAN_POINT('',(149.70125,-145.25625,-4.6E-02));
#5768 = DIRECTION('',(-0.,-0.,-1.));
#5769 = DIRECTION('',(-3.343730521224E-14,-1.,0.));
#5770 = ADVANCED_FACE('',(#5771),#5787,.F.);
#5771 = FACE_BOUND('',#5772,.T.);
#5772 = EDGE_LOOP('',(#5773,#5779,#5780,#5786));
#5773 = ORIENTED_EDGE('',*,*,#5774,.T.);
#5774 = EDGE_CURVE('',#928,#3241,#5775,.T.);
#5775 = LINE('',#5776,#5777);
#5776 = CARTESIAN_POINT('',(134.68454,-138.822609,0.));
#5777 = VECTOR('',#5778,1.);
#5778 = DIRECTION('',(0.,0.,1.));
#5779 = ORIENTED_EDGE('',*,*,#3240,.T.);
#5780 = ORIENTED_EDGE('',*,*,#5781,.F.);
#5781 = EDGE_CURVE('',#930,#3243,#5782,.T.);
#5782 = LINE('',#5783,#5784);
#5783 = CARTESIAN_POINT('',(133.981767,-139.471188,0.));
#5784 = VECTOR('',#5785,1.);
#5785 = DIRECTION('',(0.,0.,1.));
#5786 = ORIENTED_EDGE('',*,*,#927,.F.);
#5787 = CYLINDRICAL_SURFACE('',#5788,0.499999729127);
#5788 = AXIS2_PLACEMENT_3D('',#5789,#5790,#5791);
#5789 = CARTESIAN_POINT('',(134.43228174567,-139.2543097091,0.));
#5790 = DIRECTION('',(-0.,-0.,-1.));
#5791 = DIRECTION('',(0.504516781969,0.863401885979,-0.));
#5792 = ADVANCED_FACE('',(#5793),#5804,.T.);
#5793 = FACE_BOUND('',#5794,.T.);
#5794 = EDGE_LOOP('',(#5795,#5801,#5802,#5803));
#5795 = ORIENTED_EDGE('',*,*,#5796,.T.);
#5796 = EDGE_CURVE('',#939,#3252,#5797,.T.);
#5797 = LINE('',#5798,#5799);
#5798 = CARTESIAN_POINT('',(134.936798,-138.890908,0.));
#5799 = VECTOR('',#5800,1.);
#5800 = DIRECTION('',(0.,0.,1.));
#5801 = ORIENTED_EDGE('',*,*,#3251,.T.);
#5802 = ORIENTED_EDGE('',*,*,#5774,.F.);
#5803 = ORIENTED_EDGE('',*,*,#938,.F.);
#5804 = CYLINDRICAL_SURFACE('',#5805,0.500008729288);
#5805 = AXIS2_PLACEMENT_3D('',#5806,#5807,#5808);
#5806 = CARTESIAN_POINT('',(134.93680065687,-138.3908992707,0.));
#5807 = DIRECTION('',(0.,0.,-1.));
#5808 = DIRECTION('',(-5.313662483723E-06,-0.999999999986,-0.));
#5809 = ADVANCED_FACE('',(#5810),#5821,.T.);
#5810 = FACE_BOUND('',#5811,.T.);
#5811 = EDGE_LOOP('',(#5812,#5813,#5814,#5820));
#5812 = ORIENTED_EDGE('',*,*,#5781,.T.);
#5813 = ORIENTED_EDGE('',*,*,#3373,.T.);
#5814 = ORIENTED_EDGE('',*,*,#5815,.F.);
#5815 = EDGE_CURVE('',#1053,#3366,#5816,.T.);
#5816 = LINE('',#5817,#5818);
#5817 = CARTESIAN_POINT('',(134.031252,-139.688066,0.));
#5818 = VECTOR('',#5819,1.);
#5819 = DIRECTION('',(0.,0.,1.));
#5820 = ORIENTED_EDGE('',*,*,#1060,.F.);
#5821 = CYLINDRICAL_SURFACE('',#5822,0.499989885034);
#5822 = AXIS2_PLACEMENT_3D('',#5823,#5824,#5825);
#5823 = CARTESIAN_POINT('',(133.53126211497,-139.6880640791,0.));
#5824 = DIRECTION('',(0.,0.,-1.));
#5825 = DIRECTION('',(0.901027997796,0.43376093322,0.));
#5826 = ADVANCED_FACE('',(#5827),#5838,.T.);
#5827 = FACE_BOUND('',#5828,.T.);
#5828 = EDGE_LOOP('',(#5829,#5835,#5836,#5837));
#5829 = ORIENTED_EDGE('',*,*,#5830,.T.);
#5830 = EDGE_CURVE('',#948,#3261,#5831,.T.);
#5831 = LINE('',#5832,#5833);
#5832 = CARTESIAN_POINT('',(136.525704,-138.890909,0.));
#5833 = VECTOR('',#5834,1.);
#5834 = DIRECTION('',(0.,0.,1.));
#5835 = ORIENTED_EDGE('',*,*,#3260,.T.);
#5836 = ORIENTED_EDGE('',*,*,#5796,.F.);
#5837 = ORIENTED_EDGE('',*,*,#947,.F.);
#5838 = PLANE('',#5839);
#5839 = AXIS2_PLACEMENT_3D('',#5840,#5841,#5842);
#5840 = CARTESIAN_POINT('',(136.525704,-138.890909,0.));
#5841 = DIRECTION('',(-6.29363850017E-07,-1.,0.));
#5842 = DIRECTION('',(-1.,6.29363850017E-07,0.));
#5843 = ADVANCED_FACE('',(#5844),#5855,.T.);
#5844 = FACE_BOUND('',#5845,.T.);
#5845 = EDGE_LOOP('',(#5846,#5847,#5848,#5854));
#5846 = ORIENTED_EDGE('',*,*,#5815,.T.);
#5847 = ORIENTED_EDGE('',*,*,#3365,.T.);
#5848 = ORIENTED_EDGE('',*,*,#5849,.F.);
#5849 = EDGE_CURVE('',#1044,#3357,#5850,.T.);
#5850 = LINE('',#5851,#5852);
#5851 = CARTESIAN_POINT('',(134.031252,-141.093751,0.));
#5852 = VECTOR('',#5853,1.);
#5853 = DIRECTION('',(0.,0.,1.));
#5854 = ORIENTED_EDGE('',*,*,#1052,.F.);
#5855 = PLANE('',#5856);
#5856 = AXIS2_PLACEMENT_3D('',#5857,#5858,#5859);
#5857 = CARTESIAN_POINT('',(134.031252,-139.688066,0.));
#5858 = DIRECTION('',(1.,0.,-0.));
#5859 = DIRECTION('',(0.,-1.,0.));
#5860 = ADVANCED_FACE('',(#5861),#5872,.T.);
#5861 = FACE_BOUND('',#5862,.T.);
#5862 = EDGE_LOOP('',(#5863,#5869,#5870,#5871));
#5863 = ORIENTED_EDGE('',*,*,#5864,.T.);
#5864 = EDGE_CURVE('',#956,#3269,#5865,.T.);
#5865 = LINE('',#5866,#5867);
#5866 = CARTESIAN_POINT('',(136.777962,-138.82261,0.));
#5867 = VECTOR('',#5868,1.);
#5868 = DIRECTION('',(0.,0.,1.));
#5869 = ORIENTED_EDGE('',*,*,#3268,.T.);
#5870 = ORIENTED_EDGE('',*,*,#5830,.F.);
#5871 = ORIENTED_EDGE('',*,*,#955,.F.);
#5872 = CYLINDRICAL_SURFACE('',#5873,0.500008729288);
#5873 = AXIS2_PLACEMENT_3D('',#5874,#5875,#5876);
#5874 = CARTESIAN_POINT('',(136.52570134312,-138.3909002707,0.));
#5875 = DIRECTION('',(0.,0.,-1.));
#5876 = DIRECTION('',(0.504512505686,-0.863404384751,0.));
#5877 = ADVANCED_FACE('',(#5878),#5889,.T.);
#5878 = FACE_BOUND('',#5879,.T.);
#5879 = EDGE_LOOP('',(#5880,#5881,#5882,#5888));
#5880 = ORIENTED_EDGE('',*,*,#5849,.T.);
#5881 = ORIENTED_EDGE('',*,*,#3356,.T.);
#5882 = ORIENTED_EDGE('',*,*,#5883,.F.);
#5883 = EDGE_CURVE('',#1035,#3348,#5884,.T.);
#5884 = LINE('',#5885,#5886);
#5885 = CARTESIAN_POINT('',(133.981767,-141.310628,0.));
#5886 = VECTOR('',#5887,1.);
#5887 = DIRECTION('',(0.,0.,1.));
#5888 = ORIENTED_EDGE('',*,*,#1043,.F.);
#5889 = CYLINDRICAL_SURFACE('',#5890,0.499989884978);
#5890 = AXIS2_PLACEMENT_3D('',#5891,#5892,#5893);
#5891 = CARTESIAN_POINT('',(133.53126211502,-141.0937519208,0.));
#5892 = DIRECTION('',(0.,0.,-1.));
#5893 = DIRECTION('',(0.999999999998,1.841808539356E-06,0.));
#5894 = ADVANCED_FACE('',(#5895),#5906,.F.);
#5895 = FACE_BOUND('',#5896,.T.);
#5896 = EDGE_LOOP('',(#5897,#5903,#5904,#5905));
#5897 = ORIENTED_EDGE('',*,*,#5898,.T.);
#5898 = EDGE_CURVE('',#965,#3278,#5899,.T.);
#5899 = LINE('',#5900,#5901);
#5900 = CARTESIAN_POINT('',(137.480735,-139.471188,0.));
#5901 = VECTOR('',#5902,1.);
#5902 = DIRECTION('',(0.,0.,1.));
#5903 = ORIENTED_EDGE('',*,*,#3277,.T.);
#5904 = ORIENTED_EDGE('',*,*,#5864,.F.);
#5905 = ORIENTED_EDGE('',*,*,#964,.F.);
#5906 = CYLINDRICAL_SURFACE('',#5907,0.499999422661);
#5907 = AXIS2_PLACEMENT_3D('',#5908,#5909,#5910);
#5908 = CARTESIAN_POINT('',(137.03022029551,-139.25431033,0.));
#5909 = DIRECTION('',(-0.,-0.,-1.));
#5910 = DIRECTION('',(0.901030449374,-0.433755840654,0.));
#5911 = ADVANCED_FACE('',(#5912),#5923,.F.);
#5912 = FACE_BOUND('',#5913,.T.);
#5913 = EDGE_LOOP('',(#5914,#5915,#5916,#5922));
#5914 = ORIENTED_EDGE('',*,*,#5883,.T.);
#5915 = ORIENTED_EDGE('',*,*,#3347,.T.);
#5916 = ORIENTED_EDGE('',*,*,#5917,.F.);
#5917 = EDGE_CURVE('',#1026,#3339,#5918,.T.);
#5918 = LINE('',#5919,#5920);
#5919 = CARTESIAN_POINT('',(134.684541,-141.959207,0.));
#5920 = VECTOR('',#5921,1.);
#5921 = DIRECTION('',(0.,0.,1.));
#5922 = ORIENTED_EDGE('',*,*,#1034,.F.);
#5923 = CYLINDRICAL_SURFACE('',#5924,0.500000669307);
#5924 = AXIS2_PLACEMENT_3D('',#5925,#5926,#5927);
#5925 = CARTESIAN_POINT('',(134.4322835355,-141.5275047404,0.));
#5926 = DIRECTION('',(-0.,-0.,-1.));
#5927 = DIRECTION('',(-0.901031864884,0.433752900236,0.));
#5928 = ADVANCED_FACE('',(#5929),#5940,.T.);
#5929 = FACE_BOUND('',#5930,.T.);
#5930 = EDGE_LOOP('',(#5931,#5937,#5938,#5939));
#5931 = ORIENTED_EDGE('',*,*,#5932,.T.);
#5932 = EDGE_CURVE('',#974,#3287,#5933,.T.);
#5933 = LINE('',#5934,#5935);
#5934 = CARTESIAN_POINT('',(137.43125,-139.688065,0.));
#5935 = VECTOR('',#5936,1.);
#5936 = DIRECTION('',(0.,0.,1.));
#5937 = ORIENTED_EDGE('',*,*,#3286,.T.);
#5938 = ORIENTED_EDGE('',*,*,#5898,.F.);
#5939 = ORIENTED_EDGE('',*,*,#973,.F.);
#5940 = CYLINDRICAL_SURFACE('',#5941,0.499989884977);
#5941 = AXIS2_PLACEMENT_3D('',#5942,#5943,#5944);
#5942 = CARTESIAN_POINT('',(137.93123988497,-139.6880640791,0.));
#5943 = DIRECTION('',(0.,0.,-1.));
#5944 = DIRECTION('',(-0.999999999998,-1.841808653046E-06,-0.));
#5945 = ADVANCED_FACE('',(#5946),#5957,.T.);
#5946 = FACE_BOUND('',#5947,.T.);
#5947 = EDGE_LOOP('',(#5948,#5949,#5950,#5956));
#5948 = ORIENTED_EDGE('',*,*,#5917,.T.);
#5949 = ORIENTED_EDGE('',*,*,#3338,.T.);
#5950 = ORIENTED_EDGE('',*,*,#5951,.F.);
#5951 = EDGE_CURVE('',#1018,#3331,#5952,.T.);
#5952 = LINE('',#5953,#5954);
#5953 = CARTESIAN_POINT('',(134.936799,-141.890908,0.));
#5954 = VECTOR('',#5955,1.);
#5955 = DIRECTION('',(0.,0.,1.));
#5956 = ORIENTED_EDGE('',*,*,#1025,.F.);
#5957 = CYLINDRICAL_SURFACE('',#5958,0.500008729288);
#5958 = AXIS2_PLACEMENT_3D('',#5959,#5960,#5961);
#5959 = CARTESIAN_POINT('',(134.93680165687,-142.3909167292,0.));
#5960 = DIRECTION('',(0.,0.,-1.));
#5961 = DIRECTION('',(-0.504512505685,0.863404384751,0.));
#5962 = ADVANCED_FACE('',(#5963),#5974,.T.);
#5963 = FACE_BOUND('',#5964,.T.);
#5964 = EDGE_LOOP('',(#5965,#5971,#5972,#5973));
#5965 = ORIENTED_EDGE('',*,*,#5966,.T.);
#5966 = EDGE_CURVE('',#983,#3296,#5967,.T.);
#5967 = LINE('',#5968,#5969);
#5968 = CARTESIAN_POINT('',(137.43125,-141.09375,0.));
#5969 = VECTOR('',#5970,1.);
#5970 = DIRECTION('',(0.,0.,1.));
#5971 = ORIENTED_EDGE('',*,*,#3295,.T.);
#5972 = ORIENTED_EDGE('',*,*,#5932,.F.);
#5973 = ORIENTED_EDGE('',*,*,#982,.F.);
#5974 = PLANE('',#5975);
#5975 = AXIS2_PLACEMENT_3D('',#5976,#5977,#5978);
#5976 = CARTESIAN_POINT('',(137.43125,-141.09375,0.));
#5977 = DIRECTION('',(-1.,0.,0.));
#5978 = DIRECTION('',(0.,1.,0.));
#5979 = ADVANCED_FACE('',(#5980),#5991,.T.);
#5980 = FACE_BOUND('',#5981,.T.);
#5981 = EDGE_LOOP('',(#5982,#5983,#5984,#5990));
#5982 = ORIENTED_EDGE('',*,*,#5951,.T.);
#5983 = ORIENTED_EDGE('',*,*,#3330,.T.);
#5984 = ORIENTED_EDGE('',*,*,#5985,.F.);
#5985 = EDGE_CURVE('',#1009,#3322,#5986,.T.);
#5986 = LINE('',#5987,#5988);
#5987 = CARTESIAN_POINT('',(136.525703,-141.890908,0.));
#5988 = VECTOR('',#5989,1.);
#5989 = DIRECTION('',(0.,0.,1.));
#5990 = ORIENTED_EDGE('',*,*,#1017,.F.);
#5991 = PLANE('',#5992);
#5992 = AXIS2_PLACEMENT_3D('',#5993,#5994,#5995);
#5993 = CARTESIAN_POINT('',(134.936799,-141.890908,0.));
#5994 = DIRECTION('',(0.,1.,0.));
#5995 = DIRECTION('',(1.,0.,0.));
#5996 = ADVANCED_FACE('',(#5997),#6008,.T.);
#5997 = FACE_BOUND('',#5998,.T.);
#5998 = EDGE_LOOP('',(#5999,#6005,#6006,#6007));
#5999 = ORIENTED_EDGE('',*,*,#6000,.T.);
#6000 = EDGE_CURVE('',#991,#3304,#6001,.T.);
#6001 = LINE('',#6002,#6003);
#6002 = CARTESIAN_POINT('',(137.480735,-141.310628,0.));
#6003 = VECTOR('',#6004,1.);
#6004 = DIRECTION('',(0.,0.,1.));
#6005 = ORIENTED_EDGE('',*,*,#3303,.T.);
#6006 = ORIENTED_EDGE('',*,*,#5966,.F.);
#6007 = ORIENTED_EDGE('',*,*,#990,.F.);
#6008 = CYLINDRICAL_SURFACE('',#6009,0.499989885034);
#6009 = AXIS2_PLACEMENT_3D('',#6010,#6011,#6012);
#6010 = CARTESIAN_POINT('',(137.93123988503,-141.0937519208,0.));
#6011 = DIRECTION('',(0.,0.,-1.));
#6012 = DIRECTION('',(-0.901027997796,-0.43376093322,-0.));
#6013 = ADVANCED_FACE('',(#6014),#6025,.T.);
#6014 = FACE_BOUND('',#6015,.T.);
#6015 = EDGE_LOOP('',(#6016,#6017,#6018,#6024));
#6016 = ORIENTED_EDGE('',*,*,#5985,.T.);
#6017 = ORIENTED_EDGE('',*,*,#3321,.T.);
#6018 = ORIENTED_EDGE('',*,*,#6019,.F.);
#6019 = EDGE_CURVE('',#1000,#3313,#6020,.T.);
#6020 = LINE('',#6021,#6022);
#6021 = CARTESIAN_POINT('',(136.777962,-141.959207,0.));
#6022 = VECTOR('',#6023,1.);
#6023 = DIRECTION('',(0.,0.,1.));
#6024 = ORIENTED_EDGE('',*,*,#1008,.F.);
#6025 = CYLINDRICAL_SURFACE('',#6026,0.500008729227);
#6026 = AXIS2_PLACEMENT_3D('',#6027,#6028,#6029);
#6027 = CARTESIAN_POINT('',(136.52570134314,-142.3909167292,0.));
#6028 = DIRECTION('',(0.,0.,-1.));
#6029 = DIRECTION('',(3.313649487554E-06,0.999999999995,0.));
#6030 = ADVANCED_FACE('',(#6031),#6037,.F.);
#6031 = FACE_BOUND('',#6032,.T.);
#6032 = EDGE_LOOP('',(#6033,#6034,#6035,#6036));
#6033 = ORIENTED_EDGE('',*,*,#6019,.T.);
#6034 = ORIENTED_EDGE('',*,*,#3312,.T.);
#6035 = ORIENTED_EDGE('',*,*,#6000,.F.);
#6036 = ORIENTED_EDGE('',*,*,#999,.F.);
#6037 = CYLINDRICAL_SURFACE('',#6038,0.499999448976);
#6038 = AXIS2_PLACEMENT_3D('',#6039,#6040,#6041);
#6039 = CARTESIAN_POINT('',(137.03022090428,-141.5275069951,0.));
#6040 = DIRECTION('',(-0.,-0.,-1.));
#6041 = DIRECTION('',(-0.504518364574,-0.863400961204,0.));
#6042 = ADVANCED_FACE('',(#6043),#6054,.F.);
#6043 = FACE_BOUND('',#6044,.T.);
#6044 = EDGE_LOOP('',(#6045,#6046,#6052,#6053));
#6045 = ORIENTED_EDGE('',*,*,#1069,.T.);
#6046 = ORIENTED_EDGE('',*,*,#6047,.T.);
#6047 = EDGE_CURVE('',#1070,#3383,#6048,.T.);
#6048 = LINE('',#6049,#6050);
#6049 = CARTESIAN_POINT('',(145.25625,-140.89375,-4.6E-02));
#6050 = VECTOR('',#6051,1.);
#6051 = DIRECTION('',(0.,0.,1.));
#6052 = ORIENTED_EDGE('',*,*,#3382,.F.);
#6053 = ORIENTED_EDGE('',*,*,#6047,.F.);
#6054 = CYLINDRICAL_SURFACE('',#6055,0.4);
#6055 = AXIS2_PLACEMENT_3D('',#6056,#6057,#6058);
#6056 = CARTESIAN_POINT('',(145.25625,-140.49375,-4.6E-02));
#6057 = DIRECTION('',(-0.,-0.,-1.));
#6058 = DIRECTION('',(-0.,-1.,0.));
#6059 = ADVANCED_FACE('',(#6060),#6071,.F.);
#6060 = FACE_BOUND('',#6061,.T.);
#6061 = EDGE_LOOP('',(#6062,#6063,#6069,#6070));
#6062 = ORIENTED_EDGE('',*,*,#1080,.T.);
#6063 = ORIENTED_EDGE('',*,*,#6064,.T.);
#6064 = EDGE_CURVE('',#1081,#3394,#6065,.T.);
#6065 = LINE('',#6066,#6067);
#6066 = CARTESIAN_POINT('',(114.14125,-132.03625,-4.6E-02));
#6067 = VECTOR('',#6068,1.);
#6068 = DIRECTION('',(0.,0.,1.));
#6069 = ORIENTED_EDGE('',*,*,#3393,.F.);
#6070 = ORIENTED_EDGE('',*,*,#6064,.F.);
#6071 = CYLINDRICAL_SURFACE('',#6072,0.75);
#6072 = AXIS2_PLACEMENT_3D('',#6073,#6074,#6075);
#6073 = CARTESIAN_POINT('',(114.14125,-131.28625,-4.6E-02));
#6074 = DIRECTION('',(-0.,-0.,-1.));
#6075 = DIRECTION('',(-0.,-1.,0.));
#6076 = ADVANCED_FACE('',(#6077),#6088,.F.);
#6077 = FACE_BOUND('',#6078,.T.);
#6078 = EDGE_LOOP('',(#6079,#6080,#6086,#6087));
#6079 = ORIENTED_EDGE('',*,*,#1091,.T.);
#6080 = ORIENTED_EDGE('',*,*,#6081,.T.);
#6081 = EDGE_CURVE('',#1092,#3405,#6082,.T.);
#6082 = LINE('',#6083,#6084);
#6083 = CARTESIAN_POINT('',(120.49125,-129.49625,-4.6E-02));
#6084 = VECTOR('',#6085,1.);
#6085 = DIRECTION('',(0.,0.,1.));
#6086 = ORIENTED_EDGE('',*,*,#3404,.F.);
#6087 = ORIENTED_EDGE('',*,*,#6081,.F.);
#6088 = CYLINDRICAL_SURFACE('',#6089,0.75);
#6089 = AXIS2_PLACEMENT_3D('',#6090,#6091,#6092);
#6090 = CARTESIAN_POINT('',(120.49125,-128.74625,-4.6E-02));
#6091 = DIRECTION('',(-0.,-0.,-1.));
#6092 = DIRECTION('',(-0.,-1.,0.));
#6093 = ADVANCED_FACE('',(#6094),#6105,.F.);
#6094 = FACE_BOUND('',#6095,.T.);
#6095 = EDGE_LOOP('',(#6096,#6097,#6103,#6104));
#6096 = ORIENTED_EDGE('',*,*,#1102,.T.);
#6097 = ORIENTED_EDGE('',*,*,#6098,.T.);
#6098 = EDGE_CURVE('',#1103,#3416,#6099,.T.);
#6099 = LINE('',#6100,#6101);
#6100 = CARTESIAN_POINT('',(111.60125,-127.05625,-4.6E-02));
#6101 = VECTOR('',#6102,1.);
#6102 = DIRECTION('',(0.,0.,1.));
#6103 = ORIENTED_EDGE('',*,*,#3415,.F.);
#6104 = ORIENTED_EDGE('',*,*,#6098,.F.);
#6105 = CYLINDRICAL_SURFACE('',#6106,0.85);
#6106 = AXIS2_PLACEMENT_3D('',#6107,#6108,#6109);
#6107 = CARTESIAN_POINT('',(111.60125,-126.20625,-4.6E-02));
#6108 = DIRECTION('',(-0.,-0.,-1.));
#6109 = DIRECTION('',(-0.,-1.,0.));
#6110 = ADVANCED_FACE('',(#6111),#6122,.F.);
#6111 = FACE_BOUND('',#6112,.T.);
#6112 = EDGE_LOOP('',(#6113,#6114,#6120,#6121));
#6113 = ORIENTED_EDGE('',*,*,#1113,.T.);
#6114 = ORIENTED_EDGE('',*,*,#6115,.T.);
#6115 = EDGE_CURVE('',#1114,#3427,#6116,.T.);
#6116 = LINE('',#6117,#6118);
#6117 = CARTESIAN_POINT('',(116.68125,-128.20625,-4.6E-02));
#6118 = VECTOR('',#6119,1.);
#6119 = DIRECTION('',(0.,0.,1.));
#6120 = ORIENTED_EDGE('',*,*,#3426,.F.);
#6121 = ORIENTED_EDGE('',*,*,#6115,.F.);
#6122 = CYLINDRICAL_SURFACE('',#6123,2.);
#6123 = AXIS2_PLACEMENT_3D('',#6124,#6125,#6126);
#6124 = CARTESIAN_POINT('',(116.68125,-126.20625,-4.6E-02));
#6125 = DIRECTION('',(-0.,-0.,-1.));
#6126 = DIRECTION('',(-0.,-1.,0.));
#6127 = ADVANCED_FACE('',(#6128),#6139,.F.);
#6128 = FACE_BOUND('',#6129,.T.);
#6129 = EDGE_LOOP('',(#6130,#6131,#6137,#6138));
#6130 = ORIENTED_EDGE('',*,*,#1124,.T.);
#6131 = ORIENTED_EDGE('',*,*,#6132,.T.);
#6132 = EDGE_CURVE('',#1125,#3438,#6133,.T.);
#6133 = LINE('',#6134,#6135);
#6134 = CARTESIAN_POINT('',(126.20625,-129.46375,-4.6E-02));
#6135 = VECTOR('',#6136,1.);
#6136 = DIRECTION('',(0.,0.,1.));
#6137 = ORIENTED_EDGE('',*,*,#3437,.F.);
#6138 = ORIENTED_EDGE('',*,*,#6132,.F.);
#6139 = CYLINDRICAL_SURFACE('',#6140,0.4);
#6140 = AXIS2_PLACEMENT_3D('',#6141,#6142,#6143);
#6141 = CARTESIAN_POINT('',(126.20625,-129.06375,-4.6E-02));
#6142 = DIRECTION('',(-0.,-0.,-1.));
#6143 = DIRECTION('',(-3.552713678801E-14,-1.,0.));
#6144 = ADVANCED_FACE('',(#6145),#6156,.F.);
#6145 = FACE_BOUND('',#6146,.T.);
#6146 = EDGE_LOOP('',(#6147,#6148,#6154,#6155));
#6147 = ORIENTED_EDGE('',*,*,#1135,.T.);
#6148 = ORIENTED_EDGE('',*,*,#6149,.T.);
#6149 = EDGE_CURVE('',#1136,#3449,#6150,.T.);
#6150 = LINE('',#6151,#6152);
#6151 = CARTESIAN_POINT('',(121.76125,-127.05625,-4.6E-02));
#6152 = VECTOR('',#6153,1.);
#6153 = DIRECTION('',(0.,0.,1.));
#6154 = ORIENTED_EDGE('',*,*,#3448,.F.);
#6155 = ORIENTED_EDGE('',*,*,#6149,.F.);
#6156 = CYLINDRICAL_SURFACE('',#6157,0.85);
#6157 = AXIS2_PLACEMENT_3D('',#6158,#6159,#6160);
#6158 = CARTESIAN_POINT('',(121.76125,-126.20625,-4.6E-02));
#6159 = DIRECTION('',(-0.,0.,-1.));
#6160 = DIRECTION('',(1.671865260612E-14,-1.,-0.));
#6161 = ADVANCED_FACE('',(#6162),#6173,.F.);
#6162 = FACE_BOUND('',#6163,.T.);
#6163 = EDGE_LOOP('',(#6164,#6165,#6171,#6172));
#6164 = ORIENTED_EDGE('',*,*,#1146,.T.);
#6165 = ORIENTED_EDGE('',*,*,#6166,.T.);
#6166 = EDGE_CURVE('',#1147,#3460,#6167,.T.);
#6167 = LINE('',#6168,#6169);
#6168 = CARTESIAN_POINT('',(130.65125,-127.05625,-4.6E-02));
#6169 = VECTOR('',#6170,1.);
#6170 = DIRECTION('',(0.,0.,1.));
#6171 = ORIENTED_EDGE('',*,*,#3459,.F.);
#6172 = ORIENTED_EDGE('',*,*,#6166,.F.);
#6173 = CYLINDRICAL_SURFACE('',#6174,0.85);
#6174 = AXIS2_PLACEMENT_3D('',#6175,#6176,#6177);
#6175 = CARTESIAN_POINT('',(130.65125,-126.20625,-4.6E-02));
#6176 = DIRECTION('',(-0.,-0.,-1.));
#6177 = DIRECTION('',(-0.,-1.,0.));
#6178 = ADVANCED_FACE('',(#6179),#6195,.F.);
#6179 = FACE_BOUND('',#6180,.T.);
#6180 = EDGE_LOOP('',(#6181,#6187,#6188,#6194));
#6181 = ORIENTED_EDGE('',*,*,#6182,.T.);
#6182 = EDGE_CURVE('',#1158,#3471,#6183,.T.);
#6183 = LINE('',#6184,#6185);
#6184 = CARTESIAN_POINT('',(118.430735,-120.421188,0.));
#6185 = VECTOR('',#6186,1.);
#6186 = DIRECTION('',(0.,0.,1.));
#6187 = ORIENTED_EDGE('',*,*,#3470,.T.);
#6188 = ORIENTED_EDGE('',*,*,#6189,.F.);
#6189 = EDGE_CURVE('',#1160,#3473,#6190,.T.);
#6190 = LINE('',#6191,#6192);
#6191 = CARTESIAN_POINT('',(117.727962,-119.77261,0.));
#6192 = VECTOR('',#6193,1.);
#6193 = DIRECTION('',(0.,0.,1.));
#6194 = ORIENTED_EDGE('',*,*,#1157,.F.);
#6195 = CYLINDRICAL_SURFACE('',#6196,0.499999422661);
#6196 = AXIS2_PLACEMENT_3D('',#6197,#6198,#6199);
#6197 = CARTESIAN_POINT('',(117.98022029551,-120.20431033,0.));
#6198 = DIRECTION('',(-0.,-0.,-1.));
#6199 = DIRECTION('',(0.901030449374,-0.433755840654,0.));
#6200 = ADVANCED_FACE('',(#6201),#6212,.T.);
#6201 = FACE_BOUND('',#6202,.T.);
#6202 = EDGE_LOOP('',(#6203,#6209,#6210,#6211));
#6203 = ORIENTED_EDGE('',*,*,#6204,.T.);
#6204 = EDGE_CURVE('',#1169,#3482,#6205,.T.);
#6205 = LINE('',#6206,#6207);
#6206 = CARTESIAN_POINT('',(118.38125,-120.638066,0.));
#6207 = VECTOR('',#6208,1.);
#6208 = DIRECTION('',(0.,0.,1.));
#6209 = ORIENTED_EDGE('',*,*,#3481,.T.);
#6210 = ORIENTED_EDGE('',*,*,#6182,.F.);
#6211 = ORIENTED_EDGE('',*,*,#1168,.F.);
#6212 = CYLINDRICAL_SURFACE('',#6213,0.499989885034);
#6213 = AXIS2_PLACEMENT_3D('',#6214,#6215,#6216);
#6214 = CARTESIAN_POINT('',(118.88123988503,-120.6380640791,0.));
#6215 = DIRECTION('',(0.,0.,-1.));
#6216 = DIRECTION('',(-0.999999999993,-3.841811363674E-06,-0.));
#6217 = ADVANCED_FACE('',(#6218),#6229,.T.);
#6218 = FACE_BOUND('',#6219,.T.);
#6219 = EDGE_LOOP('',(#6220,#6221,#6222,#6228));
#6220 = ORIENTED_EDGE('',*,*,#6189,.T.);
#6221 = ORIENTED_EDGE('',*,*,#3603,.T.);
#6222 = ORIENTED_EDGE('',*,*,#6223,.F.);
#6223 = EDGE_CURVE('',#1283,#3596,#6224,.T.);
#6224 = LINE('',#6225,#6226);
#6225 = CARTESIAN_POINT('',(117.475704,-119.840909,0.));
#6226 = VECTOR('',#6227,1.);
#6227 = DIRECTION('',(0.,0.,1.));
#6228 = ORIENTED_EDGE('',*,*,#1290,.F.);
#6229 = CYLINDRICAL_SURFACE('',#6230,0.500008729288);
#6230 = AXIS2_PLACEMENT_3D('',#6231,#6232,#6233);
#6231 = CARTESIAN_POINT('',(117.47570134312,-119.3409002707,0.));
#6232 = DIRECTION('',(0.,0.,-1.));
#6233 = DIRECTION('',(0.504512505685,-0.863404384751,0.));
#6234 = ADVANCED_FACE('',(#6235),#6246,.T.);
#6235 = FACE_BOUND('',#6236,.T.);
#6236 = EDGE_LOOP('',(#6237,#6243,#6244,#6245));
#6237 = ORIENTED_EDGE('',*,*,#6238,.T.);
#6238 = EDGE_CURVE('',#1178,#3491,#6239,.T.);
#6239 = LINE('',#6240,#6241);
#6240 = CARTESIAN_POINT('',(118.38125,-122.04375,0.));
#6241 = VECTOR('',#6242,1.);
#6242 = DIRECTION('',(0.,0.,1.));
#6243 = ORIENTED_EDGE('',*,*,#3490,.T.);
#6244 = ORIENTED_EDGE('',*,*,#6204,.F.);
#6245 = ORIENTED_EDGE('',*,*,#1177,.F.);
#6246 = PLANE('',#6247);
#6247 = AXIS2_PLACEMENT_3D('',#6248,#6249,#6250);
#6248 = CARTESIAN_POINT('',(118.38125,-122.04375,0.));
#6249 = DIRECTION('',(-1.,0.,0.));
#6250 = DIRECTION('',(0.,1.,0.));
#6251 = ADVANCED_FACE('',(#6252),#6263,.T.);
#6252 = FACE_BOUND('',#6253,.T.);
#6253 = EDGE_LOOP('',(#6254,#6255,#6256,#6262));
#6254 = ORIENTED_EDGE('',*,*,#6223,.T.);
#6255 = ORIENTED_EDGE('',*,*,#3595,.T.);
#6256 = ORIENTED_EDGE('',*,*,#6257,.F.);
#6257 = EDGE_CURVE('',#1274,#3587,#6258,.T.);
#6258 = LINE('',#6259,#6260);
#6259 = CARTESIAN_POINT('',(115.886799,-119.840909,0.));
#6260 = VECTOR('',#6261,1.);
#6261 = DIRECTION('',(0.,0.,1.));
#6262 = ORIENTED_EDGE('',*,*,#1282,.F.);
#6263 = PLANE('',#6264);
#6264 = AXIS2_PLACEMENT_3D('',#6265,#6266,#6267);
#6265 = CARTESIAN_POINT('',(117.475704,-119.840909,0.));
#6266 = DIRECTION('',(0.,-1.,0.));
#6267 = DIRECTION('',(-1.,0.,0.));
#6268 = ADVANCED_FACE('',(#6269),#6280,.T.);
#6269 = FACE_BOUND('',#6270,.T.);
#6270 = EDGE_LOOP('',(#6271,#6277,#6278,#6279));
#6271 = ORIENTED_EDGE('',*,*,#6272,.T.);
#6272 = EDGE_CURVE('',#1186,#3499,#6273,.T.);
#6273 = LINE('',#6274,#6275);
#6274 = CARTESIAN_POINT('',(118.430735,-122.260627,0.));
#6275 = VECTOR('',#6276,1.);
#6276 = DIRECTION('',(0.,0.,1.));
#6277 = ORIENTED_EDGE('',*,*,#3498,.T.);
#6278 = ORIENTED_EDGE('',*,*,#6238,.F.);
#6279 = ORIENTED_EDGE('',*,*,#1185,.F.);
#6280 = CYLINDRICAL_SURFACE('',#6281,0.49998122973);
#6281 = AXIS2_PLACEMENT_3D('',#6282,#6283,#6284);
#6282 = CARTESIAN_POINT('',(118.88123122972,-122.0437528957,0.));
#6283 = DIRECTION('',(0.,0.,-1.));
#6284 = DIRECTION('',(-0.901026284457,-0.433764492229,-0.));
#6285 = ADVANCED_FACE('',(#6286),#6297,.T.);
#6286 = FACE_BOUND('',#6287,.T.);
#6287 = EDGE_LOOP('',(#6288,#6289,#6290,#6296));
#6288 = ORIENTED_EDGE('',*,*,#6257,.T.);
#6289 = ORIENTED_EDGE('',*,*,#3586,.T.);
#6290 = ORIENTED_EDGE('',*,*,#6291,.F.);
#6291 = EDGE_CURVE('',#1265,#3578,#6292,.T.);
#6292 = LINE('',#6293,#6294);
#6293 = CARTESIAN_POINT('',(115.63454,-119.772609,0.));
#6294 = VECTOR('',#6295,1.);
#6295 = DIRECTION('',(0.,0.,1.));
#6296 = ORIENTED_EDGE('',*,*,#1273,.F.);
#6297 = CYLINDRICAL_SURFACE('',#6298,0.50002311711);
#6298 = AXIS2_PLACEMENT_3D('',#6299,#6300,#6301);
#6299 = CARTESIAN_POINT('',(115.88680626378,-119.3408858829,0.));
#6300 = DIRECTION('',(0.,0.,-1.));
#6301 = DIRECTION('',(-1.45268932324E-05,-0.999999999894,-0.));
#6302 = ADVANCED_FACE('',(#6303),#6314,.F.);
#6303 = FACE_BOUND('',#6304,.T.);
#6304 = EDGE_LOOP('',(#6305,#6311,#6312,#6313));
#6305 = ORIENTED_EDGE('',*,*,#6306,.T.);
#6306 = EDGE_CURVE('',#1195,#3508,#6307,.T.);
#6307 = LINE('',#6308,#6309);
#6308 = CARTESIAN_POINT('',(117.727962,-122.909207,0.));
#6309 = VECTOR('',#6310,1.);
#6310 = DIRECTION('',(0.,0.,1.));
#6311 = ORIENTED_EDGE('',*,*,#3507,.T.);
#6312 = ORIENTED_EDGE('',*,*,#6272,.F.);
#6313 = ORIENTED_EDGE('',*,*,#1194,.F.);
#6314 = CYLINDRICAL_SURFACE('',#6315,0.499999755443);
#6315 = AXIS2_PLACEMENT_3D('',#6316,#6317,#6318);
#6316 = CARTESIAN_POINT('',(117.98022086309,-122.4775066161,0.));
#6317 = DIRECTION('',(-0.,-0.,-1.));
#6318 = DIRECTION('',(-0.504517972959,-0.863401190039,0.));
#6319 = ADVANCED_FACE('',(#6320),#6331,.F.);
#6320 = FACE_BOUND('',#6321,.T.);
#6321 = EDGE_LOOP('',(#6322,#6323,#6324,#6330));
#6322 = ORIENTED_EDGE('',*,*,#6291,.T.);
#6323 = ORIENTED_EDGE('',*,*,#3577,.T.);
#6324 = ORIENTED_EDGE('',*,*,#6325,.F.);
#6325 = EDGE_CURVE('',#1256,#3569,#6326,.T.);
#6326 = LINE('',#6327,#6328);
#6327 = CARTESIAN_POINT('',(114.931767,-120.421188,0.));
#6328 = VECTOR('',#6329,1.);
#6329 = DIRECTION('',(0.,0.,1.));
#6330 = ORIENTED_EDGE('',*,*,#1264,.F.);
#6331 = CYLINDRICAL_SURFACE('',#6332,0.499999729127);
#6332 = AXIS2_PLACEMENT_3D('',#6333,#6334,#6335);
#6333 = CARTESIAN_POINT('',(115.38228174567,-120.2043097091,0.));
#6334 = DIRECTION('',(-0.,-0.,-1.));
#6335 = DIRECTION('',(0.504516781968,0.863401885979,-0.));
#6336 = ADVANCED_FACE('',(#6337),#6348,.T.);
#6337 = FACE_BOUND('',#6338,.T.);
#6338 = EDGE_LOOP('',(#6339,#6345,#6346,#6347));
#6339 = ORIENTED_EDGE('',*,*,#6340,.T.);
#6340 = EDGE_CURVE('',#1204,#3517,#6341,.T.);
#6341 = LINE('',#6342,#6343);
#6342 = CARTESIAN_POINT('',(117.475703,-122.840908,0.));
#6343 = VECTOR('',#6344,1.);
#6344 = DIRECTION('',(0.,0.,1.));
#6345 = ORIENTED_EDGE('',*,*,#3516,.T.);
#6346 = ORIENTED_EDGE('',*,*,#6306,.F.);
#6347 = ORIENTED_EDGE('',*,*,#1203,.F.);
#6348 = CYLINDRICAL_SURFACE('',#6349,0.500008729226);
#6349 = AXIS2_PLACEMENT_3D('',#6350,#6351,#6352);
#6350 = CARTESIAN_POINT('',(117.47570134314,-123.3409167292,0.));
#6351 = DIRECTION('',(0.,0.,-1.));
#6352 = DIRECTION('',(3.313649288608E-06,0.999999999995,0.));
#6353 = ADVANCED_FACE('',(#6354),#6365,.T.);
#6354 = FACE_BOUND('',#6355,.T.);
#6355 = EDGE_LOOP('',(#6356,#6357,#6358,#6364));
#6356 = ORIENTED_EDGE('',*,*,#6325,.T.);
#6357 = ORIENTED_EDGE('',*,*,#3568,.T.);
#6358 = ORIENTED_EDGE('',*,*,#6359,.F.);
#6359 = EDGE_CURVE('',#1248,#3561,#6360,.T.);
#6360 = LINE('',#6361,#6362);
#6361 = CARTESIAN_POINT('',(114.981252,-120.638066,0.));
#6362 = VECTOR('',#6363,1.);
#6363 = DIRECTION('',(0.,0.,1.));
#6364 = ORIENTED_EDGE('',*,*,#1255,.F.);
#6365 = CYLINDRICAL_SURFACE('',#6366,0.499989885034);
#6366 = AXIS2_PLACEMENT_3D('',#6367,#6368,#6369);
#6367 = CARTESIAN_POINT('',(114.48126211496,-120.6380640791,0.));
#6368 = DIRECTION('',(0.,0.,-1.));
#6369 = DIRECTION('',(0.901027997796,0.43376093322,0.));
#6370 = ADVANCED_FACE('',(#6371),#6382,.T.);
#6371 = FACE_BOUND('',#6372,.T.);
#6372 = EDGE_LOOP('',(#6373,#6379,#6380,#6381));
#6373 = ORIENTED_EDGE('',*,*,#6374,.T.);
#6374 = EDGE_CURVE('',#1213,#3526,#6375,.T.);
#6375 = LINE('',#6376,#6377);
#6376 = CARTESIAN_POINT('',(115.886799,-122.840908,0.));
#6377 = VECTOR('',#6378,1.);
#6378 = DIRECTION('',(0.,0.,1.));
#6379 = ORIENTED_EDGE('',*,*,#3525,.T.);
#6380 = ORIENTED_EDGE('',*,*,#6340,.F.);
#6381 = ORIENTED_EDGE('',*,*,#1212,.F.);
#6382 = PLANE('',#6383);
#6383 = AXIS2_PLACEMENT_3D('',#6384,#6385,#6386);
#6384 = CARTESIAN_POINT('',(115.886799,-122.840908,0.));
#6385 = DIRECTION('',(0.,1.,0.));
#6386 = DIRECTION('',(1.,0.,0.));
#6387 = ADVANCED_FACE('',(#6388),#6399,.T.);
#6388 = FACE_BOUND('',#6389,.T.);
#6389 = EDGE_LOOP('',(#6390,#6391,#6392,#6398));
#6390 = ORIENTED_EDGE('',*,*,#6359,.T.);
#6391 = ORIENTED_EDGE('',*,*,#3560,.T.);
#6392 = ORIENTED_EDGE('',*,*,#6393,.F.);
#6393 = EDGE_CURVE('',#1239,#3552,#6394,.T.);
#6394 = LINE('',#6395,#6396);
#6395 = CARTESIAN_POINT('',(114.981252,-122.04375,0.));
#6396 = VECTOR('',#6397,1.);
#6397 = DIRECTION('',(0.,0.,1.));
#6398 = ORIENTED_EDGE('',*,*,#1247,.F.);
#6399 = PLANE('',#6400);
#6400 = AXIS2_PLACEMENT_3D('',#6401,#6402,#6403);
#6401 = CARTESIAN_POINT('',(114.981252,-120.638066,0.));
#6402 = DIRECTION('',(1.,0.,-0.));
#6403 = DIRECTION('',(0.,-1.,0.));
#6404 = ADVANCED_FACE('',(#6405),#6416,.T.);
#6405 = FACE_BOUND('',#6406,.T.);
#6406 = EDGE_LOOP('',(#6407,#6413,#6414,#6415));
#6407 = ORIENTED_EDGE('',*,*,#6408,.T.);
#6408 = EDGE_CURVE('',#1221,#3534,#6409,.T.);
#6409 = LINE('',#6410,#6411);
#6410 = CARTESIAN_POINT('',(115.63454,-122.909205,0.));
#6411 = VECTOR('',#6412,1.);
#6412 = DIRECTION('',(0.,0.,1.));
#6413 = ORIENTED_EDGE('',*,*,#3533,.T.);
#6414 = ORIENTED_EDGE('',*,*,#6374,.F.);
#6415 = ORIENTED_EDGE('',*,*,#1220,.F.);
#6416 = CYLINDRICAL_SURFACE('',#6417,0.500040834725);
#6417 = AXIS2_PLACEMENT_3D('',#6418,#6419,#6420);
#6418 = CARTESIAN_POINT('',(115.88680592637,-123.3409488346,0.));
#6419 = DIRECTION('',(0.,0.,-1.));
#6420 = DIRECTION('',(-0.50449065128,0.86341715455,0.));
#6421 = ADVANCED_FACE('',(#6422),#6433,.T.);
#6422 = FACE_BOUND('',#6423,.T.);
#6423 = EDGE_LOOP('',(#6424,#6425,#6426,#6432));
#6424 = ORIENTED_EDGE('',*,*,#6393,.T.);
#6425 = ORIENTED_EDGE('',*,*,#3551,.T.);
#6426 = ORIENTED_EDGE('',*,*,#6427,.F.);
#6427 = EDGE_CURVE('',#1230,#3543,#6428,.T.);
#6428 = LINE('',#6429,#6430);
#6429 = CARTESIAN_POINT('',(114.931767,-122.260628,0.));
#6430 = VECTOR('',#6431,1.);
#6431 = DIRECTION('',(0.,0.,1.));
#6432 = ORIENTED_EDGE('',*,*,#1238,.F.);
#6433 = CYLINDRICAL_SURFACE('',#6434,0.499989885034);
#6434 = AXIS2_PLACEMENT_3D('',#6435,#6436,#6437);
#6435 = CARTESIAN_POINT('',(114.48126211496,-122.0437519208,0.));
#6436 = DIRECTION('',(0.,0.,-1.));
#6437 = DIRECTION('',(0.999999999993,3.841811448942E-06,0.));
#6438 = ADVANCED_FACE('',(#6439),#6445,.F.);
#6439 = FACE_BOUND('',#6440,.T.);
#6440 = EDGE_LOOP('',(#6441,#6442,#6443,#6444));
#6441 = ORIENTED_EDGE('',*,*,#6427,.T.);
#6442 = ORIENTED_EDGE('',*,*,#3542,.T.);
#6443 = ORIENTED_EDGE('',*,*,#6408,.F.);
#6444 = ORIENTED_EDGE('',*,*,#1229,.F.);
#6445 = CYLINDRICAL_SURFACE('',#6446,0.499999092786);
#6446 = AXIS2_PLACEMENT_3D('',#6447,#6448,#6449);
#6447 = CARTESIAN_POINT('',(115.38228160898,-122.4775051077,0.));
#6448 = DIRECTION('',(-0.,-0.,-1.));
#6449 = DIRECTION('',(-0.901030852831,0.43375500256,0.));
#6450 = ADVANCED_FACE('',(#6451),#6462,.F.);
#6451 = FACE_BOUND('',#6452,.T.);
#6452 = EDGE_LOOP('',(#6453,#6454,#6460,#6461));
#6453 = ORIENTED_EDGE('',*,*,#1299,.T.);
#6454 = ORIENTED_EDGE('',*,*,#6455,.T.);
#6455 = EDGE_CURVE('',#1300,#3613,#6456,.T.);
#6456 = LINE('',#6457,#6458);
#6457 = CARTESIAN_POINT('',(126.20625,-121.84375,-4.6E-02));
#6458 = VECTOR('',#6459,1.);
#6459 = DIRECTION('',(0.,0.,1.));
#6460 = ORIENTED_EDGE('',*,*,#3612,.F.);
#6461 = ORIENTED_EDGE('',*,*,#6455,.F.);
#6462 = CYLINDRICAL_SURFACE('',#6463,0.4);
#6463 = AXIS2_PLACEMENT_3D('',#6464,#6465,#6466);
#6464 = CARTESIAN_POINT('',(126.20625,-121.44375,-4.6E-02));
#6465 = DIRECTION('',(-0.,-0.,-1.));
#6466 = DIRECTION('',(-3.552713678801E-14,-1.,0.));
#6467 = ADVANCED_FACE('',(#6468),#6479,.F.);
#6468 = FACE_BOUND('',#6469,.T.);
#6469 = EDGE_LOOP('',(#6470,#6471,#6477,#6478));
#6470 = ORIENTED_EDGE('',*,*,#1310,.T.);
#6471 = ORIENTED_EDGE('',*,*,#6472,.T.);
#6472 = EDGE_CURVE('',#1311,#3624,#6473,.T.);
#6473 = LINE('',#6474,#6475);
#6474 = CARTESIAN_POINT('',(133.19125,-132.03625,-4.6E-02));
#6475 = VECTOR('',#6476,1.);
#6476 = DIRECTION('',(0.,0.,1.));
#6477 = ORIENTED_EDGE('',*,*,#3623,.F.);
#6478 = ORIENTED_EDGE('',*,*,#6472,.F.);
#6479 = CYLINDRICAL_SURFACE('',#6480,0.75);
#6480 = AXIS2_PLACEMENT_3D('',#6481,#6482,#6483);
#6481 = CARTESIAN_POINT('',(133.19125,-131.28625,-4.6E-02));
#6482 = DIRECTION('',(-0.,-0.,-1.));
#6483 = DIRECTION('',(-0.,-1.,0.));
#6484 = ADVANCED_FACE('',(#6485),#6496,.F.);
#6485 = FACE_BOUND('',#6486,.T.);
#6486 = EDGE_LOOP('',(#6487,#6488,#6494,#6495));
#6487 = ORIENTED_EDGE('',*,*,#1321,.T.);
#6488 = ORIENTED_EDGE('',*,*,#6489,.T.);
#6489 = EDGE_CURVE('',#1322,#3635,#6490,.T.);
#6490 = LINE('',#6491,#6492);
#6491 = CARTESIAN_POINT('',(139.54125,-129.49625,-4.6E-02));
#6492 = VECTOR('',#6493,1.);
#6493 = DIRECTION('',(0.,0.,1.));
#6494 = ORIENTED_EDGE('',*,*,#3634,.F.);
#6495 = ORIENTED_EDGE('',*,*,#6489,.F.);
#6496 = CYLINDRICAL_SURFACE('',#6497,0.75);
#6497 = AXIS2_PLACEMENT_3D('',#6498,#6499,#6500);
#6498 = CARTESIAN_POINT('',(139.54125,-128.74625,-4.6E-02));
#6499 = DIRECTION('',(-0.,-0.,-1.));
#6500 = DIRECTION('',(-0.,-1.,0.));
#6501 = ADVANCED_FACE('',(#6502),#6513,.F.);
#6502 = FACE_BOUND('',#6503,.T.);
#6503 = EDGE_LOOP('',(#6504,#6505,#6511,#6512));
#6504 = ORIENTED_EDGE('',*,*,#1332,.T.);
#6505 = ORIENTED_EDGE('',*,*,#6506,.T.);
#6506 = EDGE_CURVE('',#1333,#3646,#6507,.T.);
#6507 = LINE('',#6508,#6509);
#6508 = CARTESIAN_POINT('',(135.73125,-128.20625,-4.6E-02));
#6509 = VECTOR('',#6510,1.);
#6510 = DIRECTION('',(0.,0.,1.));
#6511 = ORIENTED_EDGE('',*,*,#3645,.F.);
#6512 = ORIENTED_EDGE('',*,*,#6506,.F.);
#6513 = CYLINDRICAL_SURFACE('',#6514,2.);
#6514 = AXIS2_PLACEMENT_3D('',#6515,#6516,#6517);
#6515 = CARTESIAN_POINT('',(135.73125,-126.20625,-4.6E-02));
#6516 = DIRECTION('',(-0.,-0.,-1.));
#6517 = DIRECTION('',(-0.,-1.,0.));
#6518 = ADVANCED_FACE('',(#6519),#6530,.F.);
#6519 = FACE_BOUND('',#6520,.T.);
#6520 = EDGE_LOOP('',(#6521,#6522,#6528,#6529));
#6521 = ORIENTED_EDGE('',*,*,#1343,.T.);
#6522 = ORIENTED_EDGE('',*,*,#6523,.T.);
#6523 = EDGE_CURVE('',#1344,#3657,#6524,.T.);
#6524 = LINE('',#6525,#6526);
#6525 = CARTESIAN_POINT('',(140.81125,-127.05625,-4.6E-02));
#6526 = VECTOR('',#6527,1.);
#6527 = DIRECTION('',(0.,0.,1.));
#6528 = ORIENTED_EDGE('',*,*,#3656,.F.);
#6529 = ORIENTED_EDGE('',*,*,#6523,.F.);
#6530 = CYLINDRICAL_SURFACE('',#6531,0.85);
#6531 = AXIS2_PLACEMENT_3D('',#6532,#6533,#6534);
#6532 = CARTESIAN_POINT('',(140.81125,-126.20625,-4.6E-02));
#6533 = DIRECTION('',(-0.,-0.,-1.));
#6534 = DIRECTION('',(-0.,-1.,0.));
#6535 = ADVANCED_FACE('',(#6536),#6547,.F.);
#6536 = FACE_BOUND('',#6537,.T.);
#6537 = EDGE_LOOP('',(#6538,#6539,#6545,#6546));
#6538 = ORIENTED_EDGE('',*,*,#1354,.T.);
#6539 = ORIENTED_EDGE('',*,*,#6540,.T.);
#6540 = EDGE_CURVE('',#1355,#3668,#6541,.T.);
#6541 = LINE('',#6542,#6543);
#6542 = CARTESIAN_POINT('',(145.25625,-129.46375,-4.6E-02));
#6543 = VECTOR('',#6544,1.);
#6544 = DIRECTION('',(0.,0.,1.));
#6545 = ORIENTED_EDGE('',*,*,#3667,.F.);
#6546 = ORIENTED_EDGE('',*,*,#6540,.F.);
#6547 = CYLINDRICAL_SURFACE('',#6548,0.4);
#6548 = AXIS2_PLACEMENT_3D('',#6549,#6550,#6551);
#6549 = CARTESIAN_POINT('',(145.25625,-129.06375,-4.6E-02));
#6550 = DIRECTION('',(-0.,-0.,-1.));
#6551 = DIRECTION('',(-0.,-1.,0.));
#6552 = ADVANCED_FACE('',(#6553),#6564,.F.);
#6553 = FACE_BOUND('',#6554,.T.);
#6554 = EDGE_LOOP('',(#6555,#6556,#6562,#6563));
#6555 = ORIENTED_EDGE('',*,*,#1365,.T.);
#6556 = ORIENTED_EDGE('',*,*,#6557,.T.);
#6557 = EDGE_CURVE('',#1366,#3679,#6558,.T.);
#6558 = LINE('',#6559,#6560);
#6559 = CARTESIAN_POINT('',(152.24125,-132.03625,-4.6E-02));
#6560 = VECTOR('',#6561,1.);
#6561 = DIRECTION('',(0.,0.,1.));
#6562 = ORIENTED_EDGE('',*,*,#3678,.F.);
#6563 = ORIENTED_EDGE('',*,*,#6557,.F.);
#6564 = CYLINDRICAL_SURFACE('',#6565,0.75);
#6565 = AXIS2_PLACEMENT_3D('',#6566,#6567,#6568);
#6566 = CARTESIAN_POINT('',(152.24125,-131.28625,-4.6E-02));
#6567 = DIRECTION('',(-0.,-0.,-1.));
#6568 = DIRECTION('',(-0.,-1.,0.));
#6569 = ADVANCED_FACE('',(#6570),#6581,.F.);
#6570 = FACE_BOUND('',#6571,.T.);
#6571 = EDGE_LOOP('',(#6572,#6573,#6579,#6580));
#6572 = ORIENTED_EDGE('',*,*,#1376,.T.);
#6573 = ORIENTED_EDGE('',*,*,#6574,.T.);
#6574 = EDGE_CURVE('',#1377,#3690,#6575,.T.);
#6575 = LINE('',#6576,#6577);
#6576 = CARTESIAN_POINT('',(149.70125,-127.05625,-4.6E-02));
#6577 = VECTOR('',#6578,1.);
#6578 = DIRECTION('',(0.,0.,1.));
#6579 = ORIENTED_EDGE('',*,*,#3689,.F.);
#6580 = ORIENTED_EDGE('',*,*,#6574,.F.);
#6581 = CYLINDRICAL_SURFACE('',#6582,0.85);
#6582 = AXIS2_PLACEMENT_3D('',#6583,#6584,#6585);
#6583 = CARTESIAN_POINT('',(149.70125,-126.20625,-4.6E-02));
#6584 = DIRECTION('',(-0.,-0.,-1.));
#6585 = DIRECTION('',(-3.343730521224E-14,-1.,0.));
#6586 = ADVANCED_FACE('',(#6587),#6603,.F.);
#6587 = FACE_BOUND('',#6588,.T.);
#6588 = EDGE_LOOP('',(#6589,#6595,#6596,#6602));
#6589 = ORIENTED_EDGE('',*,*,#6590,.T.);
#6590 = EDGE_CURVE('',#1388,#3701,#6591,.T.);
#6591 = LINE('',#6592,#6593);
#6592 = CARTESIAN_POINT('',(134.68454,-119.772609,0.));
#6593 = VECTOR('',#6594,1.);
#6594 = DIRECTION('',(0.,0.,1.));
#6595 = ORIENTED_EDGE('',*,*,#3700,.T.);
#6596 = ORIENTED_EDGE('',*,*,#6597,.F.);
#6597 = EDGE_CURVE('',#1390,#3703,#6598,.T.);
#6598 = LINE('',#6599,#6600);
#6599 = CARTESIAN_POINT('',(133.981767,-120.421188,0.));
#6600 = VECTOR('',#6601,1.);
#6601 = DIRECTION('',(0.,0.,1.));
#6602 = ORIENTED_EDGE('',*,*,#1387,.F.);
#6603 = CYLINDRICAL_SURFACE('',#6604,0.499999729127);
#6604 = AXIS2_PLACEMENT_3D('',#6605,#6606,#6607);
#6605 = CARTESIAN_POINT('',(134.43228174567,-120.2043097091,0.));
#6606 = DIRECTION('',(-0.,-0.,-1.));
#6607 = DIRECTION('',(0.504516781969,0.863401885979,-0.));
#6608 = ADVANCED_FACE('',(#6609),#6620,.T.);
#6609 = FACE_BOUND('',#6610,.T.);
#6610 = EDGE_LOOP('',(#6611,#6617,#6618,#6619));
#6611 = ORIENTED_EDGE('',*,*,#6612,.T.);
#6612 = EDGE_CURVE('',#1399,#3712,#6613,.T.);
#6613 = LINE('',#6614,#6615);
#6614 = CARTESIAN_POINT('',(134.936798,-119.840908,0.));
#6615 = VECTOR('',#6616,1.);
#6616 = DIRECTION('',(0.,0.,1.));
#6617 = ORIENTED_EDGE('',*,*,#3711,.T.);
#6618 = ORIENTED_EDGE('',*,*,#6590,.F.);
#6619 = ORIENTED_EDGE('',*,*,#1398,.F.);
#6620 = CYLINDRICAL_SURFACE('',#6621,0.500008729288);
#6621 = AXIS2_PLACEMENT_3D('',#6622,#6623,#6624);
#6622 = CARTESIAN_POINT('',(134.93680065687,-119.3408992707,0.));
#6623 = DIRECTION('',(0.,0.,-1.));
#6624 = DIRECTION('',(-5.313662711088E-06,-0.999999999986,-0.));
#6625 = ADVANCED_FACE('',(#6626),#6637,.T.);
#6626 = FACE_BOUND('',#6627,.T.);
#6627 = EDGE_LOOP('',(#6628,#6629,#6630,#6636));
#6628 = ORIENTED_EDGE('',*,*,#6597,.T.);
#6629 = ORIENTED_EDGE('',*,*,#3833,.T.);
#6630 = ORIENTED_EDGE('',*,*,#6631,.F.);
#6631 = EDGE_CURVE('',#1513,#3826,#6632,.T.);
#6632 = LINE('',#6633,#6634);
#6633 = CARTESIAN_POINT('',(134.031252,-120.638066,0.));
#6634 = VECTOR('',#6635,1.);
#6635 = DIRECTION('',(0.,0.,1.));
#6636 = ORIENTED_EDGE('',*,*,#1520,.F.);
#6637 = CYLINDRICAL_SURFACE('',#6638,0.499989885034);
#6638 = AXIS2_PLACEMENT_3D('',#6639,#6640,#6641);
#6639 = CARTESIAN_POINT('',(133.53126211496,-120.6380640791,0.));
#6640 = DIRECTION('',(0.,0.,-1.));
#6641 = DIRECTION('',(0.901027997796,0.43376093322,0.));
#6642 = ADVANCED_FACE('',(#6643),#6654,.T.);
#6643 = FACE_BOUND('',#6644,.T.);
#6644 = EDGE_LOOP('',(#6645,#6651,#6652,#6653));
#6645 = ORIENTED_EDGE('',*,*,#6646,.T.);
#6646 = EDGE_CURVE('',#1408,#3721,#6647,.T.);
#6647 = LINE('',#6648,#6649);
#6648 = CARTESIAN_POINT('',(136.525704,-119.840909,0.));
#6649 = VECTOR('',#6650,1.);
#6650 = DIRECTION('',(0.,0.,1.));
#6651 = ORIENTED_EDGE('',*,*,#3720,.T.);
#6652 = ORIENTED_EDGE('',*,*,#6612,.F.);
#6653 = ORIENTED_EDGE('',*,*,#1407,.F.);
#6654 = PLANE('',#6655);
#6655 = AXIS2_PLACEMENT_3D('',#6656,#6657,#6658);
#6656 = CARTESIAN_POINT('',(136.525704,-119.840909,0.));
#6657 = DIRECTION('',(-6.29363850017E-07,-1.,0.));
#6658 = DIRECTION('',(-1.,6.29363850017E-07,0.));
#6659 = ADVANCED_FACE('',(#6660),#6671,.T.);
#6660 = FACE_BOUND('',#6661,.T.);
#6661 = EDGE_LOOP('',(#6662,#6663,#6664,#6670));
#6662 = ORIENTED_EDGE('',*,*,#6631,.T.);
#6663 = ORIENTED_EDGE('',*,*,#3825,.T.);
#6664 = ORIENTED_EDGE('',*,*,#6665,.F.);
#6665 = EDGE_CURVE('',#1504,#3817,#6666,.T.);
#6666 = LINE('',#6667,#6668);
#6667 = CARTESIAN_POINT('',(134.031252,-122.04375,0.));
#6668 = VECTOR('',#6669,1.);
#6669 = DIRECTION('',(0.,0.,1.));
#6670 = ORIENTED_EDGE('',*,*,#1512,.F.);
#6671 = PLANE('',#6672);
#6672 = AXIS2_PLACEMENT_3D('',#6673,#6674,#6675);
#6673 = CARTESIAN_POINT('',(134.031252,-120.638066,0.));
#6674 = DIRECTION('',(1.,0.,-0.));
#6675 = DIRECTION('',(0.,-1.,0.));
#6676 = ADVANCED_FACE('',(#6677),#6688,.T.);
#6677 = FACE_BOUND('',#6678,.T.);
#6678 = EDGE_LOOP('',(#6679,#6685,#6686,#6687));
#6679 = ORIENTED_EDGE('',*,*,#6680,.T.);
#6680 = EDGE_CURVE('',#1416,#3729,#6681,.T.);
#6681 = LINE('',#6682,#6683);
#6682 = CARTESIAN_POINT('',(136.777962,-119.77261,0.));
#6683 = VECTOR('',#6684,1.);
#6684 = DIRECTION('',(0.,0.,1.));
#6685 = ORIENTED_EDGE('',*,*,#3728,.T.);
#6686 = ORIENTED_EDGE('',*,*,#6646,.F.);
#6687 = ORIENTED_EDGE('',*,*,#1415,.F.);
#6688 = CYLINDRICAL_SURFACE('',#6689,0.500008729288);
#6689 = AXIS2_PLACEMENT_3D('',#6690,#6691,#6692);
#6690 = CARTESIAN_POINT('',(136.52570134312,-119.3409002707,0.));
#6691 = DIRECTION('',(0.,0.,-1.));
#6692 = DIRECTION('',(0.504512505685,-0.863404384751,0.));
#6693 = ADVANCED_FACE('',(#6694),#6705,.T.);
#6694 = FACE_BOUND('',#6695,.T.);
#6695 = EDGE_LOOP('',(#6696,#6697,#6698,#6704));
#6696 = ORIENTED_EDGE('',*,*,#6665,.T.);
#6697 = ORIENTED_EDGE('',*,*,#3816,.T.);
#6698 = ORIENTED_EDGE('',*,*,#6699,.F.);
#6699 = EDGE_CURVE('',#1495,#3808,#6700,.T.);
#6700 = LINE('',#6701,#6702);
#6701 = CARTESIAN_POINT('',(133.981767,-122.260628,0.));
#6702 = VECTOR('',#6703,1.);
#6703 = DIRECTION('',(0.,0.,1.));
#6704 = ORIENTED_EDGE('',*,*,#1503,.F.);
#6705 = CYLINDRICAL_SURFACE('',#6706,0.499989885034);
#6706 = AXIS2_PLACEMENT_3D('',#6707,#6708,#6709);
#6707 = CARTESIAN_POINT('',(133.53126211496,-122.0437519208,0.));
#6708 = DIRECTION('',(0.,0.,-1.));
#6709 = DIRECTION('',(0.999999999993,3.841811448942E-06,0.));
#6710 = ADVANCED_FACE('',(#6711),#6722,.F.);
#6711 = FACE_BOUND('',#6712,.T.);
#6712 = EDGE_LOOP('',(#6713,#6719,#6720,#6721));
#6713 = ORIENTED_EDGE('',*,*,#6714,.T.);
#6714 = EDGE_CURVE('',#1425,#3738,#6715,.T.);
#6715 = LINE('',#6716,#6717);
#6716 = CARTESIAN_POINT('',(137.480735,-120.421188,0.));
#6717 = VECTOR('',#6718,1.);
#6718 = DIRECTION('',(0.,0.,1.));
#6719 = ORIENTED_EDGE('',*,*,#3737,.T.);
#6720 = ORIENTED_EDGE('',*,*,#6680,.F.);
#6721 = ORIENTED_EDGE('',*,*,#1424,.F.);
#6722 = CYLINDRICAL_SURFACE('',#6723,0.499999422661);
#6723 = AXIS2_PLACEMENT_3D('',#6724,#6725,#6726);
#6724 = CARTESIAN_POINT('',(137.03022029551,-120.20431033,0.));
#6725 = DIRECTION('',(-0.,-0.,-1.));
#6726 = DIRECTION('',(0.901030449374,-0.433755840654,0.));
#6727 = ADVANCED_FACE('',(#6728),#6739,.F.);
#6728 = FACE_BOUND('',#6729,.T.);
#6729 = EDGE_LOOP('',(#6730,#6731,#6732,#6738));
#6730 = ORIENTED_EDGE('',*,*,#6699,.T.);
#6731 = ORIENTED_EDGE('',*,*,#3807,.T.);
#6732 = ORIENTED_EDGE('',*,*,#6733,.F.);
#6733 = EDGE_CURVE('',#1486,#3799,#6734,.T.);
#6734 = LINE('',#6735,#6736);
#6735 = CARTESIAN_POINT('',(134.684541,-122.909207,0.));
#6736 = VECTOR('',#6737,1.);
#6737 = DIRECTION('',(0.,0.,1.));
#6738 = ORIENTED_EDGE('',*,*,#1494,.F.);
#6739 = CYLINDRICAL_SURFACE('',#6740,0.500000669307);
#6740 = AXIS2_PLACEMENT_3D('',#6741,#6742,#6743);
#6741 = CARTESIAN_POINT('',(134.4322835355,-122.4775047404,0.));
#6742 = DIRECTION('',(-0.,-0.,-1.));
#6743 = DIRECTION('',(-0.901031864884,0.433752900236,0.));
#6744 = ADVANCED_FACE('',(#6745),#6756,.T.);
#6745 = FACE_BOUND('',#6746,.T.);
#6746 = EDGE_LOOP('',(#6747,#6753,#6754,#6755));
#6747 = ORIENTED_EDGE('',*,*,#6748,.T.);
#6748 = EDGE_CURVE('',#1434,#3747,#6749,.T.);
#6749 = LINE('',#6750,#6751);
#6750 = CARTESIAN_POINT('',(137.43125,-120.638065,0.));
#6751 = VECTOR('',#6752,1.);
#6752 = DIRECTION('',(0.,0.,1.));
#6753 = ORIENTED_EDGE('',*,*,#3746,.T.);
#6754 = ORIENTED_EDGE('',*,*,#6714,.F.);
#6755 = ORIENTED_EDGE('',*,*,#1433,.F.);
#6756 = CYLINDRICAL_SURFACE('',#6757,0.499989884978);
#6757 = AXIS2_PLACEMENT_3D('',#6758,#6759,#6760);
#6758 = CARTESIAN_POINT('',(137.93123988497,-120.6380640791,0.));
#6759 = DIRECTION('',(0.,0.,-1.));
#6760 = DIRECTION('',(-0.999999999998,-1.841808596201E-06,-0.));
#6761 = ADVANCED_FACE('',(#6762),#6773,.T.);
#6762 = FACE_BOUND('',#6763,.T.);
#6763 = EDGE_LOOP('',(#6764,#6765,#6766,#6772));
#6764 = ORIENTED_EDGE('',*,*,#6733,.T.);
#6765 = ORIENTED_EDGE('',*,*,#3798,.T.);
#6766 = ORIENTED_EDGE('',*,*,#6767,.F.);
#6767 = EDGE_CURVE('',#1478,#3791,#6768,.T.);
#6768 = LINE('',#6769,#6770);
#6769 = CARTESIAN_POINT('',(134.936799,-122.840908,0.));
#6770 = VECTOR('',#6771,1.);
#6771 = DIRECTION('',(0.,0.,1.));
#6772 = ORIENTED_EDGE('',*,*,#1485,.F.);
#6773 = CYLINDRICAL_SURFACE('',#6774,0.500008729288);
#6774 = AXIS2_PLACEMENT_3D('',#6775,#6776,#6777);
#6775 = CARTESIAN_POINT('',(134.93680165687,-123.3409167292,0.));
#6776 = DIRECTION('',(0.,0.,-1.));
#6777 = DIRECTION('',(-0.504512505685,0.863404384751,0.));
#6778 = ADVANCED_FACE('',(#6779),#6790,.T.);
#6779 = FACE_BOUND('',#6780,.T.);
#6780 = EDGE_LOOP('',(#6781,#6787,#6788,#6789));
#6781 = ORIENTED_EDGE('',*,*,#6782,.T.);
#6782 = EDGE_CURVE('',#1443,#3756,#6783,.T.);
#6783 = LINE('',#6784,#6785);
#6784 = CARTESIAN_POINT('',(137.43125,-122.04375,0.));
#6785 = VECTOR('',#6786,1.);
#6786 = DIRECTION('',(0.,0.,1.));
#6787 = ORIENTED_EDGE('',*,*,#3755,.T.);
#6788 = ORIENTED_EDGE('',*,*,#6748,.F.);
#6789 = ORIENTED_EDGE('',*,*,#1442,.F.);
#6790 = PLANE('',#6791);
#6791 = AXIS2_PLACEMENT_3D('',#6792,#6793,#6794);
#6792 = CARTESIAN_POINT('',(137.43125,-122.04375,0.));
#6793 = DIRECTION('',(-1.,0.,0.));
#6794 = DIRECTION('',(0.,1.,0.));
#6795 = ADVANCED_FACE('',(#6796),#6807,.T.);
#6796 = FACE_BOUND('',#6797,.T.);
#6797 = EDGE_LOOP('',(#6798,#6799,#6800,#6806));
#6798 = ORIENTED_EDGE('',*,*,#6767,.T.);
#6799 = ORIENTED_EDGE('',*,*,#3790,.T.);
#6800 = ORIENTED_EDGE('',*,*,#6801,.F.);
#6801 = EDGE_CURVE('',#1469,#3782,#6802,.T.);
#6802 = LINE('',#6803,#6804);
#6803 = CARTESIAN_POINT('',(136.525703,-122.840908,0.));
#6804 = VECTOR('',#6805,1.);
#6805 = DIRECTION('',(0.,0.,1.));
#6806 = ORIENTED_EDGE('',*,*,#1477,.F.);
#6807 = PLANE('',#6808);
#6808 = AXIS2_PLACEMENT_3D('',#6809,#6810,#6811);
#6809 = CARTESIAN_POINT('',(134.936799,-122.840908,0.));
#6810 = DIRECTION('',(0.,1.,0.));
#6811 = DIRECTION('',(1.,0.,0.));
#6812 = ADVANCED_FACE('',(#6813),#6824,.T.);
#6813 = FACE_BOUND('',#6814,.T.);
#6814 = EDGE_LOOP('',(#6815,#6821,#6822,#6823));
#6815 = ORIENTED_EDGE('',*,*,#6816,.T.);
#6816 = EDGE_CURVE('',#1451,#3764,#6817,.T.);
#6817 = LINE('',#6818,#6819);
#6818 = CARTESIAN_POINT('',(137.480735,-122.260628,0.));
#6819 = VECTOR('',#6820,1.);
#6820 = DIRECTION('',(0.,0.,1.));
#6821 = ORIENTED_EDGE('',*,*,#3763,.T.);
#6822 = ORIENTED_EDGE('',*,*,#6782,.F.);
#6823 = ORIENTED_EDGE('',*,*,#1450,.F.);
#6824 = CYLINDRICAL_SURFACE('',#6825,0.499989885034);
#6825 = AXIS2_PLACEMENT_3D('',#6826,#6827,#6828);
#6826 = CARTESIAN_POINT('',(137.93123988503,-122.0437519208,0.));
#6827 = DIRECTION('',(0.,0.,-1.));
#6828 = DIRECTION('',(-0.901027997796,-0.43376093322,-0.));
#6829 = ADVANCED_FACE('',(#6830),#6841,.T.);
#6830 = FACE_BOUND('',#6831,.T.);
#6831 = EDGE_LOOP('',(#6832,#6833,#6834,#6840));
#6832 = ORIENTED_EDGE('',*,*,#6801,.T.);
#6833 = ORIENTED_EDGE('',*,*,#3781,.T.);
#6834 = ORIENTED_EDGE('',*,*,#6835,.F.);
#6835 = EDGE_CURVE('',#1460,#3773,#6836,.T.);
#6836 = LINE('',#6837,#6838);
#6837 = CARTESIAN_POINT('',(136.777962,-122.909207,0.));
#6838 = VECTOR('',#6839,1.);
#6839 = DIRECTION('',(0.,0.,1.));
#6840 = ORIENTED_EDGE('',*,*,#1468,.F.);
#6841 = CYLINDRICAL_SURFACE('',#6842,0.500008729226);
#6842 = AXIS2_PLACEMENT_3D('',#6843,#6844,#6845);
#6843 = CARTESIAN_POINT('',(136.52570134314,-123.3409167292,0.));
#6844 = DIRECTION('',(0.,0.,-1.));
#6845 = DIRECTION('',(3.313649317029E-06,0.999999999995,0.));
#6846 = ADVANCED_FACE('',(#6847),#6853,.F.);
#6847 = FACE_BOUND('',#6848,.T.);
#6848 = EDGE_LOOP('',(#6849,#6850,#6851,#6852));
#6849 = ORIENTED_EDGE('',*,*,#6835,.T.);
#6850 = ORIENTED_EDGE('',*,*,#3772,.T.);
#6851 = ORIENTED_EDGE('',*,*,#6816,.F.);
#6852 = ORIENTED_EDGE('',*,*,#1459,.F.);
#6853 = CYLINDRICAL_SURFACE('',#6854,0.499999448976);
#6854 = AXIS2_PLACEMENT_3D('',#6855,#6856,#6857);
#6855 = CARTESIAN_POINT('',(137.03022090428,-122.4775069951,0.));
#6856 = DIRECTION('',(-0.,-0.,-1.));
#6857 = DIRECTION('',(-0.504518364574,-0.863400961204,0.));
#6858 = ADVANCED_FACE('',(#6859),#6870,.F.);
#6859 = FACE_BOUND('',#6860,.T.);
#6860 = EDGE_LOOP('',(#6861,#6862,#6868,#6869));
#6861 = ORIENTED_EDGE('',*,*,#1529,.T.);
#6862 = ORIENTED_EDGE('',*,*,#6863,.T.);
#6863 = EDGE_CURVE('',#1530,#3843,#6864,.T.);
#6864 = LINE('',#6865,#6866);
#6865 = CARTESIAN_POINT('',(145.25625,-121.84375,-4.6E-02));
#6866 = VECTOR('',#6867,1.);
#6867 = DIRECTION('',(0.,0.,1.));
#6868 = ORIENTED_EDGE('',*,*,#3842,.F.);
#6869 = ORIENTED_EDGE('',*,*,#6863,.F.);
#6870 = CYLINDRICAL_SURFACE('',#6871,0.4);
#6871 = AXIS2_PLACEMENT_3D('',#6872,#6873,#6874);
#6872 = CARTESIAN_POINT('',(145.25625,-121.44375,-4.6E-02));
#6873 = DIRECTION('',(-0.,-0.,-1.));
#6874 = DIRECTION('',(-0.,-1.,0.));
#6875 = ADVANCED_FACE('',(#6876),#6887,.F.);
#6876 = FACE_BOUND('',#6877,.T.);
#6877 = EDGE_LOOP('',(#6878,#6879,#6885,#6886));
#6878 = ORIENTED_EDGE('',*,*,#1540,.T.);
#6879 = ORIENTED_EDGE('',*,*,#6880,.T.);
#6880 = EDGE_CURVE('',#1541,#3854,#6881,.T.);
#6881 = LINE('',#6882,#6883);
#6882 = CARTESIAN_POINT('',(158.59125,-148.54625,-4.6E-02));
#6883 = VECTOR('',#6884,1.);
#6884 = DIRECTION('',(0.,0.,1.));
#6885 = ORIENTED_EDGE('',*,*,#3853,.F.);
#6886 = ORIENTED_EDGE('',*,*,#6880,.F.);
#6887 = CYLINDRICAL_SURFACE('',#6888,0.75);
#6888 = AXIS2_PLACEMENT_3D('',#6889,#6890,#6891);
#6889 = CARTESIAN_POINT('',(158.59125,-147.79625,-4.6E-02));
#6890 = DIRECTION('',(-0.,-0.,-1.));
#6891 = DIRECTION('',(-0.,-1.,0.));
#6892 = ADVANCED_FACE('',(#6893),#6904,.F.);
#6893 = FACE_BOUND('',#6894,.T.);
#6894 = EDGE_LOOP('',(#6895,#6896,#6902,#6903));
#6895 = ORIENTED_EDGE('',*,*,#1551,.T.);
#6896 = ORIENTED_EDGE('',*,*,#6897,.T.);
#6897 = EDGE_CURVE('',#1552,#3865,#6898,.T.);
#6898 = LINE('',#6899,#6900);
#6899 = CARTESIAN_POINT('',(154.78125,-147.25625,-4.6E-02));
#6900 = VECTOR('',#6901,1.);
#6901 = DIRECTION('',(0.,0.,1.));
#6902 = ORIENTED_EDGE('',*,*,#3864,.F.);
#6903 = ORIENTED_EDGE('',*,*,#6897,.F.);
#6904 = CYLINDRICAL_SURFACE('',#6905,2.);
#6905 = AXIS2_PLACEMENT_3D('',#6906,#6907,#6908);
#6906 = CARTESIAN_POINT('',(154.78125,-145.25625,-4.6E-02));
#6907 = DIRECTION('',(-0.,-0.,-1.));
#6908 = DIRECTION('',(-0.,-1.,0.));
#6909 = ADVANCED_FACE('',(#6910),#6921,.F.);
#6910 = FACE_BOUND('',#6911,.T.);
#6911 = EDGE_LOOP('',(#6912,#6913,#6919,#6920));
#6912 = ORIENTED_EDGE('',*,*,#1562,.T.);
#6913 = ORIENTED_EDGE('',*,*,#6914,.T.);
#6914 = EDGE_CURVE('',#1563,#3876,#6915,.T.);
#6915 = LINE('',#6916,#6917);
#6916 = CARTESIAN_POINT('',(159.86125,-146.10625,-4.6E-02));
#6917 = VECTOR('',#6918,1.);
#6918 = DIRECTION('',(0.,0.,1.));
#6919 = ORIENTED_EDGE('',*,*,#3875,.F.);
#6920 = ORIENTED_EDGE('',*,*,#6914,.F.);
#6921 = CYLINDRICAL_SURFACE('',#6922,0.85);
#6922 = AXIS2_PLACEMENT_3D('',#6923,#6924,#6925);
#6923 = CARTESIAN_POINT('',(159.86125,-145.25625,-4.6E-02));
#6924 = DIRECTION('',(-0.,0.,-1.));
#6925 = DIRECTION('',(3.343730521224E-14,-1.,-0.));
#6926 = ADVANCED_FACE('',(#6927),#6938,.F.);
#6927 = FACE_BOUND('',#6928,.T.);
#6928 = EDGE_LOOP('',(#6929,#6930,#6936,#6937));
#6929 = ORIENTED_EDGE('',*,*,#1573,.T.);
#6930 = ORIENTED_EDGE('',*,*,#6931,.T.);
#6931 = EDGE_CURVE('',#1574,#3887,#6932,.T.);
#6932 = LINE('',#6933,#6934);
#6933 = CARTESIAN_POINT('',(164.30625,-148.51375,-4.6E-02));
#6934 = VECTOR('',#6935,1.);
#6935 = DIRECTION('',(0.,0.,1.));
#6936 = ORIENTED_EDGE('',*,*,#3886,.F.);
#6937 = ORIENTED_EDGE('',*,*,#6931,.F.);
#6938 = CYLINDRICAL_SURFACE('',#6939,0.4);
#6939 = AXIS2_PLACEMENT_3D('',#6940,#6941,#6942);
#6940 = CARTESIAN_POINT('',(164.30625,-148.11375,-4.6E-02));
#6941 = DIRECTION('',(-0.,-0.,-1.));
#6942 = DIRECTION('',(-0.,-1.,0.));
#6943 = ADVANCED_FACE('',(#6944),#6960,.F.);
#6944 = FACE_BOUND('',#6945,.T.);
#6945 = EDGE_LOOP('',(#6946,#6952,#6953,#6959));
#6946 = ORIENTED_EDGE('',*,*,#6947,.T.);
#6947 = EDGE_CURVE('',#1585,#3898,#6948,.T.);
#6948 = LINE('',#6949,#6950);
#6949 = CARTESIAN_POINT('',(153.73454,-138.822609,0.));
#6950 = VECTOR('',#6951,1.);
#6951 = DIRECTION('',(0.,0.,1.));
#6952 = ORIENTED_EDGE('',*,*,#3897,.T.);
#6953 = ORIENTED_EDGE('',*,*,#6954,.F.);
#6954 = EDGE_CURVE('',#1587,#3900,#6955,.T.);
#6955 = LINE('',#6956,#6957);
#6956 = CARTESIAN_POINT('',(153.031767,-139.471188,0.));
#6957 = VECTOR('',#6958,1.);
#6958 = DIRECTION('',(0.,0.,1.));
#6959 = ORIENTED_EDGE('',*,*,#1584,.F.);
#6960 = CYLINDRICAL_SURFACE('',#6961,0.499999729127);
#6961 = AXIS2_PLACEMENT_3D('',#6962,#6963,#6964);
#6962 = CARTESIAN_POINT('',(153.48228174567,-139.2543097091,0.));
#6963 = DIRECTION('',(-0.,-0.,-1.));
#6964 = DIRECTION('',(0.504516781969,0.863401885979,-0.));
#6965 = ADVANCED_FACE('',(#6966),#6977,.T.);
#6966 = FACE_BOUND('',#6967,.T.);
#6967 = EDGE_LOOP('',(#6968,#6974,#6975,#6976));
#6968 = ORIENTED_EDGE('',*,*,#6969,.T.);
#6969 = EDGE_CURVE('',#1596,#3909,#6970,.T.);
#6970 = LINE('',#6971,#6972);
#6971 = CARTESIAN_POINT('',(153.986798,-138.890908,0.));
#6972 = VECTOR('',#6973,1.);
#6973 = DIRECTION('',(0.,0.,1.));
#6974 = ORIENTED_EDGE('',*,*,#3908,.T.);
#6975 = ORIENTED_EDGE('',*,*,#6947,.F.);
#6976 = ORIENTED_EDGE('',*,*,#1595,.F.);
#6977 = CYLINDRICAL_SURFACE('',#6978,0.500008729288);
#6978 = AXIS2_PLACEMENT_3D('',#6979,#6980,#6981);
#6979 = CARTESIAN_POINT('',(153.98680065687,-138.3908992707,0.));
#6980 = DIRECTION('',(0.,0.,-1.));
#6981 = DIRECTION('',(-5.313662597407E-06,-0.999999999986,-0.));
#6982 = ADVANCED_FACE('',(#6983),#6994,.T.);
#6983 = FACE_BOUND('',#6984,.T.);
#6984 = EDGE_LOOP('',(#6985,#6986,#6987,#6993));
#6985 = ORIENTED_EDGE('',*,*,#6954,.T.);
#6986 = ORIENTED_EDGE('',*,*,#4030,.T.);
#6987 = ORIENTED_EDGE('',*,*,#6988,.F.);
#6988 = EDGE_CURVE('',#1710,#4023,#6989,.T.);
#6989 = LINE('',#6990,#6991);
#6990 = CARTESIAN_POINT('',(153.081252,-139.688066,0.));
#6991 = VECTOR('',#6992,1.);
#6992 = DIRECTION('',(0.,0.,1.));
#6993 = ORIENTED_EDGE('',*,*,#1717,.F.);
#6994 = CYLINDRICAL_SURFACE('',#6995,0.499989885034);
#6995 = AXIS2_PLACEMENT_3D('',#6996,#6997,#6998);
#6996 = CARTESIAN_POINT('',(152.58126211497,-139.6880640791,0.));
#6997 = DIRECTION('',(0.,0.,-1.));
#6998 = DIRECTION('',(0.901027997796,0.43376093322,0.));
#6999 = ADVANCED_FACE('',(#7000),#7011,.T.);
#7000 = FACE_BOUND('',#7001,.T.);
#7001 = EDGE_LOOP('',(#7002,#7008,#7009,#7010));
#7002 = ORIENTED_EDGE('',*,*,#7003,.T.);
#7003 = EDGE_CURVE('',#1605,#3918,#7004,.T.);
#7004 = LINE('',#7005,#7006);
#7005 = CARTESIAN_POINT('',(155.575704,-138.890909,0.));
#7006 = VECTOR('',#7007,1.);
#7007 = DIRECTION('',(0.,0.,1.));
#7008 = ORIENTED_EDGE('',*,*,#3917,.T.);
#7009 = ORIENTED_EDGE('',*,*,#6969,.F.);
#7010 = ORIENTED_EDGE('',*,*,#1604,.F.);
#7011 = PLANE('',#7012);
#7012 = AXIS2_PLACEMENT_3D('',#7013,#7014,#7015);
#7013 = CARTESIAN_POINT('',(155.575704,-138.890909,0.));
#7014 = DIRECTION('',(-6.29363850017E-07,-1.,0.));
#7015 = DIRECTION('',(-1.,6.29363850017E-07,0.));
#7016 = ADVANCED_FACE('',(#7017),#7028,.T.);
#7017 = FACE_BOUND('',#7018,.T.);
#7018 = EDGE_LOOP('',(#7019,#7020,#7021,#7027));
#7019 = ORIENTED_EDGE('',*,*,#6988,.T.);
#7020 = ORIENTED_EDGE('',*,*,#4022,.T.);
#7021 = ORIENTED_EDGE('',*,*,#7022,.F.);
#7022 = EDGE_CURVE('',#1701,#4014,#7023,.T.);
#7023 = LINE('',#7024,#7025);
#7024 = CARTESIAN_POINT('',(153.081252,-141.093751,0.));
#7025 = VECTOR('',#7026,1.);
#7026 = DIRECTION('',(0.,0.,1.));
#7027 = ORIENTED_EDGE('',*,*,#1709,.F.);
#7028 = PLANE('',#7029);
#7029 = AXIS2_PLACEMENT_3D('',#7030,#7031,#7032);
#7030 = CARTESIAN_POINT('',(153.081252,-139.688066,0.));
#7031 = DIRECTION('',(1.,0.,-0.));
#7032 = DIRECTION('',(0.,-1.,0.));
#7033 = ADVANCED_FACE('',(#7034),#7045,.T.);
#7034 = FACE_BOUND('',#7035,.T.);
#7035 = EDGE_LOOP('',(#7036,#7042,#7043,#7044));
#7036 = ORIENTED_EDGE('',*,*,#7037,.T.);
#7037 = EDGE_CURVE('',#1613,#3926,#7038,.T.);
#7038 = LINE('',#7039,#7040);
#7039 = CARTESIAN_POINT('',(155.827962,-138.82261,0.));
#7040 = VECTOR('',#7041,1.);
#7041 = DIRECTION('',(0.,0.,1.));
#7042 = ORIENTED_EDGE('',*,*,#3925,.T.);
#7043 = ORIENTED_EDGE('',*,*,#7003,.F.);
#7044 = ORIENTED_EDGE('',*,*,#1612,.F.);
#7045 = CYLINDRICAL_SURFACE('',#7046,0.500008729288);
#7046 = AXIS2_PLACEMENT_3D('',#7047,#7048,#7049);
#7047 = CARTESIAN_POINT('',(155.57570134312,-138.3909002707,0.));
#7048 = DIRECTION('',(0.,0.,-1.));
#7049 = DIRECTION('',(0.504512505686,-0.863404384751,0.));
#7050 = ADVANCED_FACE('',(#7051),#7062,.T.);
#7051 = FACE_BOUND('',#7052,.T.);
#7052 = EDGE_LOOP('',(#7053,#7054,#7055,#7061));
#7053 = ORIENTED_EDGE('',*,*,#7022,.T.);
#7054 = ORIENTED_EDGE('',*,*,#4013,.T.);
#7055 = ORIENTED_EDGE('',*,*,#7056,.F.);
#7056 = EDGE_CURVE('',#1692,#4005,#7057,.T.);
#7057 = LINE('',#7058,#7059);
#7058 = CARTESIAN_POINT('',(153.031767,-141.310628,0.));
#7059 = VECTOR('',#7060,1.);
#7060 = DIRECTION('',(0.,0.,1.));
#7061 = ORIENTED_EDGE('',*,*,#1700,.F.);
#7062 = CYLINDRICAL_SURFACE('',#7063,0.499989884978);
#7063 = AXIS2_PLACEMENT_3D('',#7064,#7065,#7066);
#7064 = CARTESIAN_POINT('',(152.58126211502,-141.0937519208,0.));
#7065 = DIRECTION('',(0.,0.,-1.));
#7066 = DIRECTION('',(0.999999999998,1.841808539356E-06,0.));
#7067 = ADVANCED_FACE('',(#7068),#7079,.F.);
#7068 = FACE_BOUND('',#7069,.T.);
#7069 = EDGE_LOOP('',(#7070,#7076,#7077,#7078));
#7070 = ORIENTED_EDGE('',*,*,#7071,.T.);
#7071 = EDGE_CURVE('',#1622,#3935,#7072,.T.);
#7072 = LINE('',#7073,#7074);
#7073 = CARTESIAN_POINT('',(156.530735,-139.471188,0.));
#7074 = VECTOR('',#7075,1.);
#7075 = DIRECTION('',(0.,0.,1.));
#7076 = ORIENTED_EDGE('',*,*,#3934,.T.);
#7077 = ORIENTED_EDGE('',*,*,#7037,.F.);
#7078 = ORIENTED_EDGE('',*,*,#1621,.F.);
#7079 = CYLINDRICAL_SURFACE('',#7080,0.499999422661);
#7080 = AXIS2_PLACEMENT_3D('',#7081,#7082,#7083);
#7081 = CARTESIAN_POINT('',(156.08022029551,-139.25431033,0.));
#7082 = DIRECTION('',(-0.,-0.,-1.));
#7083 = DIRECTION('',(0.901030449374,-0.433755840654,0.));
#7084 = ADVANCED_FACE('',(#7085),#7096,.F.);
#7085 = FACE_BOUND('',#7086,.T.);
#7086 = EDGE_LOOP('',(#7087,#7088,#7089,#7095));
#7087 = ORIENTED_EDGE('',*,*,#7056,.T.);
#7088 = ORIENTED_EDGE('',*,*,#4004,.T.);
#7089 = ORIENTED_EDGE('',*,*,#7090,.F.);
#7090 = EDGE_CURVE('',#1683,#3996,#7091,.T.);
#7091 = LINE('',#7092,#7093);
#7092 = CARTESIAN_POINT('',(153.734541,-141.959207,0.));
#7093 = VECTOR('',#7094,1.);
#7094 = DIRECTION('',(0.,0.,1.));
#7095 = ORIENTED_EDGE('',*,*,#1691,.F.);
#7096 = CYLINDRICAL_SURFACE('',#7097,0.500000669307);
#7097 = AXIS2_PLACEMENT_3D('',#7098,#7099,#7100);
#7098 = CARTESIAN_POINT('',(153.4822835355,-141.5275047404,0.));
#7099 = DIRECTION('',(-0.,-0.,-1.));
#7100 = DIRECTION('',(-0.901031864884,0.433752900236,0.));
#7101 = ADVANCED_FACE('',(#7102),#7113,.T.);
#7102 = FACE_BOUND('',#7103,.T.);
#7103 = EDGE_LOOP('',(#7104,#7110,#7111,#7112));
#7104 = ORIENTED_EDGE('',*,*,#7105,.T.);
#7105 = EDGE_CURVE('',#1631,#3944,#7106,.T.);
#7106 = LINE('',#7107,#7108);
#7107 = CARTESIAN_POINT('',(156.48125,-139.688066,0.));
#7108 = VECTOR('',#7109,1.);
#7109 = DIRECTION('',(0.,0.,1.));
#7110 = ORIENTED_EDGE('',*,*,#3943,.T.);
#7111 = ORIENTED_EDGE('',*,*,#7071,.F.);
#7112 = ORIENTED_EDGE('',*,*,#1630,.F.);
#7113 = CYLINDRICAL_SURFACE('',#7114,0.499989885034);
#7114 = AXIS2_PLACEMENT_3D('',#7115,#7116,#7117);
#7115 = CARTESIAN_POINT('',(156.98123988503,-139.6880640791,0.));
#7116 = DIRECTION('',(0.,0.,-1.));
#7117 = DIRECTION('',(-0.999999999993,-3.84181142052E-06,-0.));
#7118 = ADVANCED_FACE('',(#7119),#7130,.T.);
#7119 = FACE_BOUND('',#7120,.T.);
#7120 = EDGE_LOOP('',(#7121,#7122,#7123,#7129));
#7121 = ORIENTED_EDGE('',*,*,#7090,.T.);
#7122 = ORIENTED_EDGE('',*,*,#3995,.T.);
#7123 = ORIENTED_EDGE('',*,*,#7124,.F.);
#7124 = EDGE_CURVE('',#1675,#3988,#7125,.T.);
#7125 = LINE('',#7126,#7127);
#7126 = CARTESIAN_POINT('',(153.986799,-141.890908,0.));
#7127 = VECTOR('',#7128,1.);
#7128 = DIRECTION('',(0.,0.,1.));
#7129 = ORIENTED_EDGE('',*,*,#1682,.F.);
#7130 = CYLINDRICAL_SURFACE('',#7131,0.500008729289);
#7131 = AXIS2_PLACEMENT_3D('',#7132,#7133,#7134);
#7132 = CARTESIAN_POINT('',(153.98680165687,-142.3909167292,0.));
#7133 = DIRECTION('',(0.,0.,-1.));
#7134 = DIRECTION('',(-0.504512505685,0.863404384751,0.));
#7135 = ADVANCED_FACE('',(#7136),#7147,.T.);
#7136 = FACE_BOUND('',#7137,.T.);
#7137 = EDGE_LOOP('',(#7138,#7144,#7145,#7146));
#7138 = ORIENTED_EDGE('',*,*,#7139,.T.);
#7139 = EDGE_CURVE('',#1640,#3953,#7140,.T.);
#7140 = LINE('',#7141,#7142);
#7141 = CARTESIAN_POINT('',(156.48125,-141.09375,0.));
#7142 = VECTOR('',#7143,1.);
#7143 = DIRECTION('',(0.,0.,1.));
#7144 = ORIENTED_EDGE('',*,*,#3952,.T.);
#7145 = ORIENTED_EDGE('',*,*,#7105,.F.);
#7146 = ORIENTED_EDGE('',*,*,#1639,.F.);
#7147 = PLANE('',#7148);
#7148 = AXIS2_PLACEMENT_3D('',#7149,#7150,#7151);
#7149 = CARTESIAN_POINT('',(156.48125,-141.09375,0.));
#7150 = DIRECTION('',(-1.,0.,0.));
#7151 = DIRECTION('',(0.,1.,0.));
#7152 = ADVANCED_FACE('',(#7153),#7164,.T.);
#7153 = FACE_BOUND('',#7154,.T.);
#7154 = EDGE_LOOP('',(#7155,#7156,#7157,#7163));
#7155 = ORIENTED_EDGE('',*,*,#7124,.T.);
#7156 = ORIENTED_EDGE('',*,*,#3987,.T.);
#7157 = ORIENTED_EDGE('',*,*,#7158,.F.);
#7158 = EDGE_CURVE('',#1666,#3979,#7159,.T.);
#7159 = LINE('',#7160,#7161);
#7160 = CARTESIAN_POINT('',(155.575703,-141.890908,0.));
#7161 = VECTOR('',#7162,1.);
#7162 = DIRECTION('',(0.,0.,1.));
#7163 = ORIENTED_EDGE('',*,*,#1674,.F.);
#7164 = PLANE('',#7165);
#7165 = AXIS2_PLACEMENT_3D('',#7166,#7167,#7168);
#7166 = CARTESIAN_POINT('',(153.986799,-141.890908,0.));
#7167 = DIRECTION('',(0.,1.,0.));
#7168 = DIRECTION('',(1.,0.,0.));
#7169 = ADVANCED_FACE('',(#7170),#7181,.T.);
#7170 = FACE_BOUND('',#7171,.T.);
#7171 = EDGE_LOOP('',(#7172,#7178,#7179,#7180));
#7172 = ORIENTED_EDGE('',*,*,#7173,.T.);
#7173 = EDGE_CURVE('',#1648,#3961,#7174,.T.);
#7174 = LINE('',#7175,#7176);
#7175 = CARTESIAN_POINT('',(156.530735,-141.310628,0.));
#7176 = VECTOR('',#7177,1.);
#7177 = DIRECTION('',(0.,0.,1.));
#7178 = ORIENTED_EDGE('',*,*,#3960,.T.);
#7179 = ORIENTED_EDGE('',*,*,#7139,.F.);
#7180 = ORIENTED_EDGE('',*,*,#1647,.F.);
#7181 = CYLINDRICAL_SURFACE('',#7182,0.499989885034);
#7182 = AXIS2_PLACEMENT_3D('',#7183,#7184,#7185);
#7183 = CARTESIAN_POINT('',(156.98123988503,-141.0937519208,0.));
#7184 = DIRECTION('',(0.,0.,-1.));
#7185 = DIRECTION('',(-0.901027997796,-0.43376093322,-0.));
#7186 = ADVANCED_FACE('',(#7187),#7198,.T.);
#7187 = FACE_BOUND('',#7188,.T.);
#7188 = EDGE_LOOP('',(#7189,#7190,#7191,#7197));
#7189 = ORIENTED_EDGE('',*,*,#7158,.T.);
#7190 = ORIENTED_EDGE('',*,*,#3978,.T.);
#7191 = ORIENTED_EDGE('',*,*,#7192,.F.);
#7192 = EDGE_CURVE('',#1657,#3970,#7193,.T.);
#7193 = LINE('',#7194,#7195);
#7194 = CARTESIAN_POINT('',(155.827962,-141.959207,0.));
#7195 = VECTOR('',#7196,1.);
#7196 = DIRECTION('',(0.,0.,1.));
#7197 = ORIENTED_EDGE('',*,*,#1665,.F.);
#7198 = CYLINDRICAL_SURFACE('',#7199,0.500008729227);
#7199 = AXIS2_PLACEMENT_3D('',#7200,#7201,#7202);
#7200 = CARTESIAN_POINT('',(155.57570134314,-142.3909167292,0.));
#7201 = DIRECTION('',(0.,0.,-1.));
#7202 = DIRECTION('',(3.313649487554E-06,0.999999999995,0.));
#7203 = ADVANCED_FACE('',(#7204),#7210,.F.);
#7204 = FACE_BOUND('',#7205,.T.);
#7205 = EDGE_LOOP('',(#7206,#7207,#7208,#7209));
#7206 = ORIENTED_EDGE('',*,*,#7192,.T.);
#7207 = ORIENTED_EDGE('',*,*,#3969,.T.);
#7208 = ORIENTED_EDGE('',*,*,#7173,.F.);
#7209 = ORIENTED_EDGE('',*,*,#1656,.F.);
#7210 = CYLINDRICAL_SURFACE('',#7211,0.499999448976);
#7211 = AXIS2_PLACEMENT_3D('',#7212,#7213,#7214);
#7212 = CARTESIAN_POINT('',(156.08022090428,-141.5275069951,0.));
#7213 = DIRECTION('',(-0.,-0.,-1.));
#7214 = DIRECTION('',(-0.504518364574,-0.863400961204,0.));
#7215 = ADVANCED_FACE('',(#7216),#7227,.F.);
#7216 = FACE_BOUND('',#7217,.T.);
#7217 = EDGE_LOOP('',(#7218,#7219,#7225,#7226));
#7218 = ORIENTED_EDGE('',*,*,#1726,.T.);
#7219 = ORIENTED_EDGE('',*,*,#7220,.T.);
#7220 = EDGE_CURVE('',#1727,#4040,#7221,.T.);
#7221 = LINE('',#7222,#7223);
#7222 = CARTESIAN_POINT('',(164.30625,-140.89375,-4.6E-02));
#7223 = VECTOR('',#7224,1.);
#7224 = DIRECTION('',(0.,0.,1.));
#7225 = ORIENTED_EDGE('',*,*,#4039,.F.);
#7226 = ORIENTED_EDGE('',*,*,#7220,.F.);
#7227 = CYLINDRICAL_SURFACE('',#7228,0.4);
#7228 = AXIS2_PLACEMENT_3D('',#7229,#7230,#7231);
#7229 = CARTESIAN_POINT('',(164.30625,-140.49375,-4.6E-02));
#7230 = DIRECTION('',(-0.,-0.,-1.));
#7231 = DIRECTION('',(-0.,-1.,0.));
#7232 = ADVANCED_FACE('',(#7233),#7244,.F.);
#7233 = FACE_BOUND('',#7234,.T.);
#7234 = EDGE_LOOP('',(#7235,#7236,#7242,#7243));
#7235 = ORIENTED_EDGE('',*,*,#1737,.T.);
#7236 = ORIENTED_EDGE('',*,*,#7237,.T.);
#7237 = EDGE_CURVE('',#1738,#4051,#7238,.T.);
#7238 = LINE('',#7239,#7240);
#7239 = CARTESIAN_POINT('',(158.59125,-129.49625,-4.6E-02));
#7240 = VECTOR('',#7241,1.);
#7241 = DIRECTION('',(0.,0.,1.));
#7242 = ORIENTED_EDGE('',*,*,#4050,.F.);
#7243 = ORIENTED_EDGE('',*,*,#7237,.F.);
#7244 = CYLINDRICAL_SURFACE('',#7245,0.75);
#7245 = AXIS2_PLACEMENT_3D('',#7246,#7247,#7248);
#7246 = CARTESIAN_POINT('',(158.59125,-128.74625,-4.6E-02));
#7247 = DIRECTION('',(-0.,-0.,-1.));
#7248 = DIRECTION('',(-0.,-1.,0.));
#7249 = ADVANCED_FACE('',(#7250),#7261,.F.);
#7250 = FACE_BOUND('',#7251,.T.);
#7251 = EDGE_LOOP('',(#7252,#7253,#7259,#7260));
#7252 = ORIENTED_EDGE('',*,*,#1748,.T.);
#7253 = ORIENTED_EDGE('',*,*,#7254,.T.);
#7254 = EDGE_CURVE('',#1749,#4062,#7255,.T.);
#7255 = LINE('',#7256,#7257);
#7256 = CARTESIAN_POINT('',(154.78125,-128.20625,-4.6E-02));
#7257 = VECTOR('',#7258,1.);
#7258 = DIRECTION('',(0.,0.,1.));
#7259 = ORIENTED_EDGE('',*,*,#4061,.F.);
#7260 = ORIENTED_EDGE('',*,*,#7254,.F.);
#7261 = CYLINDRICAL_SURFACE('',#7262,2.);
#7262 = AXIS2_PLACEMENT_3D('',#7263,#7264,#7265);
#7263 = CARTESIAN_POINT('',(154.78125,-126.20625,-4.6E-02));
#7264 = DIRECTION('',(-0.,-0.,-1.));
#7265 = DIRECTION('',(-0.,-1.,0.));
#7266 = ADVANCED_FACE('',(#7267),#7278,.F.);
#7267 = FACE_BOUND('',#7268,.T.);
#7268 = EDGE_LOOP('',(#7269,#7270,#7276,#7277));
#7269 = ORIENTED_EDGE('',*,*,#1759,.T.);
#7270 = ORIENTED_EDGE('',*,*,#7271,.T.);
#7271 = EDGE_CURVE('',#1760,#4073,#7272,.T.);
#7272 = LINE('',#7273,#7274);
#7273 = CARTESIAN_POINT('',(159.86125,-127.05625,-4.6E-02));
#7274 = VECTOR('',#7275,1.);
#7275 = DIRECTION('',(0.,0.,1.));
#7276 = ORIENTED_EDGE('',*,*,#4072,.F.);
#7277 = ORIENTED_EDGE('',*,*,#7271,.F.);
#7278 = CYLINDRICAL_SURFACE('',#7279,0.85);
#7279 = AXIS2_PLACEMENT_3D('',#7280,#7281,#7282);
#7280 = CARTESIAN_POINT('',(159.86125,-126.20625,-4.6E-02));
#7281 = DIRECTION('',(-0.,0.,-1.));
#7282 = DIRECTION('',(3.343730521224E-14,-1.,-0.));
#7283 = ADVANCED_FACE('',(#7284),#7295,.F.);
#7284 = FACE_BOUND('',#7285,.T.);
#7285 = EDGE_LOOP('',(#7286,#7287,#7293,#7294));
#7286 = ORIENTED_EDGE('',*,*,#1770,.T.);
#7287 = ORIENTED_EDGE('',*,*,#7288,.T.);
#7288 = EDGE_CURVE('',#1771,#4084,#7289,.T.);
#7289 = LINE('',#7290,#7291);
#7290 = CARTESIAN_POINT('',(164.30625,-129.46375,-4.6E-02));
#7291 = VECTOR('',#7292,1.);
#7292 = DIRECTION('',(0.,0.,1.));
#7293 = ORIENTED_EDGE('',*,*,#4083,.F.);
#7294 = ORIENTED_EDGE('',*,*,#7288,.F.);
#7295 = CYLINDRICAL_SURFACE('',#7296,0.4);
#7296 = AXIS2_PLACEMENT_3D('',#7297,#7298,#7299);
#7297 = CARTESIAN_POINT('',(164.30625,-129.06375,-4.6E-02));
#7298 = DIRECTION('',(-0.,-0.,-1.));
#7299 = DIRECTION('',(-0.,-1.,0.));
#7300 = ADVANCED_FACE('',(#7301),#7317,.F.);
#7301 = FACE_BOUND('',#7302,.T.);
#7302 = EDGE_LOOP('',(#7303,#7309,#7310,#7316));
#7303 = ORIENTED_EDGE('',*,*,#7304,.T.);
#7304 = EDGE_CURVE('',#1782,#4095,#7305,.T.);
#7305 = LINE('',#7306,#7307);
#7306 = CARTESIAN_POINT('',(153.73454,-119.772609,0.));
#7307 = VECTOR('',#7308,1.);
#7308 = DIRECTION('',(0.,0.,1.));
#7309 = ORIENTED_EDGE('',*,*,#4094,.T.);
#7310 = ORIENTED_EDGE('',*,*,#7311,.F.);
#7311 = EDGE_CURVE('',#1784,#4097,#7312,.T.);
#7312 = LINE('',#7313,#7314);
#7313 = CARTESIAN_POINT('',(153.031767,-120.421188,0.));
#7314 = VECTOR('',#7315,1.);
#7315 = DIRECTION('',(0.,0.,1.));
#7316 = ORIENTED_EDGE('',*,*,#1781,.F.);
#7317 = CYLINDRICAL_SURFACE('',#7318,0.499999729127);
#7318 = AXIS2_PLACEMENT_3D('',#7319,#7320,#7321);
#7319 = CARTESIAN_POINT('',(153.48228174567,-120.2043097091,0.));
#7320 = DIRECTION('',(-0.,-0.,-1.));
#7321 = DIRECTION('',(0.504516781969,0.863401885979,-0.));
#7322 = ADVANCED_FACE('',(#7323),#7334,.T.);
#7323 = FACE_BOUND('',#7324,.T.);
#7324 = EDGE_LOOP('',(#7325,#7331,#7332,#7333));
#7325 = ORIENTED_EDGE('',*,*,#7326,.T.);
#7326 = EDGE_CURVE('',#1793,#4106,#7327,.T.);
#7327 = LINE('',#7328,#7329);
#7328 = CARTESIAN_POINT('',(153.986798,-119.840908,0.));
#7329 = VECTOR('',#7330,1.);
#7330 = DIRECTION('',(0.,0.,1.));
#7331 = ORIENTED_EDGE('',*,*,#4105,.T.);
#7332 = ORIENTED_EDGE('',*,*,#7304,.F.);
#7333 = ORIENTED_EDGE('',*,*,#1792,.F.);
#7334 = CYLINDRICAL_SURFACE('',#7335,0.500008729288);
#7335 = AXIS2_PLACEMENT_3D('',#7336,#7337,#7338);
#7336 = CARTESIAN_POINT('',(153.98680065687,-119.3408992707,0.));
#7337 = DIRECTION('',(0.,0.,-1.));
#7338 = DIRECTION('',(-5.313662824773E-06,-0.999999999986,-0.));
#7339 = ADVANCED_FACE('',(#7340),#7351,.T.);
#7340 = FACE_BOUND('',#7341,.T.);
#7341 = EDGE_LOOP('',(#7342,#7343,#7344,#7350));
#7342 = ORIENTED_EDGE('',*,*,#7311,.T.);
#7343 = ORIENTED_EDGE('',*,*,#4227,.T.);
#7344 = ORIENTED_EDGE('',*,*,#7345,.F.);
#7345 = EDGE_CURVE('',#1907,#4220,#7346,.T.);
#7346 = LINE('',#7347,#7348);
#7347 = CARTESIAN_POINT('',(153.081252,-120.638066,0.));
#7348 = VECTOR('',#7349,1.);
#7349 = DIRECTION('',(0.,0.,1.));
#7350 = ORIENTED_EDGE('',*,*,#1914,.F.);
#7351 = CYLINDRICAL_SURFACE('',#7352,0.499989885034);
#7352 = AXIS2_PLACEMENT_3D('',#7353,#7354,#7355);
#7353 = CARTESIAN_POINT('',(152.58126211496,-120.6380640791,0.));
#7354 = DIRECTION('',(0.,0.,-1.));
#7355 = DIRECTION('',(0.901027997796,0.43376093322,0.));
#7356 = ADVANCED_FACE('',(#7357),#7368,.T.);
#7357 = FACE_BOUND('',#7358,.T.);
#7358 = EDGE_LOOP('',(#7359,#7365,#7366,#7367));
#7359 = ORIENTED_EDGE('',*,*,#7360,.T.);
#7360 = EDGE_CURVE('',#1802,#4115,#7361,.T.);
#7361 = LINE('',#7362,#7363);
#7362 = CARTESIAN_POINT('',(155.575704,-119.840909,0.));
#7363 = VECTOR('',#7364,1.);
#7364 = DIRECTION('',(0.,0.,1.));
#7365 = ORIENTED_EDGE('',*,*,#4114,.T.);
#7366 = ORIENTED_EDGE('',*,*,#7326,.F.);
#7367 = ORIENTED_EDGE('',*,*,#1801,.F.);
#7368 = PLANE('',#7369);
#7369 = AXIS2_PLACEMENT_3D('',#7370,#7371,#7372);
#7370 = CARTESIAN_POINT('',(155.575704,-119.840909,0.));
#7371 = DIRECTION('',(-6.29363850017E-07,-1.,0.));
#7372 = DIRECTION('',(-1.,6.29363850017E-07,0.));
#7373 = ADVANCED_FACE('',(#7374),#7385,.T.);
#7374 = FACE_BOUND('',#7375,.T.);
#7375 = EDGE_LOOP('',(#7376,#7377,#7378,#7384));
#7376 = ORIENTED_EDGE('',*,*,#7345,.T.);
#7377 = ORIENTED_EDGE('',*,*,#4219,.T.);
#7378 = ORIENTED_EDGE('',*,*,#7379,.F.);
#7379 = EDGE_CURVE('',#1898,#4211,#7380,.T.);
#7380 = LINE('',#7381,#7382);
#7381 = CARTESIAN_POINT('',(153.081252,-122.043751,0.));
#7382 = VECTOR('',#7383,1.);
#7383 = DIRECTION('',(0.,0.,1.));
#7384 = ORIENTED_EDGE('',*,*,#1906,.F.);
#7385 = PLANE('',#7386);
#7386 = AXIS2_PLACEMENT_3D('',#7387,#7388,#7389);
#7387 = CARTESIAN_POINT('',(153.081252,-120.638066,0.));
#7388 = DIRECTION('',(1.,0.,-0.));
#7389 = DIRECTION('',(0.,-1.,0.));
#7390 = ADVANCED_FACE('',(#7391),#7402,.T.);
#7391 = FACE_BOUND('',#7392,.T.);
#7392 = EDGE_LOOP('',(#7393,#7399,#7400,#7401));
#7393 = ORIENTED_EDGE('',*,*,#7394,.T.);
#7394 = EDGE_CURVE('',#1810,#4123,#7395,.T.);
#7395 = LINE('',#7396,#7397);
#7396 = CARTESIAN_POINT('',(155.827962,-119.77261,0.));
#7397 = VECTOR('',#7398,1.);
#7398 = DIRECTION('',(0.,0.,1.));
#7399 = ORIENTED_EDGE('',*,*,#4122,.T.);
#7400 = ORIENTED_EDGE('',*,*,#7360,.F.);
#7401 = ORIENTED_EDGE('',*,*,#1809,.F.);
#7402 = CYLINDRICAL_SURFACE('',#7403,0.500008729288);
#7403 = AXIS2_PLACEMENT_3D('',#7404,#7405,#7406);
#7404 = CARTESIAN_POINT('',(155.57570134312,-119.3409002707,0.));
#7405 = DIRECTION('',(0.,0.,-1.));
#7406 = DIRECTION('',(0.504512505685,-0.863404384751,0.));
#7407 = ADVANCED_FACE('',(#7408),#7419,.T.);
#7408 = FACE_BOUND('',#7409,.T.);
#7409 = EDGE_LOOP('',(#7410,#7411,#7412,#7418));
#7410 = ORIENTED_EDGE('',*,*,#7379,.T.);
#7411 = ORIENTED_EDGE('',*,*,#4210,.T.);
#7412 = ORIENTED_EDGE('',*,*,#7413,.F.);
#7413 = EDGE_CURVE('',#1889,#4202,#7414,.T.);
#7414 = LINE('',#7415,#7416);
#7415 = CARTESIAN_POINT('',(153.031767,-122.260628,0.));
#7416 = VECTOR('',#7417,1.);
#7417 = DIRECTION('',(0.,0.,1.));
#7418 = ORIENTED_EDGE('',*,*,#1897,.F.);
#7419 = CYLINDRICAL_SURFACE('',#7420,0.499989884977);
#7420 = AXIS2_PLACEMENT_3D('',#7421,#7422,#7423);
#7421 = CARTESIAN_POINT('',(152.58126211502,-122.0437519208,0.));
#7422 = DIRECTION('',(0.,0.,-1.));
#7423 = DIRECTION('',(0.999999999998,1.841808653046E-06,0.));
#7424 = ADVANCED_FACE('',(#7425),#7436,.F.);
#7425 = FACE_BOUND('',#7426,.T.);
#7426 = EDGE_LOOP('',(#7427,#7433,#7434,#7435));
#7427 = ORIENTED_EDGE('',*,*,#7428,.T.);
#7428 = EDGE_CURVE('',#1819,#4132,#7429,.T.);
#7429 = LINE('',#7430,#7431);
#7430 = CARTESIAN_POINT('',(156.530735,-120.421188,0.));
#7431 = VECTOR('',#7432,1.);
#7432 = DIRECTION('',(0.,0.,1.));
#7433 = ORIENTED_EDGE('',*,*,#4131,.T.);
#7434 = ORIENTED_EDGE('',*,*,#7394,.F.);
#7435 = ORIENTED_EDGE('',*,*,#1818,.F.);
#7436 = CYLINDRICAL_SURFACE('',#7437,0.499999422661);
#7437 = AXIS2_PLACEMENT_3D('',#7438,#7439,#7440);
#7438 = CARTESIAN_POINT('',(156.08022029551,-120.20431033,0.));
#7439 = DIRECTION('',(-0.,-0.,-1.));
#7440 = DIRECTION('',(0.901030449374,-0.433755840654,0.));
#7441 = ADVANCED_FACE('',(#7442),#7453,.F.);
#7442 = FACE_BOUND('',#7443,.T.);
#7443 = EDGE_LOOP('',(#7444,#7445,#7446,#7452));
#7444 = ORIENTED_EDGE('',*,*,#7413,.T.);
#7445 = ORIENTED_EDGE('',*,*,#4201,.T.);
#7446 = ORIENTED_EDGE('',*,*,#7447,.F.);
#7447 = EDGE_CURVE('',#1880,#4193,#7448,.T.);
#7448 = LINE('',#7449,#7450);
#7449 = CARTESIAN_POINT('',(153.734541,-122.909207,0.));
#7450 = VECTOR('',#7451,1.);
#7451 = DIRECTION('',(0.,0.,1.));
#7452 = ORIENTED_EDGE('',*,*,#1888,.F.);
#7453 = CYLINDRICAL_SURFACE('',#7454,0.500000669307);
#7454 = AXIS2_PLACEMENT_3D('',#7455,#7456,#7457);
#7455 = CARTESIAN_POINT('',(153.4822835355,-122.4775047404,0.));
#7456 = DIRECTION('',(-0.,-0.,-1.));
#7457 = DIRECTION('',(-0.901031864884,0.433752900236,0.));
#7458 = ADVANCED_FACE('',(#7459),#7470,.T.);
#7459 = FACE_BOUND('',#7460,.T.);
#7460 = EDGE_LOOP('',(#7461,#7467,#7468,#7469));
#7461 = ORIENTED_EDGE('',*,*,#7462,.T.);
#7462 = EDGE_CURVE('',#1828,#4141,#7463,.T.);
#7463 = LINE('',#7464,#7465);
#7464 = CARTESIAN_POINT('',(156.48125,-120.638066,0.));
#7465 = VECTOR('',#7466,1.);
#7466 = DIRECTION('',(0.,0.,1.));
#7467 = ORIENTED_EDGE('',*,*,#4140,.T.);
#7468 = ORIENTED_EDGE('',*,*,#7428,.F.);
#7469 = ORIENTED_EDGE('',*,*,#1827,.F.);
#7470 = CYLINDRICAL_SURFACE('',#7471,0.499989885034);
#7471 = AXIS2_PLACEMENT_3D('',#7472,#7473,#7474);
#7472 = CARTESIAN_POINT('',(156.98123988503,-120.6380640791,0.));
#7473 = DIRECTION('',(0.,0.,-1.));
#7474 = DIRECTION('',(-0.999999999993,-3.841811363675E-06,-0.));
#7475 = ADVANCED_FACE('',(#7476),#7487,.T.);
#7476 = FACE_BOUND('',#7477,.T.);
#7477 = EDGE_LOOP('',(#7478,#7479,#7480,#7486));
#7478 = ORIENTED_EDGE('',*,*,#7447,.T.);
#7479 = ORIENTED_EDGE('',*,*,#4192,.T.);
#7480 = ORIENTED_EDGE('',*,*,#7481,.F.);
#7481 = EDGE_CURVE('',#1872,#4185,#7482,.T.);
#7482 = LINE('',#7483,#7484);
#7483 = CARTESIAN_POINT('',(153.986799,-122.840908,0.));
#7484 = VECTOR('',#7485,1.);
#7485 = DIRECTION('',(0.,0.,1.));
#7486 = ORIENTED_EDGE('',*,*,#1879,.F.);
#7487 = CYLINDRICAL_SURFACE('',#7488,0.500008729288);
#7488 = AXIS2_PLACEMENT_3D('',#7489,#7490,#7491);
#7489 = CARTESIAN_POINT('',(153.98680165687,-123.3409167292,0.));
#7490 = DIRECTION('',(0.,0.,-1.));
#7491 = DIRECTION('',(-0.504512505685,0.863404384751,0.));
#7492 = ADVANCED_FACE('',(#7493),#7504,.T.);
#7493 = FACE_BOUND('',#7494,.T.);
#7494 = EDGE_LOOP('',(#7495,#7501,#7502,#7503));
#7495 = ORIENTED_EDGE('',*,*,#7496,.T.);
#7496 = EDGE_CURVE('',#1837,#4150,#7497,.T.);
#7497 = LINE('',#7498,#7499);
#7498 = CARTESIAN_POINT('',(156.48125,-122.04375,0.));
#7499 = VECTOR('',#7500,1.);
#7500 = DIRECTION('',(0.,0.,1.));
#7501 = ORIENTED_EDGE('',*,*,#4149,.T.);
#7502 = ORIENTED_EDGE('',*,*,#7462,.F.);
#7503 = ORIENTED_EDGE('',*,*,#1836,.F.);
#7504 = PLANE('',#7505);
#7505 = AXIS2_PLACEMENT_3D('',#7506,#7507,#7508);
#7506 = CARTESIAN_POINT('',(156.48125,-122.04375,0.));
#7507 = DIRECTION('',(-1.,0.,0.));
#7508 = DIRECTION('',(0.,1.,0.));
#7509 = ADVANCED_FACE('',(#7510),#7521,.T.);
#7510 = FACE_BOUND('',#7511,.T.);
#7511 = EDGE_LOOP('',(#7512,#7513,#7514,#7520));
#7512 = ORIENTED_EDGE('',*,*,#7481,.T.);
#7513 = ORIENTED_EDGE('',*,*,#4184,.T.);
#7514 = ORIENTED_EDGE('',*,*,#7515,.F.);
#7515 = EDGE_CURVE('',#1863,#4176,#7516,.T.);
#7516 = LINE('',#7517,#7518);
#7517 = CARTESIAN_POINT('',(155.575703,-122.840908,0.));
#7518 = VECTOR('',#7519,1.);
#7519 = DIRECTION('',(0.,0.,1.));
#7520 = ORIENTED_EDGE('',*,*,#1871,.F.);
#7521 = PLANE('',#7522);
#7522 = AXIS2_PLACEMENT_3D('',#7523,#7524,#7525);
#7523 = CARTESIAN_POINT('',(153.986799,-122.840908,0.));
#7524 = DIRECTION('',(0.,1.,0.));
#7525 = DIRECTION('',(1.,0.,0.));
#7526 = ADVANCED_FACE('',(#7527),#7538,.T.);
#7527 = FACE_BOUND('',#7528,.T.);
#7528 = EDGE_LOOP('',(#7529,#7535,#7536,#7537));
#7529 = ORIENTED_EDGE('',*,*,#7530,.T.);
#7530 = EDGE_CURVE('',#1845,#4158,#7531,.T.);
#7531 = LINE('',#7532,#7533);
#7532 = CARTESIAN_POINT('',(156.530735,-122.260628,0.));
#7533 = VECTOR('',#7534,1.);
#7534 = DIRECTION('',(0.,0.,1.));
#7535 = ORIENTED_EDGE('',*,*,#4157,.T.);
#7536 = ORIENTED_EDGE('',*,*,#7496,.F.);
#7537 = ORIENTED_EDGE('',*,*,#1844,.F.);
#7538 = CYLINDRICAL_SURFACE('',#7539,0.499989885034);
#7539 = AXIS2_PLACEMENT_3D('',#7540,#7541,#7542);
#7540 = CARTESIAN_POINT('',(156.98123988503,-122.0437519208,0.));
#7541 = DIRECTION('',(0.,0.,-1.));
#7542 = DIRECTION('',(-0.901027997796,-0.43376093322,-0.));
#7543 = ADVANCED_FACE('',(#7544),#7555,.T.);
#7544 = FACE_BOUND('',#7545,.T.);
#7545 = EDGE_LOOP('',(#7546,#7547,#7548,#7554));
#7546 = ORIENTED_EDGE('',*,*,#7515,.T.);
#7547 = ORIENTED_EDGE('',*,*,#4175,.T.);
#7548 = ORIENTED_EDGE('',*,*,#7549,.F.);
#7549 = EDGE_CURVE('',#1854,#4167,#7550,.T.);
#7550 = LINE('',#7551,#7552);
#7551 = CARTESIAN_POINT('',(155.827962,-122.909207,0.));
#7552 = VECTOR('',#7553,1.);
#7553 = DIRECTION('',(0.,0.,1.));
#7554 = ORIENTED_EDGE('',*,*,#1862,.F.);
#7555 = CYLINDRICAL_SURFACE('',#7556,0.500008729226);
#7556 = AXIS2_PLACEMENT_3D('',#7557,#7558,#7559);
#7557 = CARTESIAN_POINT('',(155.57570134314,-123.3409167292,0.));
#7558 = DIRECTION('',(0.,0.,-1.));
#7559 = DIRECTION('',(3.313649317029E-06,0.999999999995,0.));
#7560 = ADVANCED_FACE('',(#7561),#7567,.F.);
#7561 = FACE_BOUND('',#7562,.T.);
#7562 = EDGE_LOOP('',(#7563,#7564,#7565,#7566));
#7563 = ORIENTED_EDGE('',*,*,#7549,.T.);
#7564 = ORIENTED_EDGE('',*,*,#4166,.T.);
#7565 = ORIENTED_EDGE('',*,*,#7530,.F.);
#7566 = ORIENTED_EDGE('',*,*,#1853,.F.);
#7567 = CYLINDRICAL_SURFACE('',#7568,0.499999448976);
#7568 = AXIS2_PLACEMENT_3D('',#7569,#7570,#7571);
#7569 = CARTESIAN_POINT('',(156.08022090428,-122.4775069951,0.));
#7570 = DIRECTION('',(-0.,-0.,-1.));
#7571 = DIRECTION('',(-0.504518364574,-0.863400961204,0.));
#7572 = ADVANCED_FACE('',(#7573),#7584,.F.);
#7573 = FACE_BOUND('',#7574,.T.);
#7574 = EDGE_LOOP('',(#7575,#7576,#7582,#7583));
#7575 = ORIENTED_EDGE('',*,*,#1923,.T.);
#7576 = ORIENTED_EDGE('',*,*,#7577,.T.);
#7577 = EDGE_CURVE('',#1924,#4237,#7578,.T.);
#7578 = LINE('',#7579,#7580);
#7579 = CARTESIAN_POINT('',(164.30625,-121.84375,-4.6E-02));
#7580 = VECTOR('',#7581,1.);
#7581 = DIRECTION('',(0.,0.,1.));
#7582 = ORIENTED_EDGE('',*,*,#4236,.F.);
#7583 = ORIENTED_EDGE('',*,*,#7577,.F.);
#7584 = CYLINDRICAL_SURFACE('',#7585,0.4);
#7585 = AXIS2_PLACEMENT_3D('',#7586,#7587,#7588);
#7586 = CARTESIAN_POINT('',(164.30625,-121.44375,-4.6E-02));
#7587 = DIRECTION('',(-0.,-0.,-1.));
#7588 = DIRECTION('',(-0.,-1.,0.));
#7589 = ADVANCED_FACE('',(#7590),#7606,.F.);
#7590 = FACE_BOUND('',#7591,.T.);
#7591 = EDGE_LOOP('',(#7592,#7593,#7599,#7600));
#7592 = ORIENTED_EDGE('',*,*,#1934,.T.);
#7593 = ORIENTED_EDGE('',*,*,#7594,.T.);
#7594 = EDGE_CURVE('',#1937,#4250,#7595,.T.);
#7595 = LINE('',#7596,#7597);
#7596 = CARTESIAN_POINT('',(184.3625,-116.00625,-4.6E-02));
#7597 = VECTOR('',#7598,1.);
#7598 = DIRECTION('',(0.,0.,1.));
#7599 = ORIENTED_EDGE('',*,*,#4247,.F.);
#7600 = ORIENTED_EDGE('',*,*,#7601,.F.);
#7601 = EDGE_CURVE('',#1935,#4248,#7602,.T.);
#7602 = LINE('',#7603,#7604);
#7603 = CARTESIAN_POINT('',(184.3625,-114.50625,-4.6E-02));
#7604 = VECTOR('',#7605,1.);
#7605 = DIRECTION('',(0.,0.,1.));
#7606 = CYLINDRICAL_SURFACE('',#7607,0.75);
#7607 = AXIS2_PLACEMENT_3D('',#7608,#7609,#7610);
#7608 = CARTESIAN_POINT('',(184.3625,-115.25625,-4.6E-02));
#7609 = DIRECTION('',(-0.,-0.,-1.));
#7610 = DIRECTION('',(-0.,-1.,0.));
#7611 = ADVANCED_FACE('',(#7612),#7623,.T.);
#7612 = FACE_BOUND('',#7613,.T.);
#7613 = EDGE_LOOP('',(#7614,#7615,#7616,#7617));
#7614 = ORIENTED_EDGE('',*,*,#1962,.T.);
#7615 = ORIENTED_EDGE('',*,*,#7601,.T.);
#7616 = ORIENTED_EDGE('',*,*,#4275,.F.);
#7617 = ORIENTED_EDGE('',*,*,#7618,.F.);
#7618 = EDGE_CURVE('',#1954,#4267,#7619,.T.);
#7619 = LINE('',#7620,#7621);
#7620 = CARTESIAN_POINT('',(183.0625,-114.50625,-4.6E-02));
#7621 = VECTOR('',#7622,1.);
#7622 = DIRECTION('',(0.,0.,1.));
#7623 = PLANE('',#7624);
#7624 = AXIS2_PLACEMENT_3D('',#7625,#7626,#7627);
#7625 = CARTESIAN_POINT('',(184.3625,-114.50625,-4.6E-02));
#7626 = DIRECTION('',(0.,-1.,0.));
#7627 = DIRECTION('',(-1.,0.,0.));
#7628 = ADVANCED_FACE('',(#7629),#7640,.F.);
#7629 = FACE_BOUND('',#7630,.T.);
#7630 = EDGE_LOOP('',(#7631,#7632,#7633,#7634));
#7631 = ORIENTED_EDGE('',*,*,#1953,.T.);
#7632 = ORIENTED_EDGE('',*,*,#7618,.T.);
#7633 = ORIENTED_EDGE('',*,*,#4266,.F.);
#7634 = ORIENTED_EDGE('',*,*,#7635,.F.);
#7635 = EDGE_CURVE('',#1946,#4259,#7636,.T.);
#7636 = LINE('',#7637,#7638);
#7637 = CARTESIAN_POINT('',(183.0625,-116.00625,-4.6E-02));
#7638 = VECTOR('',#7639,1.);
#7639 = DIRECTION('',(0.,0.,1.));
#7640 = CYLINDRICAL_SURFACE('',#7641,0.75);
#7641 = AXIS2_PLACEMENT_3D('',#7642,#7643,#7644);
#7642 = CARTESIAN_POINT('',(183.0625,-115.25625,-4.6E-02));
#7643 = DIRECTION('',(-0.,0.,-1.));
#7644 = DIRECTION('',(0.,1.,0.));
#7645 = ADVANCED_FACE('',(#7646),#7652,.T.);
#7646 = FACE_BOUND('',#7647,.T.);
#7647 = EDGE_LOOP('',(#7648,#7649,#7650,#7651));
#7648 = ORIENTED_EDGE('',*,*,#1945,.T.);
#7649 = ORIENTED_EDGE('',*,*,#7635,.T.);
#7650 = ORIENTED_EDGE('',*,*,#4258,.F.);
#7651 = ORIENTED_EDGE('',*,*,#7594,.F.);
#7652 = PLANE('',#7653);
#7653 = AXIS2_PLACEMENT_3D('',#7654,#7655,#7656);
#7654 = CARTESIAN_POINT('',(183.0625,-116.00625,-4.6E-02));
#7655 = DIRECTION('',(0.,1.,0.));
#7656 = DIRECTION('',(1.,0.,0.));
#7657 = ADVANCED_FACE('',(#7658),#7669,.F.);
#7658 = FACE_BOUND('',#7659,.T.);
#7659 = EDGE_LOOP('',(#7660,#7661,#7667,#7668));
#7660 = ORIENTED_EDGE('',*,*,#1970,.T.);
#7661 = ORIENTED_EDGE('',*,*,#7662,.T.);
#7662 = EDGE_CURVE('',#1971,#4284,#7663,.T.);
#7663 = LINE('',#7664,#7665);
#7664 = CARTESIAN_POINT('',(114.14125,-112.98625,-4.6E-02));
#7665 = VECTOR('',#7666,1.);
#7666 = DIRECTION('',(0.,0.,1.));
#7667 = ORIENTED_EDGE('',*,*,#4283,.F.);
#7668 = ORIENTED_EDGE('',*,*,#7662,.F.);
#7669 = CYLINDRICAL_SURFACE('',#7670,0.75);
#7670 = AXIS2_PLACEMENT_3D('',#7671,#7672,#7673);
#7671 = CARTESIAN_POINT('',(114.14125,-112.23625,-4.6E-02));
#7672 = DIRECTION('',(-0.,-0.,-1.));
#7673 = DIRECTION('',(-0.,-1.,0.));
#7674 = ADVANCED_FACE('',(#7675),#7686,.F.);
#7675 = FACE_BOUND('',#7676,.T.);
#7676 = EDGE_LOOP('',(#7677,#7678,#7684,#7685));
#7677 = ORIENTED_EDGE('',*,*,#1981,.T.);
#7678 = ORIENTED_EDGE('',*,*,#7679,.T.);
#7679 = EDGE_CURVE('',#1982,#4295,#7680,.T.);
#7680 = LINE('',#7681,#7682);
#7681 = CARTESIAN_POINT('',(111.60125,-108.00625,-4.6E-02));
#7682 = VECTOR('',#7683,1.);
#7683 = DIRECTION('',(0.,0.,1.));
#7684 = ORIENTED_EDGE('',*,*,#4294,.F.);
#7685 = ORIENTED_EDGE('',*,*,#7679,.F.);
#7686 = CYLINDRICAL_SURFACE('',#7687,0.85);
#7687 = AXIS2_PLACEMENT_3D('',#7688,#7689,#7690);
#7688 = CARTESIAN_POINT('',(111.60125,-107.15625,-4.6E-02));
#7689 = DIRECTION('',(-0.,-0.,-1.));
#7690 = DIRECTION('',(-0.,-1.,0.));
#7691 = ADVANCED_FACE('',(#7692),#7703,.F.);
#7692 = FACE_BOUND('',#7693,.T.);
#7693 = EDGE_LOOP('',(#7694,#7695,#7701,#7702));
#7694 = ORIENTED_EDGE('',*,*,#1992,.T.);
#7695 = ORIENTED_EDGE('',*,*,#7696,.T.);
#7696 = EDGE_CURVE('',#1993,#4306,#7697,.T.);
#7697 = LINE('',#7698,#7699);
#7698 = CARTESIAN_POINT('',(120.49125,-110.44625,-4.6E-02));
#7699 = VECTOR('',#7700,1.);
#7700 = DIRECTION('',(0.,0.,1.));
#7701 = ORIENTED_EDGE('',*,*,#4305,.F.);
#7702 = ORIENTED_EDGE('',*,*,#7696,.F.);
#7703 = CYLINDRICAL_SURFACE('',#7704,0.75);
#7704 = AXIS2_PLACEMENT_3D('',#7705,#7706,#7707);
#7705 = CARTESIAN_POINT('',(120.49125,-109.69625,-4.6E-02));
#7706 = DIRECTION('',(-0.,-0.,-1.));
#7707 = DIRECTION('',(-0.,-1.,0.));
#7708 = ADVANCED_FACE('',(#7709),#7720,.F.);
#7709 = FACE_BOUND('',#7710,.T.);
#7710 = EDGE_LOOP('',(#7711,#7712,#7718,#7719));
#7711 = ORIENTED_EDGE('',*,*,#2003,.T.);
#7712 = ORIENTED_EDGE('',*,*,#7713,.T.);
#7713 = EDGE_CURVE('',#2004,#4317,#7714,.T.);
#7714 = LINE('',#7715,#7716);
#7715 = CARTESIAN_POINT('',(116.68125,-109.15625,-4.6E-02));
#7716 = VECTOR('',#7717,1.);
#7717 = DIRECTION('',(0.,0.,1.));
#7718 = ORIENTED_EDGE('',*,*,#4316,.F.);
#7719 = ORIENTED_EDGE('',*,*,#7713,.F.);
#7720 = CYLINDRICAL_SURFACE('',#7721,2.);
#7721 = AXIS2_PLACEMENT_3D('',#7722,#7723,#7724);
#7722 = CARTESIAN_POINT('',(116.68125,-107.15625,-4.6E-02));
#7723 = DIRECTION('',(-0.,-0.,-1.));
#7724 = DIRECTION('',(-0.,-1.,0.));
#7725 = ADVANCED_FACE('',(#7726),#7737,.F.);
#7726 = FACE_BOUND('',#7727,.T.);
#7727 = EDGE_LOOP('',(#7728,#7729,#7735,#7736));
#7728 = ORIENTED_EDGE('',*,*,#2014,.T.);
#7729 = ORIENTED_EDGE('',*,*,#7730,.T.);
#7730 = EDGE_CURVE('',#2015,#4328,#7731,.T.);
#7731 = LINE('',#7732,#7733);
#7732 = CARTESIAN_POINT('',(126.20625,-110.41375,-4.6E-02));
#7733 = VECTOR('',#7734,1.);
#7734 = DIRECTION('',(0.,0.,1.));
#7735 = ORIENTED_EDGE('',*,*,#4327,.F.);
#7736 = ORIENTED_EDGE('',*,*,#7730,.F.);
#7737 = CYLINDRICAL_SURFACE('',#7738,0.4);
#7738 = AXIS2_PLACEMENT_3D('',#7739,#7740,#7741);
#7739 = CARTESIAN_POINT('',(126.20625,-110.01375,-4.6E-02));
#7740 = DIRECTION('',(-0.,-0.,-1.));
#7741 = DIRECTION('',(-3.552713678801E-14,-1.,0.));
#7742 = ADVANCED_FACE('',(#7743),#7754,.F.);
#7743 = FACE_BOUND('',#7744,.T.);
#7744 = EDGE_LOOP('',(#7745,#7746,#7752,#7753));
#7745 = ORIENTED_EDGE('',*,*,#2025,.T.);
#7746 = ORIENTED_EDGE('',*,*,#7747,.T.);
#7747 = EDGE_CURVE('',#2026,#4339,#7748,.T.);
#7748 = LINE('',#7749,#7750);
#7749 = CARTESIAN_POINT('',(121.76125,-108.00625,-4.6E-02));
#7750 = VECTOR('',#7751,1.);
#7751 = DIRECTION('',(0.,0.,1.));
#7752 = ORIENTED_EDGE('',*,*,#4338,.F.);
#7753 = ORIENTED_EDGE('',*,*,#7747,.F.);
#7754 = CYLINDRICAL_SURFACE('',#7755,0.85);
#7755 = AXIS2_PLACEMENT_3D('',#7756,#7757,#7758);
#7756 = CARTESIAN_POINT('',(121.76125,-107.15625,-4.6E-02));
#7757 = DIRECTION('',(-0.,0.,-1.));
#7758 = DIRECTION('',(1.671865260612E-14,-1.,-0.));
#7759 = ADVANCED_FACE('',(#7760),#7771,.F.);
#7760 = FACE_BOUND('',#7761,.T.);
#7761 = EDGE_LOOP('',(#7762,#7763,#7769,#7770));
#7762 = ORIENTED_EDGE('',*,*,#2036,.T.);
#7763 = ORIENTED_EDGE('',*,*,#7764,.T.);
#7764 = EDGE_CURVE('',#2037,#4350,#7765,.T.);
#7765 = LINE('',#7766,#7767);
#7766 = CARTESIAN_POINT('',(130.65125,-108.00625,-4.6E-02));
#7767 = VECTOR('',#7768,1.);
#7768 = DIRECTION('',(0.,0.,1.));
#7769 = ORIENTED_EDGE('',*,*,#4349,.F.);
#7770 = ORIENTED_EDGE('',*,*,#7764,.F.);
#7771 = CYLINDRICAL_SURFACE('',#7772,0.85);
#7772 = AXIS2_PLACEMENT_3D('',#7773,#7774,#7775);
#7773 = CARTESIAN_POINT('',(130.65125,-107.15625,-4.6E-02));
#7774 = DIRECTION('',(-0.,-0.,-1.));
#7775 = DIRECTION('',(-0.,-1.,0.));
#7776 = ADVANCED_FACE('',(#7777),#7793,.F.);
#7777 = FACE_BOUND('',#7778,.T.);
#7778 = EDGE_LOOP('',(#7779,#7785,#7786,#7792));
#7779 = ORIENTED_EDGE('',*,*,#7780,.T.);
#7780 = EDGE_CURVE('',#2048,#4361,#7781,.T.);
#7781 = LINE('',#7782,#7783);
#7782 = CARTESIAN_POINT('',(118.430735,-101.371188,0.));
#7783 = VECTOR('',#7784,1.);
#7784 = DIRECTION('',(0.,0.,1.));
#7785 = ORIENTED_EDGE('',*,*,#4360,.T.);
#7786 = ORIENTED_EDGE('',*,*,#7787,.F.);
#7787 = EDGE_CURVE('',#2050,#4363,#7788,.T.);
#7788 = LINE('',#7789,#7790);
#7789 = CARTESIAN_POINT('',(117.727962,-100.72261,0.));
#7790 = VECTOR('',#7791,1.);
#7791 = DIRECTION('',(0.,0.,1.));
#7792 = ORIENTED_EDGE('',*,*,#2047,.F.);
#7793 = CYLINDRICAL_SURFACE('',#7794,0.499999422661);
#7794 = AXIS2_PLACEMENT_3D('',#7795,#7796,#7797);
#7795 = CARTESIAN_POINT('',(117.98022029551,-101.15431033,0.));
#7796 = DIRECTION('',(-0.,-0.,-1.));
#7797 = DIRECTION('',(0.901030449374,-0.433755840654,0.));
#7798 = ADVANCED_FACE('',(#7799),#7810,.T.);
#7799 = FACE_BOUND('',#7800,.T.);
#7800 = EDGE_LOOP('',(#7801,#7807,#7808,#7809));
#7801 = ORIENTED_EDGE('',*,*,#7802,.T.);
#7802 = EDGE_CURVE('',#2059,#4372,#7803,.T.);
#7803 = LINE('',#7804,#7805);
#7804 = CARTESIAN_POINT('',(118.38125,-101.588066,0.));
#7805 = VECTOR('',#7806,1.);
#7806 = DIRECTION('',(0.,0.,1.));
#7807 = ORIENTED_EDGE('',*,*,#4371,.T.);
#7808 = ORIENTED_EDGE('',*,*,#7780,.F.);
#7809 = ORIENTED_EDGE('',*,*,#2058,.F.);
#7810 = CYLINDRICAL_SURFACE('',#7811,0.499989885034);
#7811 = AXIS2_PLACEMENT_3D('',#7812,#7813,#7814);
#7812 = CARTESIAN_POINT('',(118.88123988503,-101.5880640791,0.));
#7813 = DIRECTION('',(0.,0.,-1.));
#7814 = DIRECTION('',(-0.999999999993,-3.841811392097E-06,-0.));
#7815 = ADVANCED_FACE('',(#7816),#7827,.T.);
#7816 = FACE_BOUND('',#7817,.T.);
#7817 = EDGE_LOOP('',(#7818,#7819,#7820,#7826));
#7818 = ORIENTED_EDGE('',*,*,#7787,.T.);
#7819 = ORIENTED_EDGE('',*,*,#4493,.T.);
#7820 = ORIENTED_EDGE('',*,*,#7821,.F.);
#7821 = EDGE_CURVE('',#2173,#4486,#7822,.T.);
#7822 = LINE('',#7823,#7824);
#7823 = CARTESIAN_POINT('',(117.475704,-100.790909,0.));
#7824 = VECTOR('',#7825,1.);
#7825 = DIRECTION('',(0.,0.,1.));
#7826 = ORIENTED_EDGE('',*,*,#2180,.F.);
#7827 = CYLINDRICAL_SURFACE('',#7828,0.500008729288);
#7828 = AXIS2_PLACEMENT_3D('',#7829,#7830,#7831);
#7829 = CARTESIAN_POINT('',(117.47570134312,-100.2909002707,0.));
#7830 = DIRECTION('',(0.,0.,-1.));
#7831 = DIRECTION('',(0.504512505685,-0.863404384751,0.));
#7832 = ADVANCED_FACE('',(#7833),#7844,.T.);
#7833 = FACE_BOUND('',#7834,.T.);
#7834 = EDGE_LOOP('',(#7835,#7841,#7842,#7843));
#7835 = ORIENTED_EDGE('',*,*,#7836,.T.);
#7836 = EDGE_CURVE('',#2068,#4381,#7837,.T.);
#7837 = LINE('',#7838,#7839);
#7838 = CARTESIAN_POINT('',(118.38125,-102.99375,0.));
#7839 = VECTOR('',#7840,1.);
#7840 = DIRECTION('',(0.,0.,1.));
#7841 = ORIENTED_EDGE('',*,*,#4380,.T.);
#7842 = ORIENTED_EDGE('',*,*,#7802,.F.);
#7843 = ORIENTED_EDGE('',*,*,#2067,.F.);
#7844 = PLANE('',#7845);
#7845 = AXIS2_PLACEMENT_3D('',#7846,#7847,#7848);
#7846 = CARTESIAN_POINT('',(118.38125,-102.99375,0.));
#7847 = DIRECTION('',(-1.,0.,0.));
#7848 = DIRECTION('',(0.,1.,0.));
#7849 = ADVANCED_FACE('',(#7850),#7861,.T.);
#7850 = FACE_BOUND('',#7851,.T.);
#7851 = EDGE_LOOP('',(#7852,#7853,#7854,#7860));
#7852 = ORIENTED_EDGE('',*,*,#7821,.T.);
#7853 = ORIENTED_EDGE('',*,*,#4485,.T.);
#7854 = ORIENTED_EDGE('',*,*,#7855,.F.);
#7855 = EDGE_CURVE('',#2164,#4477,#7856,.T.);
#7856 = LINE('',#7857,#7858);
#7857 = CARTESIAN_POINT('',(115.886799,-100.790909,0.));
#7858 = VECTOR('',#7859,1.);
#7859 = DIRECTION('',(0.,0.,1.));
#7860 = ORIENTED_EDGE('',*,*,#2172,.F.);
#7861 = PLANE('',#7862);
#7862 = AXIS2_PLACEMENT_3D('',#7863,#7864,#7865);
#7863 = CARTESIAN_POINT('',(117.475704,-100.790909,0.));
#7864 = DIRECTION('',(0.,-1.,0.));
#7865 = DIRECTION('',(-1.,0.,0.));
#7866 = ADVANCED_FACE('',(#7867),#7878,.T.);
#7867 = FACE_BOUND('',#7868,.T.);
#7868 = EDGE_LOOP('',(#7869,#7875,#7876,#7877));
#7869 = ORIENTED_EDGE('',*,*,#7870,.T.);
#7870 = EDGE_CURVE('',#2076,#4389,#7871,.T.);
#7871 = LINE('',#7872,#7873);
#7872 = CARTESIAN_POINT('',(118.430735,-103.210627,0.));
#7873 = VECTOR('',#7874,1.);
#7874 = DIRECTION('',(0.,0.,1.));
#7875 = ORIENTED_EDGE('',*,*,#4388,.T.);
#7876 = ORIENTED_EDGE('',*,*,#7836,.F.);
#7877 = ORIENTED_EDGE('',*,*,#2075,.F.);
#7878 = CYLINDRICAL_SURFACE('',#7879,0.49998122973);
#7879 = AXIS2_PLACEMENT_3D('',#7880,#7881,#7882);
#7880 = CARTESIAN_POINT('',(118.88123122972,-102.9937528957,0.));
#7881 = DIRECTION('',(0.,0.,-1.));
#7882 = DIRECTION('',(-0.901026284457,-0.433764492229,-0.));
#7883 = ADVANCED_FACE('',(#7884),#7895,.T.);
#7884 = FACE_BOUND('',#7885,.T.);
#7885 = EDGE_LOOP('',(#7886,#7887,#7888,#7894));
#7886 = ORIENTED_EDGE('',*,*,#7855,.T.);
#7887 = ORIENTED_EDGE('',*,*,#4476,.T.);
#7888 = ORIENTED_EDGE('',*,*,#7889,.F.);
#7889 = EDGE_CURVE('',#2155,#4468,#7890,.T.);
#7890 = LINE('',#7891,#7892);
#7891 = CARTESIAN_POINT('',(115.63454,-100.722609,0.));
#7892 = VECTOR('',#7893,1.);
#7893 = DIRECTION('',(0.,0.,1.));
#7894 = ORIENTED_EDGE('',*,*,#2163,.F.);
#7895 = CYLINDRICAL_SURFACE('',#7896,0.50002311711);
#7896 = AXIS2_PLACEMENT_3D('',#7897,#7898,#7899);
#7897 = CARTESIAN_POINT('',(115.88680626378,-100.2908858829,0.));
#7898 = DIRECTION('',(0.,0.,-1.));
#7899 = DIRECTION('',(-1.452689320398E-05,-0.999999999894,-0.));
#7900 = ADVANCED_FACE('',(#7901),#7912,.F.);
#7901 = FACE_BOUND('',#7902,.T.);
#7902 = EDGE_LOOP('',(#7903,#7909,#7910,#7911));
#7903 = ORIENTED_EDGE('',*,*,#7904,.T.);
#7904 = EDGE_CURVE('',#2085,#4398,#7905,.T.);
#7905 = LINE('',#7906,#7907);
#7906 = CARTESIAN_POINT('',(117.727962,-103.859207,0.));
#7907 = VECTOR('',#7908,1.);
#7908 = DIRECTION('',(0.,0.,1.));
#7909 = ORIENTED_EDGE('',*,*,#4397,.T.);
#7910 = ORIENTED_EDGE('',*,*,#7870,.F.);
#7911 = ORIENTED_EDGE('',*,*,#2084,.F.);
#7912 = CYLINDRICAL_SURFACE('',#7913,0.499999755443);
#7913 = AXIS2_PLACEMENT_3D('',#7914,#7915,#7916);
#7914 = CARTESIAN_POINT('',(117.98022086309,-103.4275066161,0.));
#7915 = DIRECTION('',(-0.,-0.,-1.));
#7916 = DIRECTION('',(-0.504517972959,-0.863401190039,0.));
#7917 = ADVANCED_FACE('',(#7918),#7929,.F.);
#7918 = FACE_BOUND('',#7919,.T.);
#7919 = EDGE_LOOP('',(#7920,#7921,#7922,#7928));
#7920 = ORIENTED_EDGE('',*,*,#7889,.T.);
#7921 = ORIENTED_EDGE('',*,*,#4467,.T.);
#7922 = ORIENTED_EDGE('',*,*,#7923,.F.);
#7923 = EDGE_CURVE('',#2146,#4459,#7924,.T.);
#7924 = LINE('',#7925,#7926);
#7925 = CARTESIAN_POINT('',(114.931767,-101.371188,0.));
#7926 = VECTOR('',#7927,1.);
#7927 = DIRECTION('',(0.,0.,1.));
#7928 = ORIENTED_EDGE('',*,*,#2154,.F.);
#7929 = CYLINDRICAL_SURFACE('',#7930,0.499999729127);
#7930 = AXIS2_PLACEMENT_3D('',#7931,#7932,#7933);
#7931 = CARTESIAN_POINT('',(115.38228174567,-101.1543097091,0.));
#7932 = DIRECTION('',(-0.,-0.,-1.));
#7933 = DIRECTION('',(0.504516781968,0.863401885979,-0.));
#7934 = ADVANCED_FACE('',(#7935),#7946,.T.);
#7935 = FACE_BOUND('',#7936,.T.);
#7936 = EDGE_LOOP('',(#7937,#7943,#7944,#7945));
#7937 = ORIENTED_EDGE('',*,*,#7938,.T.);
#7938 = EDGE_CURVE('',#2094,#4407,#7939,.T.);
#7939 = LINE('',#7940,#7941);
#7940 = CARTESIAN_POINT('',(117.475703,-103.790908,0.));
#7941 = VECTOR('',#7942,1.);
#7942 = DIRECTION('',(0.,0.,1.));
#7943 = ORIENTED_EDGE('',*,*,#4406,.T.);
#7944 = ORIENTED_EDGE('',*,*,#7904,.F.);
#7945 = ORIENTED_EDGE('',*,*,#2093,.F.);
#7946 = CYLINDRICAL_SURFACE('',#7947,0.500008729226);
#7947 = AXIS2_PLACEMENT_3D('',#7948,#7949,#7950);
#7948 = CARTESIAN_POINT('',(117.47570134314,-104.2909167292,0.));
#7949 = DIRECTION('',(0.,0.,-1.));
#7950 = DIRECTION('',(3.313649260187E-06,0.999999999995,0.));
#7951 = ADVANCED_FACE('',(#7952),#7963,.T.);
#7952 = FACE_BOUND('',#7953,.T.);
#7953 = EDGE_LOOP('',(#7954,#7955,#7956,#7962));
#7954 = ORIENTED_EDGE('',*,*,#7923,.T.);
#7955 = ORIENTED_EDGE('',*,*,#4458,.T.);
#7956 = ORIENTED_EDGE('',*,*,#7957,.F.);
#7957 = EDGE_CURVE('',#2138,#4451,#7958,.T.);
#7958 = LINE('',#7959,#7960);
#7959 = CARTESIAN_POINT('',(114.981252,-101.588066,0.));
#7960 = VECTOR('',#7961,1.);
#7961 = DIRECTION('',(0.,0.,1.));
#7962 = ORIENTED_EDGE('',*,*,#2145,.F.);
#7963 = CYLINDRICAL_SURFACE('',#7964,0.499989885034);
#7964 = AXIS2_PLACEMENT_3D('',#7965,#7966,#7967);
#7965 = CARTESIAN_POINT('',(114.48126211496,-101.5880640791,0.));
#7966 = DIRECTION('',(0.,0.,-1.));
#7967 = DIRECTION('',(0.901027997796,0.43376093322,0.));
#7968 = ADVANCED_FACE('',(#7969),#7980,.T.);
#7969 = FACE_BOUND('',#7970,.T.);
#7970 = EDGE_LOOP('',(#7971,#7977,#7978,#7979));
#7971 = ORIENTED_EDGE('',*,*,#7972,.T.);
#7972 = EDGE_CURVE('',#2103,#4416,#7973,.T.);
#7973 = LINE('',#7974,#7975);
#7974 = CARTESIAN_POINT('',(115.886799,-103.790908,0.));
#7975 = VECTOR('',#7976,1.);
#7976 = DIRECTION('',(0.,0.,1.));
#7977 = ORIENTED_EDGE('',*,*,#4415,.T.);
#7978 = ORIENTED_EDGE('',*,*,#7938,.F.);
#7979 = ORIENTED_EDGE('',*,*,#2102,.F.);
#7980 = PLANE('',#7981);
#7981 = AXIS2_PLACEMENT_3D('',#7982,#7983,#7984);
#7982 = CARTESIAN_POINT('',(115.886799,-103.790908,0.));
#7983 = DIRECTION('',(0.,1.,0.));
#7984 = DIRECTION('',(1.,0.,0.));
#7985 = ADVANCED_FACE('',(#7986),#7997,.T.);
#7986 = FACE_BOUND('',#7987,.T.);
#7987 = EDGE_LOOP('',(#7988,#7989,#7990,#7996));
#7988 = ORIENTED_EDGE('',*,*,#7957,.T.);
#7989 = ORIENTED_EDGE('',*,*,#4450,.T.);
#7990 = ORIENTED_EDGE('',*,*,#7991,.F.);
#7991 = EDGE_CURVE('',#2129,#4442,#7992,.T.);
#7992 = LINE('',#7993,#7994);
#7993 = CARTESIAN_POINT('',(114.981252,-102.99375,0.));
#7994 = VECTOR('',#7995,1.);
#7995 = DIRECTION('',(0.,0.,1.));
#7996 = ORIENTED_EDGE('',*,*,#2137,.F.);
#7997 = PLANE('',#7998);
#7998 = AXIS2_PLACEMENT_3D('',#7999,#8000,#8001);
#7999 = CARTESIAN_POINT('',(114.981252,-101.588066,0.));
#8000 = DIRECTION('',(1.,0.,-0.));
#8001 = DIRECTION('',(0.,-1.,0.));
#8002 = ADVANCED_FACE('',(#8003),#8014,.T.);
#8003 = FACE_BOUND('',#8004,.T.);
#8004 = EDGE_LOOP('',(#8005,#8011,#8012,#8013));
#8005 = ORIENTED_EDGE('',*,*,#8006,.T.);
#8006 = EDGE_CURVE('',#2111,#4424,#8007,.T.);
#8007 = LINE('',#8008,#8009);
#8008 = CARTESIAN_POINT('',(115.63454,-103.859205,0.));
#8009 = VECTOR('',#8010,1.);
#8010 = DIRECTION('',(0.,0.,1.));
#8011 = ORIENTED_EDGE('',*,*,#4423,.T.);
#8012 = ORIENTED_EDGE('',*,*,#7972,.F.);
#8013 = ORIENTED_EDGE('',*,*,#2110,.F.);
#8014 = CYLINDRICAL_SURFACE('',#8015,0.500040834725);
#8015 = AXIS2_PLACEMENT_3D('',#8016,#8017,#8018);
#8016 = CARTESIAN_POINT('',(115.88680592637,-104.2909488346,0.));
#8017 = DIRECTION('',(0.,0.,-1.));
#8018 = DIRECTION('',(-0.50449065128,0.86341715455,0.));
#8019 = ADVANCED_FACE('',(#8020),#8031,.T.);
#8020 = FACE_BOUND('',#8021,.T.);
#8021 = EDGE_LOOP('',(#8022,#8023,#8024,#8030));
#8022 = ORIENTED_EDGE('',*,*,#7991,.T.);
#8023 = ORIENTED_EDGE('',*,*,#4441,.T.);
#8024 = ORIENTED_EDGE('',*,*,#8025,.F.);
#8025 = EDGE_CURVE('',#2120,#4433,#8026,.T.);
#8026 = LINE('',#8027,#8028);
#8027 = CARTESIAN_POINT('',(114.931767,-103.210628,0.));
#8028 = VECTOR('',#8029,1.);
#8029 = DIRECTION('',(0.,0.,1.));
#8030 = ORIENTED_EDGE('',*,*,#2128,.F.);
#8031 = CYLINDRICAL_SURFACE('',#8032,0.499989885034);
#8032 = AXIS2_PLACEMENT_3D('',#8033,#8034,#8035);
#8033 = CARTESIAN_POINT('',(114.48126211496,-102.9937519208,0.));
#8034 = DIRECTION('',(0.,0.,-1.));
#8035 = DIRECTION('',(0.999999999993,3.841811363674E-06,0.));
#8036 = ADVANCED_FACE('',(#8037),#8043,.F.);
#8037 = FACE_BOUND('',#8038,.T.);
#8038 = EDGE_LOOP('',(#8039,#8040,#8041,#8042));
#8039 = ORIENTED_EDGE('',*,*,#8025,.T.);
#8040 = ORIENTED_EDGE('',*,*,#4432,.T.);
#8041 = ORIENTED_EDGE('',*,*,#8006,.F.);
#8042 = ORIENTED_EDGE('',*,*,#2119,.F.);
#8043 = CYLINDRICAL_SURFACE('',#8044,0.499999092786);
#8044 = AXIS2_PLACEMENT_3D('',#8045,#8046,#8047);
#8045 = CARTESIAN_POINT('',(115.38228160898,-103.4275051077,0.));
#8046 = DIRECTION('',(-0.,-0.,-1.));
#8047 = DIRECTION('',(-0.901030852831,0.43375500256,0.));
#8048 = ADVANCED_FACE('',(#8049),#8060,.F.);
#8049 = FACE_BOUND('',#8050,.T.);
#8050 = EDGE_LOOP('',(#8051,#8052,#8058,#8059));
#8051 = ORIENTED_EDGE('',*,*,#2189,.T.);
#8052 = ORIENTED_EDGE('',*,*,#8053,.T.);
#8053 = EDGE_CURVE('',#2190,#4503,#8054,.T.);
#8054 = LINE('',#8055,#8056);
#8055 = CARTESIAN_POINT('',(126.20625,-102.79375,-4.6E-02));
#8056 = VECTOR('',#8057,1.);
#8057 = DIRECTION('',(0.,0.,1.));
#8058 = ORIENTED_EDGE('',*,*,#4502,.F.);
#8059 = ORIENTED_EDGE('',*,*,#8053,.F.);
#8060 = CYLINDRICAL_SURFACE('',#8061,0.4);
#8061 = AXIS2_PLACEMENT_3D('',#8062,#8063,#8064);
#8062 = CARTESIAN_POINT('',(126.20625,-102.39375,-4.6E-02));
#8063 = DIRECTION('',(-0.,-0.,-1.));
#8064 = DIRECTION('',(-3.552713678801E-14,-1.,0.));
#8065 = ADVANCED_FACE('',(#8066),#8077,.F.);
#8066 = FACE_BOUND('',#8067,.T.);
#8067 = EDGE_LOOP('',(#8068,#8069,#8075,#8076));
#8068 = ORIENTED_EDGE('',*,*,#2200,.T.);
#8069 = ORIENTED_EDGE('',*,*,#8070,.T.);
#8070 = EDGE_CURVE('',#2201,#4514,#8071,.T.);
#8071 = LINE('',#8072,#8073);
#8072 = CARTESIAN_POINT('',(133.19125,-112.98625,-4.6E-02));
#8073 = VECTOR('',#8074,1.);
#8074 = DIRECTION('',(0.,0.,1.));
#8075 = ORIENTED_EDGE('',*,*,#4513,.F.);
#8076 = ORIENTED_EDGE('',*,*,#8070,.F.);
#8077 = CYLINDRICAL_SURFACE('',#8078,0.75);
#8078 = AXIS2_PLACEMENT_3D('',#8079,#8080,#8081);
#8079 = CARTESIAN_POINT('',(133.19125,-112.23625,-4.6E-02));
#8080 = DIRECTION('',(-0.,-0.,-1.));
#8081 = DIRECTION('',(-0.,-1.,0.));
#8082 = ADVANCED_FACE('',(#8083),#8094,.F.);
#8083 = FACE_BOUND('',#8084,.T.);
#8084 = EDGE_LOOP('',(#8085,#8086,#8092,#8093));
#8085 = ORIENTED_EDGE('',*,*,#2211,.T.);
#8086 = ORIENTED_EDGE('',*,*,#8087,.T.);
#8087 = EDGE_CURVE('',#2212,#4525,#8088,.T.);
#8088 = LINE('',#8089,#8090);
#8089 = CARTESIAN_POINT('',(135.73125,-109.15625,-4.6E-02));
#8090 = VECTOR('',#8091,1.);
#8091 = DIRECTION('',(0.,0.,1.));
#8092 = ORIENTED_EDGE('',*,*,#4524,.F.);
#8093 = ORIENTED_EDGE('',*,*,#8087,.F.);
#8094 = CYLINDRICAL_SURFACE('',#8095,2.);
#8095 = AXIS2_PLACEMENT_3D('',#8096,#8097,#8098);
#8096 = CARTESIAN_POINT('',(135.73125,-107.15625,-4.6E-02));
#8097 = DIRECTION('',(-0.,-0.,-1.));
#8098 = DIRECTION('',(-0.,-1.,0.));
#8099 = ADVANCED_FACE('',(#8100),#8111,.F.);
#8100 = FACE_BOUND('',#8101,.T.);
#8101 = EDGE_LOOP('',(#8102,#8103,#8109,#8110));
#8102 = ORIENTED_EDGE('',*,*,#2222,.T.);
#8103 = ORIENTED_EDGE('',*,*,#8104,.T.);
#8104 = EDGE_CURVE('',#2223,#4536,#8105,.T.);
#8105 = LINE('',#8106,#8107);
#8106 = CARTESIAN_POINT('',(139.54125,-110.44625,-4.6E-02));
#8107 = VECTOR('',#8108,1.);
#8108 = DIRECTION('',(0.,0.,1.));
#8109 = ORIENTED_EDGE('',*,*,#4535,.F.);
#8110 = ORIENTED_EDGE('',*,*,#8104,.F.);
#8111 = CYLINDRICAL_SURFACE('',#8112,0.75);
#8112 = AXIS2_PLACEMENT_3D('',#8113,#8114,#8115);
#8113 = CARTESIAN_POINT('',(139.54125,-109.69625,-4.6E-02));
#8114 = DIRECTION('',(-0.,-0.,-1.));
#8115 = DIRECTION('',(-0.,-1.,0.));
#8116 = ADVANCED_FACE('',(#8117),#8128,.F.);
#8117 = FACE_BOUND('',#8118,.T.);
#8118 = EDGE_LOOP('',(#8119,#8120,#8126,#8127));
#8119 = ORIENTED_EDGE('',*,*,#2233,.T.);
#8120 = ORIENTED_EDGE('',*,*,#8121,.T.);
#8121 = EDGE_CURVE('',#2234,#4547,#8122,.T.);
#8122 = LINE('',#8123,#8124);
#8123 = CARTESIAN_POINT('',(140.81125,-108.00625,-4.6E-02));
#8124 = VECTOR('',#8125,1.);
#8125 = DIRECTION('',(0.,0.,1.));
#8126 = ORIENTED_EDGE('',*,*,#4546,.F.);
#8127 = ORIENTED_EDGE('',*,*,#8121,.F.);
#8128 = CYLINDRICAL_SURFACE('',#8129,0.85);
#8129 = AXIS2_PLACEMENT_3D('',#8130,#8131,#8132);
#8130 = CARTESIAN_POINT('',(140.81125,-107.15625,-4.6E-02));
#8131 = DIRECTION('',(-0.,-0.,-1.));
#8132 = DIRECTION('',(-0.,-1.,0.));
#8133 = ADVANCED_FACE('',(#8134),#8145,.F.);
#8134 = FACE_BOUND('',#8135,.T.);
#8135 = EDGE_LOOP('',(#8136,#8137,#8143,#8144));
#8136 = ORIENTED_EDGE('',*,*,#2244,.T.);
#8137 = ORIENTED_EDGE('',*,*,#8138,.T.);
#8138 = EDGE_CURVE('',#2245,#4558,#8139,.T.);
#8139 = LINE('',#8140,#8141);
#8140 = CARTESIAN_POINT('',(145.25625,-110.41375,-4.6E-02));
#8141 = VECTOR('',#8142,1.);
#8142 = DIRECTION('',(0.,0.,1.));
#8143 = ORIENTED_EDGE('',*,*,#4557,.F.);
#8144 = ORIENTED_EDGE('',*,*,#8138,.F.);
#8145 = CYLINDRICAL_SURFACE('',#8146,0.4);
#8146 = AXIS2_PLACEMENT_3D('',#8147,#8148,#8149);
#8147 = CARTESIAN_POINT('',(145.25625,-110.01375,-4.6E-02));
#8148 = DIRECTION('',(-0.,-0.,-1.));
#8149 = DIRECTION('',(-0.,-1.,0.));
#8150 = ADVANCED_FACE('',(#8151),#8162,.F.);
#8151 = FACE_BOUND('',#8152,.T.);
#8152 = EDGE_LOOP('',(#8153,#8154,#8160,#8161));
#8153 = ORIENTED_EDGE('',*,*,#2255,.T.);
#8154 = ORIENTED_EDGE('',*,*,#8155,.T.);
#8155 = EDGE_CURVE('',#2256,#4569,#8156,.T.);
#8156 = LINE('',#8157,#8158);
#8157 = CARTESIAN_POINT('',(152.24125,-112.98625,-4.6E-02));
#8158 = VECTOR('',#8159,1.);
#8159 = DIRECTION('',(0.,0.,1.));
#8160 = ORIENTED_EDGE('',*,*,#4568,.F.);
#8161 = ORIENTED_EDGE('',*,*,#8155,.F.);
#8162 = CYLINDRICAL_SURFACE('',#8163,0.75);
#8163 = AXIS2_PLACEMENT_3D('',#8164,#8165,#8166);
#8164 = CARTESIAN_POINT('',(152.24125,-112.23625,-4.6E-02));
#8165 = DIRECTION('',(-0.,-0.,-1.));
#8166 = DIRECTION('',(-0.,-1.,0.));
#8167 = ADVANCED_FACE('',(#8168),#8179,.F.);
#8168 = FACE_BOUND('',#8169,.T.);
#8169 = EDGE_LOOP('',(#8170,#8171,#8177,#8178));
#8170 = ORIENTED_EDGE('',*,*,#2266,.T.);
#8171 = ORIENTED_EDGE('',*,*,#8172,.T.);
#8172 = EDGE_CURVE('',#2267,#4580,#8173,.T.);
#8173 = LINE('',#8174,#8175);
#8174 = CARTESIAN_POINT('',(149.70125,-108.00625,-4.6E-02));
#8175 = VECTOR('',#8176,1.);
#8176 = DIRECTION('',(0.,0.,1.));
#8177 = ORIENTED_EDGE('',*,*,#4579,.F.);
#8178 = ORIENTED_EDGE('',*,*,#8172,.F.);
#8179 = CYLINDRICAL_SURFACE('',#8180,0.85);
#8180 = AXIS2_PLACEMENT_3D('',#8181,#8182,#8183);
#8181 = CARTESIAN_POINT('',(149.70125,-107.15625,-4.6E-02));
#8182 = DIRECTION('',(-0.,-0.,-1.));
#8183 = DIRECTION('',(-3.343730521224E-14,-1.,0.));
#8184 = ADVANCED_FACE('',(#8185),#8201,.F.);
#8185 = FACE_BOUND('',#8186,.T.);
#8186 = EDGE_LOOP('',(#8187,#8193,#8194,#8200));
#8187 = ORIENTED_EDGE('',*,*,#8188,.T.);
#8188 = EDGE_CURVE('',#2278,#4591,#8189,.T.);
#8189 = LINE('',#8190,#8191);
#8190 = CARTESIAN_POINT('',(137.480735,-101.371188,0.));
#8191 = VECTOR('',#8192,1.);
#8192 = DIRECTION('',(0.,0.,1.));
#8193 = ORIENTED_EDGE('',*,*,#4590,.T.);
#8194 = ORIENTED_EDGE('',*,*,#8195,.F.);
#8195 = EDGE_CURVE('',#2280,#4593,#8196,.T.);
#8196 = LINE('',#8197,#8198);
#8197 = CARTESIAN_POINT('',(136.777962,-100.72261,0.));
#8198 = VECTOR('',#8199,1.);
#8199 = DIRECTION('',(0.,0.,1.));
#8200 = ORIENTED_EDGE('',*,*,#2277,.F.);
#8201 = CYLINDRICAL_SURFACE('',#8202,0.499999422661);
#8202 = AXIS2_PLACEMENT_3D('',#8203,#8204,#8205);
#8203 = CARTESIAN_POINT('',(137.03022029551,-101.15431033,0.));
#8204 = DIRECTION('',(-0.,-0.,-1.));
#8205 = DIRECTION('',(0.901030449374,-0.433755840654,0.));
#8206 = ADVANCED_FACE('',(#8207),#8218,.T.);
#8207 = FACE_BOUND('',#8208,.T.);
#8208 = EDGE_LOOP('',(#8209,#8215,#8216,#8217));
#8209 = ORIENTED_EDGE('',*,*,#8210,.T.);
#8210 = EDGE_CURVE('',#2289,#4602,#8211,.T.);
#8211 = LINE('',#8212,#8213);
#8212 = CARTESIAN_POINT('',(137.43125,-101.588066,0.));
#8213 = VECTOR('',#8214,1.);
#8214 = DIRECTION('',(0.,0.,1.));
#8215 = ORIENTED_EDGE('',*,*,#4601,.T.);
#8216 = ORIENTED_EDGE('',*,*,#8188,.F.);
#8217 = ORIENTED_EDGE('',*,*,#2288,.F.);
#8218 = CYLINDRICAL_SURFACE('',#8219,0.499989885034);
#8219 = AXIS2_PLACEMENT_3D('',#8220,#8221,#8222);
#8220 = CARTESIAN_POINT('',(137.93123988503,-101.5880640791,0.));
#8221 = DIRECTION('',(0.,0.,-1.));
#8222 = DIRECTION('',(-0.999999999993,-3.841811392097E-06,-0.));
#8223 = ADVANCED_FACE('',(#8224),#8235,.T.);
#8224 = FACE_BOUND('',#8225,.T.);
#8225 = EDGE_LOOP('',(#8226,#8227,#8228,#8234));
#8226 = ORIENTED_EDGE('',*,*,#8195,.T.);
#8227 = ORIENTED_EDGE('',*,*,#4723,.T.);
#8228 = ORIENTED_EDGE('',*,*,#8229,.F.);
#8229 = EDGE_CURVE('',#2403,#4716,#8230,.T.);
#8230 = LINE('',#8231,#8232);
#8231 = CARTESIAN_POINT('',(136.525704,-100.790909,0.));
#8232 = VECTOR('',#8233,1.);
#8233 = DIRECTION('',(0.,0.,1.));
#8234 = ORIENTED_EDGE('',*,*,#2410,.F.);
#8235 = CYLINDRICAL_SURFACE('',#8236,0.500008729288);
#8236 = AXIS2_PLACEMENT_3D('',#8237,#8238,#8239);
#8237 = CARTESIAN_POINT('',(136.52570134312,-100.2909002707,0.));
#8238 = DIRECTION('',(0.,0.,-1.));
#8239 = DIRECTION('',(0.504512505685,-0.863404384751,0.));
#8240 = ADVANCED_FACE('',(#8241),#8252,.T.);
#8241 = FACE_BOUND('',#8242,.T.);
#8242 = EDGE_LOOP('',(#8243,#8249,#8250,#8251));
#8243 = ORIENTED_EDGE('',*,*,#8244,.T.);
#8244 = EDGE_CURVE('',#2298,#4611,#8245,.T.);
#8245 = LINE('',#8246,#8247);
#8246 = CARTESIAN_POINT('',(137.43125,-102.99375,0.));
#8247 = VECTOR('',#8248,1.);
#8248 = DIRECTION('',(0.,0.,1.));
#8249 = ORIENTED_EDGE('',*,*,#4610,.T.);
#8250 = ORIENTED_EDGE('',*,*,#8210,.F.);
#8251 = ORIENTED_EDGE('',*,*,#2297,.F.);
#8252 = PLANE('',#8253);
#8253 = AXIS2_PLACEMENT_3D('',#8254,#8255,#8256);
#8254 = CARTESIAN_POINT('',(137.43125,-102.99375,0.));
#8255 = DIRECTION('',(-1.,0.,0.));
#8256 = DIRECTION('',(0.,1.,0.));
#8257 = ADVANCED_FACE('',(#8258),#8269,.T.);
#8258 = FACE_BOUND('',#8259,.T.);
#8259 = EDGE_LOOP('',(#8260,#8261,#8262,#8268));
#8260 = ORIENTED_EDGE('',*,*,#8229,.T.);
#8261 = ORIENTED_EDGE('',*,*,#4715,.T.);
#8262 = ORIENTED_EDGE('',*,*,#8263,.F.);
#8263 = EDGE_CURVE('',#2394,#4707,#8264,.T.);
#8264 = LINE('',#8265,#8266);
#8265 = CARTESIAN_POINT('',(134.936799,-100.790909,0.));
#8266 = VECTOR('',#8267,1.);
#8267 = DIRECTION('',(0.,0.,1.));
#8268 = ORIENTED_EDGE('',*,*,#2402,.F.);
#8269 = PLANE('',#8270);
#8270 = AXIS2_PLACEMENT_3D('',#8271,#8272,#8273);
#8271 = CARTESIAN_POINT('',(136.525704,-100.790909,0.));
#8272 = DIRECTION('',(0.,-1.,0.));
#8273 = DIRECTION('',(-1.,0.,0.));
#8274 = ADVANCED_FACE('',(#8275),#8286,.T.);
#8275 = FACE_BOUND('',#8276,.T.);
#8276 = EDGE_LOOP('',(#8277,#8283,#8284,#8285));
#8277 = ORIENTED_EDGE('',*,*,#8278,.T.);
#8278 = EDGE_CURVE('',#2306,#4619,#8279,.T.);
#8279 = LINE('',#8280,#8281);
#8280 = CARTESIAN_POINT('',(137.480735,-103.210627,0.));
#8281 = VECTOR('',#8282,1.);
#8282 = DIRECTION('',(0.,0.,1.));
#8283 = ORIENTED_EDGE('',*,*,#4618,.T.);
#8284 = ORIENTED_EDGE('',*,*,#8244,.F.);
#8285 = ORIENTED_EDGE('',*,*,#2305,.F.);
#8286 = CYLINDRICAL_SURFACE('',#8287,0.49998122973);
#8287 = AXIS2_PLACEMENT_3D('',#8288,#8289,#8290);
#8288 = CARTESIAN_POINT('',(137.93123122972,-102.9937528957,0.));
#8289 = DIRECTION('',(0.,0.,-1.));
#8290 = DIRECTION('',(-0.901026284457,-0.433764492229,-0.));
#8291 = ADVANCED_FACE('',(#8292),#8303,.T.);
#8292 = FACE_BOUND('',#8293,.T.);
#8293 = EDGE_LOOP('',(#8294,#8295,#8296,#8302));
#8294 = ORIENTED_EDGE('',*,*,#8263,.T.);
#8295 = ORIENTED_EDGE('',*,*,#4706,.T.);
#8296 = ORIENTED_EDGE('',*,*,#8297,.F.);
#8297 = EDGE_CURVE('',#2385,#4698,#8298,.T.);
#8298 = LINE('',#8299,#8300);
#8299 = CARTESIAN_POINT('',(134.68454,-100.722609,0.));
#8300 = VECTOR('',#8301,1.);
#8301 = DIRECTION('',(0.,0.,1.));
#8302 = ORIENTED_EDGE('',*,*,#2393,.F.);
#8303 = CYLINDRICAL_SURFACE('',#8304,0.50002311711);
#8304 = AXIS2_PLACEMENT_3D('',#8305,#8306,#8307);
#8305 = CARTESIAN_POINT('',(134.93680626378,-100.2908858829,0.));
#8306 = DIRECTION('',(0.,0.,-1.));
#8307 = DIRECTION('',(-1.452689317556E-05,-0.999999999894,-0.));
#8308 = ADVANCED_FACE('',(#8309),#8320,.F.);
#8309 = FACE_BOUND('',#8310,.T.);
#8310 = EDGE_LOOP('',(#8311,#8317,#8318,#8319));
#8311 = ORIENTED_EDGE('',*,*,#8312,.T.);
#8312 = EDGE_CURVE('',#2315,#4628,#8313,.T.);
#8313 = LINE('',#8314,#8315);
#8314 = CARTESIAN_POINT('',(136.777962,-103.859207,0.));
#8315 = VECTOR('',#8316,1.);
#8316 = DIRECTION('',(0.,0.,1.));
#8317 = ORIENTED_EDGE('',*,*,#4627,.T.);
#8318 = ORIENTED_EDGE('',*,*,#8278,.F.);
#8319 = ORIENTED_EDGE('',*,*,#2314,.F.);
#8320 = CYLINDRICAL_SURFACE('',#8321,0.499999755443);
#8321 = AXIS2_PLACEMENT_3D('',#8322,#8323,#8324);
#8322 = CARTESIAN_POINT('',(137.03022086309,-103.4275066161,0.));
#8323 = DIRECTION('',(-0.,-0.,-1.));
#8324 = DIRECTION('',(-0.50451797296,-0.863401190039,0.));
#8325 = ADVANCED_FACE('',(#8326),#8337,.F.);
#8326 = FACE_BOUND('',#8327,.T.);
#8327 = EDGE_LOOP('',(#8328,#8329,#8330,#8336));
#8328 = ORIENTED_EDGE('',*,*,#8297,.T.);
#8329 = ORIENTED_EDGE('',*,*,#4697,.T.);
#8330 = ORIENTED_EDGE('',*,*,#8331,.F.);
#8331 = EDGE_CURVE('',#2376,#4689,#8332,.T.);
#8332 = LINE('',#8333,#8334);
#8333 = CARTESIAN_POINT('',(133.981767,-101.371188,0.));
#8334 = VECTOR('',#8335,1.);
#8335 = DIRECTION('',(0.,0.,1.));
#8336 = ORIENTED_EDGE('',*,*,#2384,.F.);
#8337 = CYLINDRICAL_SURFACE('',#8338,0.499999729127);
#8338 = AXIS2_PLACEMENT_3D('',#8339,#8340,#8341);
#8339 = CARTESIAN_POINT('',(134.43228174567,-101.1543097091,0.));
#8340 = DIRECTION('',(-0.,-0.,-1.));
#8341 = DIRECTION('',(0.504516781969,0.863401885979,-0.));
#8342 = ADVANCED_FACE('',(#8343),#8354,.T.);
#8343 = FACE_BOUND('',#8344,.T.);
#8344 = EDGE_LOOP('',(#8345,#8351,#8352,#8353));
#8345 = ORIENTED_EDGE('',*,*,#8346,.T.);
#8346 = EDGE_CURVE('',#2324,#4637,#8347,.T.);
#8347 = LINE('',#8348,#8349);
#8348 = CARTESIAN_POINT('',(136.525703,-103.790908,0.));
#8349 = VECTOR('',#8350,1.);
#8350 = DIRECTION('',(0.,0.,1.));
#8351 = ORIENTED_EDGE('',*,*,#4636,.T.);
#8352 = ORIENTED_EDGE('',*,*,#8312,.F.);
#8353 = ORIENTED_EDGE('',*,*,#2323,.F.);
#8354 = CYLINDRICAL_SURFACE('',#8355,0.500008729226);
#8355 = AXIS2_PLACEMENT_3D('',#8356,#8357,#8358);
#8356 = CARTESIAN_POINT('',(136.52570134314,-104.2909167292,0.));
#8357 = DIRECTION('',(0.,0.,-1.));
#8358 = DIRECTION('',(3.313649260187E-06,0.999999999995,0.));
#8359 = ADVANCED_FACE('',(#8360),#8371,.T.);
#8360 = FACE_BOUND('',#8361,.T.);
#8361 = EDGE_LOOP('',(#8362,#8363,#8364,#8370));
#8362 = ORIENTED_EDGE('',*,*,#8331,.T.);
#8363 = ORIENTED_EDGE('',*,*,#4688,.T.);
#8364 = ORIENTED_EDGE('',*,*,#8365,.F.);
#8365 = EDGE_CURVE('',#2368,#4681,#8366,.T.);
#8366 = LINE('',#8367,#8368);
#8367 = CARTESIAN_POINT('',(134.031252,-101.588066,0.));
#8368 = VECTOR('',#8369,1.);
#8369 = DIRECTION('',(0.,0.,1.));
#8370 = ORIENTED_EDGE('',*,*,#2375,.F.);
#8371 = CYLINDRICAL_SURFACE('',#8372,0.499989885034);
#8372 = AXIS2_PLACEMENT_3D('',#8373,#8374,#8375);
#8373 = CARTESIAN_POINT('',(133.53126211496,-101.5880640791,0.));
#8374 = DIRECTION('',(0.,0.,-1.));
#8375 = DIRECTION('',(0.901027997796,0.43376093322,0.));
#8376 = ADVANCED_FACE('',(#8377),#8388,.T.);
#8377 = FACE_BOUND('',#8378,.T.);
#8378 = EDGE_LOOP('',(#8379,#8385,#8386,#8387));
#8379 = ORIENTED_EDGE('',*,*,#8380,.T.);
#8380 = EDGE_CURVE('',#2333,#4646,#8381,.T.);
#8381 = LINE('',#8382,#8383);
#8382 = CARTESIAN_POINT('',(134.936799,-103.790908,0.));
#8383 = VECTOR('',#8384,1.);
#8384 = DIRECTION('',(0.,0.,1.));
#8385 = ORIENTED_EDGE('',*,*,#4645,.T.);
#8386 = ORIENTED_EDGE('',*,*,#8346,.F.);
#8387 = ORIENTED_EDGE('',*,*,#2332,.F.);
#8388 = PLANE('',#8389);
#8389 = AXIS2_PLACEMENT_3D('',#8390,#8391,#8392);
#8390 = CARTESIAN_POINT('',(134.936799,-103.790908,0.));
#8391 = DIRECTION('',(0.,1.,0.));
#8392 = DIRECTION('',(1.,0.,0.));
#8393 = ADVANCED_FACE('',(#8394),#8405,.T.);
#8394 = FACE_BOUND('',#8395,.T.);
#8395 = EDGE_LOOP('',(#8396,#8397,#8398,#8404));
#8396 = ORIENTED_EDGE('',*,*,#8365,.T.);
#8397 = ORIENTED_EDGE('',*,*,#4680,.T.);
#8398 = ORIENTED_EDGE('',*,*,#8399,.F.);
#8399 = EDGE_CURVE('',#2359,#4672,#8400,.T.);
#8400 = LINE('',#8401,#8402);
#8401 = CARTESIAN_POINT('',(134.031252,-102.99375,0.));
#8402 = VECTOR('',#8403,1.);
#8403 = DIRECTION('',(0.,0.,1.));
#8404 = ORIENTED_EDGE('',*,*,#2367,.F.);
#8405 = PLANE('',#8406);
#8406 = AXIS2_PLACEMENT_3D('',#8407,#8408,#8409);
#8407 = CARTESIAN_POINT('',(134.031252,-101.588066,0.));
#8408 = DIRECTION('',(1.,0.,-0.));
#8409 = DIRECTION('',(0.,-1.,0.));
#8410 = ADVANCED_FACE('',(#8411),#8422,.T.);
#8411 = FACE_BOUND('',#8412,.T.);
#8412 = EDGE_LOOP('',(#8413,#8419,#8420,#8421));
#8413 = ORIENTED_EDGE('',*,*,#8414,.T.);
#8414 = EDGE_CURVE('',#2341,#4654,#8415,.T.);
#8415 = LINE('',#8416,#8417);
#8416 = CARTESIAN_POINT('',(134.68454,-103.859205,0.));
#8417 = VECTOR('',#8418,1.);
#8418 = DIRECTION('',(0.,0.,1.));
#8419 = ORIENTED_EDGE('',*,*,#4653,.T.);
#8420 = ORIENTED_EDGE('',*,*,#8380,.F.);
#8421 = ORIENTED_EDGE('',*,*,#2340,.F.);
#8422 = CYLINDRICAL_SURFACE('',#8423,0.500040834725);
#8423 = AXIS2_PLACEMENT_3D('',#8424,#8425,#8426);
#8424 = CARTESIAN_POINT('',(134.93680592637,-104.2909488346,0.));
#8425 = DIRECTION('',(0.,0.,-1.));
#8426 = DIRECTION('',(-0.50449065128,0.86341715455,0.));
#8427 = ADVANCED_FACE('',(#8428),#8439,.T.);
#8428 = FACE_BOUND('',#8429,.T.);
#8429 = EDGE_LOOP('',(#8430,#8431,#8432,#8438));
#8430 = ORIENTED_EDGE('',*,*,#8399,.T.);
#8431 = ORIENTED_EDGE('',*,*,#4671,.T.);
#8432 = ORIENTED_EDGE('',*,*,#8433,.F.);
#8433 = EDGE_CURVE('',#2350,#4663,#8434,.T.);
#8434 = LINE('',#8435,#8436);
#8435 = CARTESIAN_POINT('',(133.981767,-103.210628,0.));
#8436 = VECTOR('',#8437,1.);
#8437 = DIRECTION('',(0.,0.,1.));
#8438 = ORIENTED_EDGE('',*,*,#2358,.F.);
#8439 = CYLINDRICAL_SURFACE('',#8440,0.499989885034);
#8440 = AXIS2_PLACEMENT_3D('',#8441,#8442,#8443);
#8441 = CARTESIAN_POINT('',(133.53126211496,-102.9937519208,0.));
#8442 = DIRECTION('',(0.,0.,-1.));
#8443 = DIRECTION('',(0.999999999993,3.841811363674E-06,0.));
#8444 = ADVANCED_FACE('',(#8445),#8451,.F.);
#8445 = FACE_BOUND('',#8446,.T.);
#8446 = EDGE_LOOP('',(#8447,#8448,#8449,#8450));
#8447 = ORIENTED_EDGE('',*,*,#8433,.T.);
#8448 = ORIENTED_EDGE('',*,*,#4662,.T.);
#8449 = ORIENTED_EDGE('',*,*,#8414,.F.);
#8450 = ORIENTED_EDGE('',*,*,#2349,.F.);
#8451 = CYLINDRICAL_SURFACE('',#8452,0.499999092786);
#8452 = AXIS2_PLACEMENT_3D('',#8453,#8454,#8455);
#8453 = CARTESIAN_POINT('',(134.43228160898,-103.4275051077,0.));
#8454 = DIRECTION('',(-0.,-0.,-1.));
#8455 = DIRECTION('',(-0.901030852831,0.43375500256,0.));
#8456 = ADVANCED_FACE('',(#8457),#8468,.F.);
#8457 = FACE_BOUND('',#8458,.T.);
#8458 = EDGE_LOOP('',(#8459,#8460,#8466,#8467));
#8459 = ORIENTED_EDGE('',*,*,#2419,.T.);
#8460 = ORIENTED_EDGE('',*,*,#8461,.T.);
#8461 = EDGE_CURVE('',#2420,#4733,#8462,.T.);
#8462 = LINE('',#8463,#8464);
#8463 = CARTESIAN_POINT('',(145.25625,-102.79375,-4.6E-02));
#8464 = VECTOR('',#8465,1.);
#8465 = DIRECTION('',(0.,0.,1.));
#8466 = ORIENTED_EDGE('',*,*,#4732,.F.);
#8467 = ORIENTED_EDGE('',*,*,#8461,.F.);
#8468 = CYLINDRICAL_SURFACE('',#8469,0.4);
#8469 = AXIS2_PLACEMENT_3D('',#8470,#8471,#8472);
#8470 = CARTESIAN_POINT('',(145.25625,-102.39375,-4.6E-02));
#8471 = DIRECTION('',(-0.,-0.,-1.));
#8472 = DIRECTION('',(-0.,-1.,0.));
#8473 = ADVANCED_FACE('',(#8474),#8485,.F.);
#8474 = FACE_BOUND('',#8475,.T.);
#8475 = EDGE_LOOP('',(#8476,#8477,#8483,#8484));
#8476 = ORIENTED_EDGE('',*,*,#2430,.T.);
#8477 = ORIENTED_EDGE('',*,*,#8478,.T.);
#8478 = EDGE_CURVE('',#2431,#4744,#8479,.T.);
#8479 = LINE('',#8480,#8481);
#8480 = CARTESIAN_POINT('',(135.73125,-86.225,-4.6E-02));
#8481 = VECTOR('',#8482,1.);
#8482 = DIRECTION('',(0.,0.,1.));
#8483 = ORIENTED_EDGE('',*,*,#4743,.F.);
#8484 = ORIENTED_EDGE('',*,*,#8478,.F.);
#8485 = CYLINDRICAL_SURFACE('',#8486,0.5);
#8486 = AXIS2_PLACEMENT_3D('',#8487,#8488,#8489);
#8487 = CARTESIAN_POINT('',(135.73125,-85.725,-4.6E-02));
#8488 = DIRECTION('',(-0.,-0.,-1.));
#8489 = DIRECTION('',(-0.,-1.,0.));
#8490 = ADVANCED_FACE('',(#8491),#8502,.F.);
#8491 = FACE_BOUND('',#8492,.T.);
#8492 = EDGE_LOOP('',(#8493,#8494,#8500,#8501));
#8493 = ORIENTED_EDGE('',*,*,#2441,.T.);
#8494 = ORIENTED_EDGE('',*,*,#8495,.T.);
#8495 = EDGE_CURVE('',#2442,#4755,#8496,.T.);
#8496 = LINE('',#8497,#8498);
#8497 = CARTESIAN_POINT('',(135.73125,-83.685,-4.6E-02));
#8498 = VECTOR('',#8499,1.);
#8499 = DIRECTION('',(0.,0.,1.));
#8500 = ORIENTED_EDGE('',*,*,#4754,.F.);
#8501 = ORIENTED_EDGE('',*,*,#8495,.F.);
#8502 = CYLINDRICAL_SURFACE('',#8503,0.5);
#8503 = AXIS2_PLACEMENT_3D('',#8504,#8505,#8506);
#8504 = CARTESIAN_POINT('',(135.73125,-83.185,-4.6E-02));
#8505 = DIRECTION('',(-0.,-0.,-1.));
#8506 = DIRECTION('',(-0.,-1.,0.));
#8507 = ADVANCED_FACE('',(#8508),#8519,.F.);
#8508 = FACE_BOUND('',#8509,.T.);
#8509 = EDGE_LOOP('',(#8510,#8511,#8517,#8518));
#8510 = ORIENTED_EDGE('',*,*,#2452,.T.);
#8511 = ORIENTED_EDGE('',*,*,#8512,.T.);
#8512 = EDGE_CURVE('',#2453,#4766,#8513,.T.);
#8513 = LINE('',#8514,#8515);
#8514 = CARTESIAN_POINT('',(135.73125,-81.145,-4.6E-02));
#8515 = VECTOR('',#8516,1.);
#8516 = DIRECTION('',(0.,0.,1.));
#8517 = ORIENTED_EDGE('',*,*,#4765,.F.);
#8518 = ORIENTED_EDGE('',*,*,#8512,.F.);
#8519 = CYLINDRICAL_SURFACE('',#8520,0.5);
#8520 = AXIS2_PLACEMENT_3D('',#8521,#8522,#8523);
#8521 = CARTESIAN_POINT('',(135.73125,-80.645,-4.6E-02));
#8522 = DIRECTION('',(-0.,-0.,-1.));
#8523 = DIRECTION('',(-0.,-1.,0.));
#8524 = ADVANCED_FACE('',(#8525),#8536,.F.);
#8525 = FACE_BOUND('',#8526,.T.);
#8526 = EDGE_LOOP('',(#8527,#8528,#8534,#8535));
#8527 = ORIENTED_EDGE('',*,*,#2463,.T.);
#8528 = ORIENTED_EDGE('',*,*,#8529,.T.);
#8529 = EDGE_CURVE('',#2464,#4777,#8530,.T.);
#8530 = LINE('',#8531,#8532);
#8531 = CARTESIAN_POINT('',(135.73125,-78.605,-4.6E-02));
#8532 = VECTOR('',#8533,1.);
#8533 = DIRECTION('',(0.,0.,1.));
#8534 = ORIENTED_EDGE('',*,*,#4776,.F.);
#8535 = ORIENTED_EDGE('',*,*,#8529,.F.);
#8536 = CYLINDRICAL_SURFACE('',#8537,0.5);
#8537 = AXIS2_PLACEMENT_3D('',#8538,#8539,#8540);
#8538 = CARTESIAN_POINT('',(135.73125,-78.105,-4.6E-02));
#8539 = DIRECTION('',(-0.,-0.,-1.));
#8540 = DIRECTION('',(-0.,-1.,0.));
#8541 = ADVANCED_FACE('',(#8542),#8553,.F.);
#8542 = FACE_BOUND('',#8543,.T.);
#8543 = EDGE_LOOP('',(#8544,#8545,#8551,#8552));
#8544 = ORIENTED_EDGE('',*,*,#2474,.T.);
#8545 = ORIENTED_EDGE('',*,*,#8546,.T.);
#8546 = EDGE_CURVE('',#2475,#4788,#8547,.T.);
#8547 = LINE('',#8548,#8549);
#8548 = CARTESIAN_POINT('',(158.59125,-110.44625,-4.6E-02));
#8549 = VECTOR('',#8550,1.);
#8550 = DIRECTION('',(0.,0.,1.));
#8551 = ORIENTED_EDGE('',*,*,#4787,.F.);
#8552 = ORIENTED_EDGE('',*,*,#8546,.F.);
#8553 = CYLINDRICAL_SURFACE('',#8554,0.75);
#8554 = AXIS2_PLACEMENT_3D('',#8555,#8556,#8557);
#8555 = CARTESIAN_POINT('',(158.59125,-109.69625,-4.6E-02));
#8556 = DIRECTION('',(-0.,-0.,-1.));
#8557 = DIRECTION('',(-0.,-1.,0.));
#8558 = ADVANCED_FACE('',(#8559),#8570,.F.);
#8559 = FACE_BOUND('',#8560,.T.);
#8560 = EDGE_LOOP('',(#8561,#8562,#8568,#8569));
#8561 = ORIENTED_EDGE('',*,*,#2485,.T.);
#8562 = ORIENTED_EDGE('',*,*,#8563,.T.);
#8563 = EDGE_CURVE('',#2486,#4799,#8564,.T.);
#8564 = LINE('',#8565,#8566);
#8565 = CARTESIAN_POINT('',(154.78125,-109.15625,-4.6E-02));
#8566 = VECTOR('',#8567,1.);
#8567 = DIRECTION('',(0.,0.,1.));
#8568 = ORIENTED_EDGE('',*,*,#4798,.F.);
#8569 = ORIENTED_EDGE('',*,*,#8563,.F.);
#8570 = CYLINDRICAL_SURFACE('',#8571,2.);
#8571 = AXIS2_PLACEMENT_3D('',#8572,#8573,#8574);
#8572 = CARTESIAN_POINT('',(154.78125,-107.15625,-4.6E-02));
#8573 = DIRECTION('',(-0.,-0.,-1.));
#8574 = DIRECTION('',(-0.,-1.,0.));
#8575 = ADVANCED_FACE('',(#8576),#8587,.F.);
#8576 = FACE_BOUND('',#8577,.T.);
#8577 = EDGE_LOOP('',(#8578,#8579,#8585,#8586));
#8578 = ORIENTED_EDGE('',*,*,#2496,.T.);
#8579 = ORIENTED_EDGE('',*,*,#8580,.T.);
#8580 = EDGE_CURVE('',#2497,#4810,#8581,.T.);
#8581 = LINE('',#8582,#8583);
#8582 = CARTESIAN_POINT('',(159.86125,-108.00625,-4.6E-02));
#8583 = VECTOR('',#8584,1.);
#8584 = DIRECTION('',(0.,0.,1.));
#8585 = ORIENTED_EDGE('',*,*,#4809,.F.);
#8586 = ORIENTED_EDGE('',*,*,#8580,.F.);
#8587 = CYLINDRICAL_SURFACE('',#8588,0.85);
#8588 = AXIS2_PLACEMENT_3D('',#8589,#8590,#8591);
#8589 = CARTESIAN_POINT('',(159.86125,-107.15625,-4.6E-02));
#8590 = DIRECTION('',(-0.,0.,-1.));
#8591 = DIRECTION('',(3.343730521224E-14,-1.,-0.));
#8592 = ADVANCED_FACE('',(#8593),#8604,.F.);
#8593 = FACE_BOUND('',#8594,.T.);
#8594 = EDGE_LOOP('',(#8595,#8596,#8602,#8603));
#8595 = ORIENTED_EDGE('',*,*,#2507,.T.);
#8596 = ORIENTED_EDGE('',*,*,#8597,.T.);
#8597 = EDGE_CURVE('',#2508,#4821,#8598,.T.);
#8598 = LINE('',#8599,#8600);
#8599 = CARTESIAN_POINT('',(164.30625,-110.41375,-4.6E-02));
#8600 = VECTOR('',#8601,1.);
#8601 = DIRECTION('',(0.,0.,1.));
#8602 = ORIENTED_EDGE('',*,*,#4820,.F.);
#8603 = ORIENTED_EDGE('',*,*,#8597,.F.);
#8604 = CYLINDRICAL_SURFACE('',#8605,0.4);
#8605 = AXIS2_PLACEMENT_3D('',#8606,#8607,#8608);
#8606 = CARTESIAN_POINT('',(164.30625,-110.01375,-4.6E-02));
#8607 = DIRECTION('',(-0.,-0.,-1.));
#8608 = DIRECTION('',(-0.,-1.,0.));
#8609 = ADVANCED_FACE('',(#8610),#8626,.F.);
#8610 = FACE_BOUND('',#8611,.T.);
#8611 = EDGE_LOOP('',(#8612,#8618,#8619,#8625));
#8612 = ORIENTED_EDGE('',*,*,#8613,.T.);
#8613 = EDGE_CURVE('',#2519,#4832,#8614,.T.);
#8614 = LINE('',#8615,#8616);
#8615 = CARTESIAN_POINT('',(153.73454,-100.722609,0.));
#8616 = VECTOR('',#8617,1.);
#8617 = DIRECTION('',(0.,0.,1.));
#8618 = ORIENTED_EDGE('',*,*,#4831,.T.);
#8619 = ORIENTED_EDGE('',*,*,#8620,.F.);
#8620 = EDGE_CURVE('',#2521,#4834,#8621,.T.);
#8621 = LINE('',#8622,#8623);
#8622 = CARTESIAN_POINT('',(153.031767,-101.371188,0.));
#8623 = VECTOR('',#8624,1.);
#8624 = DIRECTION('',(0.,0.,1.));
#8625 = ORIENTED_EDGE('',*,*,#2518,.F.);
#8626 = CYLINDRICAL_SURFACE('',#8627,0.499999729127);
#8627 = AXIS2_PLACEMENT_3D('',#8628,#8629,#8630);
#8628 = CARTESIAN_POINT('',(153.48228174567,-101.1543097091,0.));
#8629 = DIRECTION('',(-0.,-0.,-1.));
#8630 = DIRECTION('',(0.504516781969,0.863401885979,-0.));
#8631 = ADVANCED_FACE('',(#8632),#8643,.T.);
#8632 = FACE_BOUND('',#8633,.T.);
#8633 = EDGE_LOOP('',(#8634,#8640,#8641,#8642));
#8634 = ORIENTED_EDGE('',*,*,#8635,.T.);
#8635 = EDGE_CURVE('',#2530,#4843,#8636,.T.);
#8636 = LINE('',#8637,#8638);
#8637 = CARTESIAN_POINT('',(153.986798,-100.790908,0.));
#8638 = VECTOR('',#8639,1.);
#8639 = DIRECTION('',(0.,0.,1.));
#8640 = ORIENTED_EDGE('',*,*,#4842,.T.);
#8641 = ORIENTED_EDGE('',*,*,#8613,.F.);
#8642 = ORIENTED_EDGE('',*,*,#2529,.F.);
#8643 = CYLINDRICAL_SURFACE('',#8644,0.500008729288);
#8644 = AXIS2_PLACEMENT_3D('',#8645,#8646,#8647);
#8645 = CARTESIAN_POINT('',(153.98680065687,-100.2908992707,0.));
#8646 = DIRECTION('',(0.,0.,-1.));
#8647 = DIRECTION('',(-5.313662824773E-06,-0.999999999986,-0.));
#8648 = ADVANCED_FACE('',(#8649),#8660,.T.);
#8649 = FACE_BOUND('',#8650,.T.);
#8650 = EDGE_LOOP('',(#8651,#8652,#8653,#8659));
#8651 = ORIENTED_EDGE('',*,*,#8620,.T.);
#8652 = ORIENTED_EDGE('',*,*,#4964,.T.);
#8653 = ORIENTED_EDGE('',*,*,#8654,.F.);
#8654 = EDGE_CURVE('',#2644,#4957,#8655,.T.);
#8655 = LINE('',#8656,#8657);
#8656 = CARTESIAN_POINT('',(153.081252,-101.588066,0.));
#8657 = VECTOR('',#8658,1.);
#8658 = DIRECTION('',(0.,0.,1.));
#8659 = ORIENTED_EDGE('',*,*,#2651,.F.);
#8660 = CYLINDRICAL_SURFACE('',#8661,0.499989885034);
#8661 = AXIS2_PLACEMENT_3D('',#8662,#8663,#8664);
#8662 = CARTESIAN_POINT('',(152.58126211496,-101.5880640791,0.));
#8663 = DIRECTION('',(0.,0.,-1.));
#8664 = DIRECTION('',(0.901027997796,0.43376093322,0.));
#8665 = ADVANCED_FACE('',(#8666),#8677,.T.);
#8666 = FACE_BOUND('',#8667,.T.);
#8667 = EDGE_LOOP('',(#8668,#8674,#8675,#8676));
#8668 = ORIENTED_EDGE('',*,*,#8669,.T.);
#8669 = EDGE_CURVE('',#2539,#4852,#8670,.T.);
#8670 = LINE('',#8671,#8672);
#8671 = CARTESIAN_POINT('',(155.575704,-100.790909,0.));
#8672 = VECTOR('',#8673,1.);
#8673 = DIRECTION('',(0.,0.,1.));
#8674 = ORIENTED_EDGE('',*,*,#4851,.T.);
#8675 = ORIENTED_EDGE('',*,*,#8635,.F.);
#8676 = ORIENTED_EDGE('',*,*,#2538,.F.);
#8677 = PLANE('',#8678);
#8678 = AXIS2_PLACEMENT_3D('',#8679,#8680,#8681);
#8679 = CARTESIAN_POINT('',(155.575704,-100.790909,0.));
#8680 = DIRECTION('',(-6.29363850017E-07,-1.,0.));
#8681 = DIRECTION('',(-1.,6.29363850017E-07,0.));
#8682 = ADVANCED_FACE('',(#8683),#8694,.T.);
#8683 = FACE_BOUND('',#8684,.T.);
#8684 = EDGE_LOOP('',(#8685,#8686,#8687,#8693));
#8685 = ORIENTED_EDGE('',*,*,#8654,.T.);
#8686 = ORIENTED_EDGE('',*,*,#4956,.T.);
#8687 = ORIENTED_EDGE('',*,*,#8688,.F.);
#8688 = EDGE_CURVE('',#2635,#4948,#8689,.T.);
#8689 = LINE('',#8690,#8691);
#8690 = CARTESIAN_POINT('',(153.081252,-102.993751,0.));
#8691 = VECTOR('',#8692,1.);
#8692 = DIRECTION('',(0.,0.,1.));
#8693 = ORIENTED_EDGE('',*,*,#2643,.F.);
#8694 = PLANE('',#8695);
#8695 = AXIS2_PLACEMENT_3D('',#8696,#8697,#8698);
#8696 = CARTESIAN_POINT('',(153.081252,-101.588066,0.));
#8697 = DIRECTION('',(1.,0.,-0.));
#8698 = DIRECTION('',(0.,-1.,0.));
#8699 = ADVANCED_FACE('',(#8700),#8711,.T.);
#8700 = FACE_BOUND('',#8701,.T.);
#8701 = EDGE_LOOP('',(#8702,#8708,#8709,#8710));
#8702 = ORIENTED_EDGE('',*,*,#8703,.T.);
#8703 = EDGE_CURVE('',#2547,#4860,#8704,.T.);
#8704 = LINE('',#8705,#8706);
#8705 = CARTESIAN_POINT('',(155.827962,-100.72261,0.));
#8706 = VECTOR('',#8707,1.);
#8707 = DIRECTION('',(0.,0.,1.));
#8708 = ORIENTED_EDGE('',*,*,#4859,.T.);
#8709 = ORIENTED_EDGE('',*,*,#8669,.F.);
#8710 = ORIENTED_EDGE('',*,*,#2546,.F.);
#8711 = CYLINDRICAL_SURFACE('',#8712,0.500008729288);
#8712 = AXIS2_PLACEMENT_3D('',#8713,#8714,#8715);
#8713 = CARTESIAN_POINT('',(155.57570134312,-100.2909002707,0.));
#8714 = DIRECTION('',(0.,0.,-1.));
#8715 = DIRECTION('',(0.504512505685,-0.863404384751,0.));
#8716 = ADVANCED_FACE('',(#8717),#8728,.T.);
#8717 = FACE_BOUND('',#8718,.T.);
#8718 = EDGE_LOOP('',(#8719,#8720,#8721,#8727));
#8719 = ORIENTED_EDGE('',*,*,#8688,.T.);
#8720 = ORIENTED_EDGE('',*,*,#4947,.T.);
#8721 = ORIENTED_EDGE('',*,*,#8722,.F.);
#8722 = EDGE_CURVE('',#2626,#4939,#8723,.T.);
#8723 = LINE('',#8724,#8725);
#8724 = CARTESIAN_POINT('',(153.031767,-103.210628,0.));
#8725 = VECTOR('',#8726,1.);
#8726 = DIRECTION('',(0.,0.,1.));
#8727 = ORIENTED_EDGE('',*,*,#2634,.F.);
#8728 = CYLINDRICAL_SURFACE('',#8729,0.499989884978);
#8729 = AXIS2_PLACEMENT_3D('',#8730,#8731,#8732);
#8730 = CARTESIAN_POINT('',(152.58126211502,-102.9937519208,0.));
#8731 = DIRECTION('',(0.,0.,-1.));
#8732 = DIRECTION('',(0.999999999998,1.841808567778E-06,0.));
#8733 = ADVANCED_FACE('',(#8734),#8745,.F.);
#8734 = FACE_BOUND('',#8735,.T.);
#8735 = EDGE_LOOP('',(#8736,#8742,#8743,#8744));
#8736 = ORIENTED_EDGE('',*,*,#8737,.T.);
#8737 = EDGE_CURVE('',#2556,#4869,#8738,.T.);
#8738 = LINE('',#8739,#8740);
#8739 = CARTESIAN_POINT('',(156.530735,-101.371188,0.));
#8740 = VECTOR('',#8741,1.);
#8741 = DIRECTION('',(0.,0.,1.));
#8742 = ORIENTED_EDGE('',*,*,#4868,.T.);
#8743 = ORIENTED_EDGE('',*,*,#8703,.F.);
#8744 = ORIENTED_EDGE('',*,*,#2555,.F.);
#8745 = CYLINDRICAL_SURFACE('',#8746,0.499999422661);
#8746 = AXIS2_PLACEMENT_3D('',#8747,#8748,#8749);
#8747 = CARTESIAN_POINT('',(156.08022029551,-101.15431033,0.));
#8748 = DIRECTION('',(-0.,-0.,-1.));
#8749 = DIRECTION('',(0.901030449374,-0.433755840654,0.));
#8750 = ADVANCED_FACE('',(#8751),#8762,.F.);
#8751 = FACE_BOUND('',#8752,.T.);
#8752 = EDGE_LOOP('',(#8753,#8754,#8755,#8761));
#8753 = ORIENTED_EDGE('',*,*,#8722,.T.);
#8754 = ORIENTED_EDGE('',*,*,#4938,.T.);
#8755 = ORIENTED_EDGE('',*,*,#8756,.F.);
#8756 = EDGE_CURVE('',#2617,#4930,#8757,.T.);
#8757 = LINE('',#8758,#8759);
#8758 = CARTESIAN_POINT('',(153.734541,-103.859207,0.));
#8759 = VECTOR('',#8760,1.);
#8760 = DIRECTION('',(0.,0.,1.));
#8761 = ORIENTED_EDGE('',*,*,#2625,.F.);
#8762 = CYLINDRICAL_SURFACE('',#8763,0.500000669307);
#8763 = AXIS2_PLACEMENT_3D('',#8764,#8765,#8766);
#8764 = CARTESIAN_POINT('',(153.4822835355,-103.4275047404,0.));
#8765 = DIRECTION('',(-0.,-0.,-1.));
#8766 = DIRECTION('',(-0.901031864884,0.433752900236,0.));
#8767 = ADVANCED_FACE('',(#8768),#8779,.T.);
#8768 = FACE_BOUND('',#8769,.T.);
#8769 = EDGE_LOOP('',(#8770,#8776,#8777,#8778));
#8770 = ORIENTED_EDGE('',*,*,#8771,.T.);
#8771 = EDGE_CURVE('',#2565,#4878,#8772,.T.);
#8772 = LINE('',#8773,#8774);
#8773 = CARTESIAN_POINT('',(156.48125,-101.588065,0.));
#8774 = VECTOR('',#8775,1.);
#8775 = DIRECTION('',(0.,0.,1.));
#8776 = ORIENTED_EDGE('',*,*,#4877,.T.);
#8777 = ORIENTED_EDGE('',*,*,#8737,.F.);
#8778 = ORIENTED_EDGE('',*,*,#2564,.F.);
#8779 = CYLINDRICAL_SURFACE('',#8780,0.499989884978);
#8780 = AXIS2_PLACEMENT_3D('',#8781,#8782,#8783);
#8781 = CARTESIAN_POINT('',(156.98123988497,-101.5880640791,0.));
#8782 = DIRECTION('',(0.,0.,-1.));
#8783 = DIRECTION('',(-0.999999999998,-1.841808624623E-06,-0.));
#8784 = ADVANCED_FACE('',(#8785),#8796,.T.);
#8785 = FACE_BOUND('',#8786,.T.);
#8786 = EDGE_LOOP('',(#8787,#8788,#8789,#8795));
#8787 = ORIENTED_EDGE('',*,*,#8756,.T.);
#8788 = ORIENTED_EDGE('',*,*,#4929,.T.);
#8789 = ORIENTED_EDGE('',*,*,#8790,.F.);
#8790 = EDGE_CURVE('',#2609,#4922,#8791,.T.);
#8791 = LINE('',#8792,#8793);
#8792 = CARTESIAN_POINT('',(153.986799,-103.790908,0.));
#8793 = VECTOR('',#8794,1.);
#8794 = DIRECTION('',(0.,0.,1.));
#8795 = ORIENTED_EDGE('',*,*,#2616,.F.);
#8796 = CYLINDRICAL_SURFACE('',#8797,0.500008729288);
#8797 = AXIS2_PLACEMENT_3D('',#8798,#8799,#8800);
#8798 = CARTESIAN_POINT('',(153.98680165687,-104.2909167292,0.));
#8799 = DIRECTION('',(0.,0.,-1.));
#8800 = DIRECTION('',(-0.504512505685,0.863404384751,0.));
#8801 = ADVANCED_FACE('',(#8802),#8813,.T.);
#8802 = FACE_BOUND('',#8803,.T.);
#8803 = EDGE_LOOP('',(#8804,#8810,#8811,#8812));
#8804 = ORIENTED_EDGE('',*,*,#8805,.T.);
#8805 = EDGE_CURVE('',#2574,#4887,#8806,.T.);
#8806 = LINE('',#8807,#8808);
#8807 = CARTESIAN_POINT('',(156.48125,-102.99375,0.));
#8808 = VECTOR('',#8809,1.);
#8809 = DIRECTION('',(0.,0.,1.));
#8810 = ORIENTED_EDGE('',*,*,#4886,.T.);
#8811 = ORIENTED_EDGE('',*,*,#8771,.F.);
#8812 = ORIENTED_EDGE('',*,*,#2573,.F.);
#8813 = PLANE('',#8814);
#8814 = AXIS2_PLACEMENT_3D('',#8815,#8816,#8817);
#8815 = CARTESIAN_POINT('',(156.48125,-102.99375,0.));
#8816 = DIRECTION('',(-1.,0.,0.));
#8817 = DIRECTION('',(0.,1.,0.));
#8818 = ADVANCED_FACE('',(#8819),#8830,.T.);
#8819 = FACE_BOUND('',#8820,.T.);
#8820 = EDGE_LOOP('',(#8821,#8822,#8823,#8829));
#8821 = ORIENTED_EDGE('',*,*,#8790,.T.);
#8822 = ORIENTED_EDGE('',*,*,#4921,.T.);
#8823 = ORIENTED_EDGE('',*,*,#8824,.F.);
#8824 = EDGE_CURVE('',#2600,#4913,#8825,.T.);
#8825 = LINE('',#8826,#8827);
#8826 = CARTESIAN_POINT('',(155.575703,-103.790908,0.));
#8827 = VECTOR('',#8828,1.);
#8828 = DIRECTION('',(0.,0.,1.));
#8829 = ORIENTED_EDGE('',*,*,#2608,.F.);
#8830 = PLANE('',#8831);
#8831 = AXIS2_PLACEMENT_3D('',#8832,#8833,#8834);
#8832 = CARTESIAN_POINT('',(153.986799,-103.790908,0.));
#8833 = DIRECTION('',(0.,1.,0.));
#8834 = DIRECTION('',(1.,0.,0.));
#8835 = ADVANCED_FACE('',(#8836),#8847,.T.);
#8836 = FACE_BOUND('',#8837,.T.);
#8837 = EDGE_LOOP('',(#8838,#8844,#8845,#8846));
#8838 = ORIENTED_EDGE('',*,*,#8839,.T.);
#8839 = EDGE_CURVE('',#2582,#4895,#8840,.T.);
#8840 = LINE('',#8841,#8842);
#8841 = CARTESIAN_POINT('',(156.530735,-103.210628,0.));
#8842 = VECTOR('',#8843,1.);
#8843 = DIRECTION('',(0.,0.,1.));
#8844 = ORIENTED_EDGE('',*,*,#4894,.T.);
#8845 = ORIENTED_EDGE('',*,*,#8805,.F.);
#8846 = ORIENTED_EDGE('',*,*,#2581,.F.);
#8847 = CYLINDRICAL_SURFACE('',#8848,0.499989885034);
#8848 = AXIS2_PLACEMENT_3D('',#8849,#8850,#8851);
#8849 = CARTESIAN_POINT('',(156.98123988503,-102.9937519208,0.));
#8850 = DIRECTION('',(0.,0.,-1.));
#8851 = DIRECTION('',(-0.901027997796,-0.43376093322,-0.));
#8852 = ADVANCED_FACE('',(#8853),#8864,.T.);
#8853 = FACE_BOUND('',#8854,.T.);
#8854 = EDGE_LOOP('',(#8855,#8856,#8857,#8863));
#8855 = ORIENTED_EDGE('',*,*,#8824,.T.);
#8856 = ORIENTED_EDGE('',*,*,#4912,.T.);
#8857 = ORIENTED_EDGE('',*,*,#8858,.F.);
#8858 = EDGE_CURVE('',#2591,#4904,#8859,.T.);
#8859 = LINE('',#8860,#8861);
#8860 = CARTESIAN_POINT('',(155.827962,-103.859207,0.));
#8861 = VECTOR('',#8862,1.);
#8862 = DIRECTION('',(0.,0.,1.));
#8863 = ORIENTED_EDGE('',*,*,#2599,.F.);
#8864 = CYLINDRICAL_SURFACE('',#8865,0.500008729226);
#8865 = AXIS2_PLACEMENT_3D('',#8866,#8867,#8868);
#8866 = CARTESIAN_POINT('',(155.57570134314,-104.2909167292,0.));
#8867 = DIRECTION('',(0.,0.,-1.));
#8868 = DIRECTION('',(3.313649260187E-06,0.999999999995,0.));
#8869 = ADVANCED_FACE('',(#8870),#8876,.F.);
#8870 = FACE_BOUND('',#8871,.T.);
#8871 = EDGE_LOOP('',(#8872,#8873,#8874,#8875));
#8872 = ORIENTED_EDGE('',*,*,#8858,.T.);
#8873 = ORIENTED_EDGE('',*,*,#4903,.T.);
#8874 = ORIENTED_EDGE('',*,*,#8839,.F.);
#8875 = ORIENTED_EDGE('',*,*,#2590,.F.);
#8876 = CYLINDRICAL_SURFACE('',#8877,0.499999448976);
#8877 = AXIS2_PLACEMENT_3D('',#8878,#8879,#8880);
#8878 = CARTESIAN_POINT('',(156.08022090428,-103.4275069951,0.));
#8879 = DIRECTION('',(-0.,-0.,-1.));
#8880 = DIRECTION('',(-0.504518364574,-0.863400961204,0.));
#8881 = ADVANCED_FACE('',(#8882),#8893,.F.);
#8882 = FACE_BOUND('',#8883,.T.);
#8883 = EDGE_LOOP('',(#8884,#8885,#8891,#8892));
#8884 = ORIENTED_EDGE('',*,*,#2660,.T.);
#8885 = ORIENTED_EDGE('',*,*,#8886,.T.);
#8886 = EDGE_CURVE('',#2661,#4974,#8887,.T.);
#8887 = LINE('',#8888,#8889);
#8888 = CARTESIAN_POINT('',(164.30625,-102.79375,-4.6E-02));
#8889 = VECTOR('',#8890,1.);
#8890 = DIRECTION('',(0.,0.,1.));
#8891 = ORIENTED_EDGE('',*,*,#4973,.F.);
#8892 = ORIENTED_EDGE('',*,*,#8886,.F.);
#8893 = CYLINDRICAL_SURFACE('',#8894,0.4);
#8894 = AXIS2_PLACEMENT_3D('',#8895,#8896,#8897);
#8895 = CARTESIAN_POINT('',(164.30625,-102.39375,-4.6E-02));
#8896 = DIRECTION('',(-0.,-0.,-1.));
#8897 = DIRECTION('',(-0.,-1.,0.));
#8898 = ADVANCED_FACE('',(#8899),#8910,.F.);
#8899 = FACE_BOUND('',#8900,.T.);
#8900 = EDGE_LOOP('',(#8901,#8902,#8908,#8909));
#8901 = ORIENTED_EDGE('',*,*,#2671,.T.);
#8902 = ORIENTED_EDGE('',*,*,#8903,.T.);
#8903 = EDGE_CURVE('',#2672,#4985,#8904,.T.);
#8904 = LINE('',#8905,#8906);
#8905 = CARTESIAN_POINT('',(176.2125,-112.65625,-4.6E-02));
#8906 = VECTOR('',#8907,1.);
#8907 = DIRECTION('',(0.,0.,1.));
#8908 = ORIENTED_EDGE('',*,*,#4984,.F.);
#8909 = ORIENTED_EDGE('',*,*,#8903,.F.);
#8910 = CYLINDRICAL_SURFACE('',#8911,0.5);
#8911 = AXIS2_PLACEMENT_3D('',#8912,#8913,#8914);
#8912 = CARTESIAN_POINT('',(176.2125,-112.15625,-4.6E-02));
#8913 = DIRECTION('',(-0.,-0.,-1.));
#8914 = DIRECTION('',(-0.,-1.,0.));
#8915 = ADVANCED_FACE('',(#8916),#8927,.F.);
#8916 = FACE_BOUND('',#8917,.T.);
#8917 = EDGE_LOOP('',(#8918,#8919,#8925,#8926));
#8918 = ORIENTED_EDGE('',*,*,#2682,.T.);
#8919 = ORIENTED_EDGE('',*,*,#8920,.T.);
#8920 = EDGE_CURVE('',#2683,#4996,#8921,.T.);
#8921 = LINE('',#8922,#8923);
#8922 = CARTESIAN_POINT('',(176.2125,-110.15625,-4.6E-02));
#8923 = VECTOR('',#8924,1.);
#8924 = DIRECTION('',(0.,0.,1.));
#8925 = ORIENTED_EDGE('',*,*,#4995,.F.);
#8926 = ORIENTED_EDGE('',*,*,#8920,.F.);
#8927 = CYLINDRICAL_SURFACE('',#8928,0.5);
#8928 = AXIS2_PLACEMENT_3D('',#8929,#8930,#8931);
#8929 = CARTESIAN_POINT('',(176.2125,-109.65625,-4.6E-02));
#8930 = DIRECTION('',(-0.,-0.,-1.));
#8931 = DIRECTION('',(-0.,-1.,0.));
#8932 = ADVANCED_FACE('',(#8933),#8944,.F.);
#8933 = FACE_BOUND('',#8934,.T.);
#8934 = EDGE_LOOP('',(#8935,#8936,#8942,#8943));
#8935 = ORIENTED_EDGE('',*,*,#2693,.T.);
#8936 = ORIENTED_EDGE('',*,*,#8937,.T.);
#8937 = EDGE_CURVE('',#2694,#5007,#8938,.T.);
#8938 = LINE('',#8939,#8940);
#8939 = CARTESIAN_POINT('',(176.2125,-107.65625,-4.6E-02));
#8940 = VECTOR('',#8941,1.);
#8941 = DIRECTION('',(0.,0.,1.));
#8942 = ORIENTED_EDGE('',*,*,#5006,.F.);
#8943 = ORIENTED_EDGE('',*,*,#8937,.F.);
#8944 = CYLINDRICAL_SURFACE('',#8945,0.5);
#8945 = AXIS2_PLACEMENT_3D('',#8946,#8947,#8948);
#8946 = CARTESIAN_POINT('',(176.2125,-107.15625,-4.6E-02));
#8947 = DIRECTION('',(-0.,-0.,-1.));
#8948 = DIRECTION('',(-0.,-1.,0.));
#8949 = ADVANCED_FACE('',(#8950),#8961,.F.);
#8950 = FACE_BOUND('',#8951,.T.);
#8951 = EDGE_LOOP('',(#8952,#8953,#8959,#8960));
#8952 = ORIENTED_EDGE('',*,*,#2704,.T.);
#8953 = ORIENTED_EDGE('',*,*,#8954,.T.);
#8954 = EDGE_CURVE('',#2705,#5018,#8955,.T.);
#8955 = LINE('',#8956,#8957);
#8956 = CARTESIAN_POINT('',(190.7125,-112.65625,-4.6E-02));
#8957 = VECTOR('',#8958,1.);
#8958 = DIRECTION('',(0.,0.,1.));
#8959 = ORIENTED_EDGE('',*,*,#5017,.F.);
#8960 = ORIENTED_EDGE('',*,*,#8954,.F.);
#8961 = CYLINDRICAL_SURFACE('',#8962,0.5);
#8962 = AXIS2_PLACEMENT_3D('',#8963,#8964,#8965);
#8963 = CARTESIAN_POINT('',(190.7125,-112.15625,-4.6E-02));
#8964 = DIRECTION('',(-0.,-0.,-1.));
#8965 = DIRECTION('',(-0.,-1.,0.));
#8966 = ADVANCED_FACE('',(#8967),#8978,.F.);
#8967 = FACE_BOUND('',#8968,.T.);
#8968 = EDGE_LOOP('',(#8969,#8970,#8976,#8977));
#8969 = ORIENTED_EDGE('',*,*,#2715,.T.);
#8970 = ORIENTED_EDGE('',*,*,#8971,.T.);
#8971 = EDGE_CURVE('',#2716,#5029,#8972,.T.);
#8972 = LINE('',#8973,#8974);
#8973 = CARTESIAN_POINT('',(190.7125,-107.65625,-4.6E-02));
#8974 = VECTOR('',#8975,1.);
#8975 = DIRECTION('',(0.,0.,1.));
#8976 = ORIENTED_EDGE('',*,*,#5028,.F.);
#8977 = ORIENTED_EDGE('',*,*,#8971,.F.);
#8978 = CYLINDRICAL_SURFACE('',#8979,0.5);
#8979 = AXIS2_PLACEMENT_3D('',#8980,#8981,#8982);
#8980 = CARTESIAN_POINT('',(190.7125,-107.15625,-4.6E-02));
#8981 = DIRECTION('',(-0.,-0.,-1.));
#8982 = DIRECTION('',(-0.,-1.,0.));
#8983 = ADVANCED_FACE('',(#8984),#9000,.F.);
#8984 = FACE_BOUND('',#8985,.T.);
#8985 = EDGE_LOOP('',(#8986,#8987,#8993,#8994));
#8986 = ORIENTED_EDGE('',*,*,#2726,.T.);
#8987 = ORIENTED_EDGE('',*,*,#8988,.T.);
#8988 = EDGE_CURVE('',#2729,#5042,#8989,.T.);
#8989 = LINE('',#8990,#8991);
#8990 = CARTESIAN_POINT('',(184.3625,-104.80625,-4.6E-02));
#8991 = VECTOR('',#8992,1.);
#8992 = DIRECTION('',(0.,0.,1.));
#8993 = ORIENTED_EDGE('',*,*,#5039,.F.);
#8994 = ORIENTED_EDGE('',*,*,#8995,.F.);
#8995 = EDGE_CURVE('',#2727,#5040,#8996,.T.);
#8996 = LINE('',#8997,#8998);
#8997 = CARTESIAN_POINT('',(184.3625,-103.30625,-4.6E-02));
#8998 = VECTOR('',#8999,1.);
#8999 = DIRECTION('',(0.,0.,1.));
#9000 = CYLINDRICAL_SURFACE('',#9001,0.75);
#9001 = AXIS2_PLACEMENT_3D('',#9002,#9003,#9004);
#9002 = CARTESIAN_POINT('',(184.3625,-104.05625,-4.6E-02));
#9003 = DIRECTION('',(-0.,-0.,-1.));
#9004 = DIRECTION('',(-0.,-1.,0.));
#9005 = ADVANCED_FACE('',(#9006),#9017,.T.);
#9006 = FACE_BOUND('',#9007,.T.);
#9007 = EDGE_LOOP('',(#9008,#9009,#9010,#9011));
#9008 = ORIENTED_EDGE('',*,*,#2754,.T.);
#9009 = ORIENTED_EDGE('',*,*,#8995,.T.);
#9010 = ORIENTED_EDGE('',*,*,#5067,.F.);
#9011 = ORIENTED_EDGE('',*,*,#9012,.F.);
#9012 = EDGE_CURVE('',#2746,#5059,#9013,.T.);
#9013 = LINE('',#9014,#9015);
#9014 = CARTESIAN_POINT('',(183.0625,-103.30625,-4.6E-02));
#9015 = VECTOR('',#9016,1.);
#9016 = DIRECTION('',(0.,0.,1.));
#9017 = PLANE('',#9018);
#9018 = AXIS2_PLACEMENT_3D('',#9019,#9020,#9021);
#9019 = CARTESIAN_POINT('',(184.3625,-103.30625,-4.6E-02));
#9020 = DIRECTION('',(0.,-1.,0.));
#9021 = DIRECTION('',(-1.,0.,0.));
#9022 = ADVANCED_FACE('',(#9023),#9034,.F.);
#9023 = FACE_BOUND('',#9024,.T.);
#9024 = EDGE_LOOP('',(#9025,#9026,#9027,#9028));
#9025 = ORIENTED_EDGE('',*,*,#2745,.T.);
#9026 = ORIENTED_EDGE('',*,*,#9012,.T.);
#9027 = ORIENTED_EDGE('',*,*,#5058,.F.);
#9028 = ORIENTED_EDGE('',*,*,#9029,.F.);
#9029 = EDGE_CURVE('',#2738,#5051,#9030,.T.);
#9030 = LINE('',#9031,#9032);
#9031 = CARTESIAN_POINT('',(183.0625,-104.80625,-4.6E-02));
#9032 = VECTOR('',#9033,1.);
#9033 = DIRECTION('',(0.,0.,1.));
#9034 = CYLINDRICAL_SURFACE('',#9035,0.75);
#9035 = AXIS2_PLACEMENT_3D('',#9036,#9037,#9038);
#9036 = CARTESIAN_POINT('',(183.0625,-104.05625,-4.6E-02));
#9037 = DIRECTION('',(-0.,0.,-1.));
#9038 = DIRECTION('',(0.,1.,0.));
#9039 = ADVANCED_FACE('',(#9040),#9046,.T.);
#9040 = FACE_BOUND('',#9041,.T.);
#9041 = EDGE_LOOP('',(#9042,#9043,#9044,#9045));
#9042 = ORIENTED_EDGE('',*,*,#2737,.T.);
#9043 = ORIENTED_EDGE('',*,*,#9029,.T.);
#9044 = ORIENTED_EDGE('',*,*,#5050,.F.);
#9045 = ORIENTED_EDGE('',*,*,#8988,.F.);
#9046 = PLANE('',#9047);
#9047 = AXIS2_PLACEMENT_3D('',#9048,#9049,#9050);
#9048 = CARTESIAN_POINT('',(183.0625,-104.80625,-4.6E-02));
#9049 = DIRECTION('',(0.,1.,0.));
#9050 = DIRECTION('',(1.,0.,0.));
#9051 = ADVANCED_FACE('',(#9052),#9063,.F.);
#9052 = FACE_BOUND('',#9053,.T.);
#9053 = EDGE_LOOP('',(#9054,#9055,#9061,#9062));
#9054 = ORIENTED_EDGE('',*,*,#2762,.T.);
#9055 = ORIENTED_EDGE('',*,*,#9056,.T.);
#9056 = EDGE_CURVE('',#2763,#5076,#9057,.T.);
#9057 = LINE('',#9058,#9059);
#9058 = CARTESIAN_POINT('',(180.49375,-93.845,-4.6E-02));
#9059 = VECTOR('',#9060,1.);
#9060 = DIRECTION('',(0.,0.,1.));
#9061 = ORIENTED_EDGE('',*,*,#5075,.F.);
#9062 = ORIENTED_EDGE('',*,*,#9056,.F.);
#9063 = CYLINDRICAL_SURFACE('',#9064,0.5);
#9064 = AXIS2_PLACEMENT_3D('',#9065,#9066,#9067);
#9065 = CARTESIAN_POINT('',(180.49375,-93.345,-4.6E-02));
#9066 = DIRECTION('',(-0.,-0.,-1.));
#9067 = DIRECTION('',(-0.,-1.,0.));
#9068 = ADVANCED_FACE('',(#9069),#9080,.F.);
#9069 = FACE_BOUND('',#9070,.T.);
#9070 = EDGE_LOOP('',(#9071,#9072,#9078,#9079));
#9071 = ORIENTED_EDGE('',*,*,#2773,.T.);
#9072 = ORIENTED_EDGE('',*,*,#9073,.T.);
#9073 = EDGE_CURVE('',#2774,#5087,#9074,.T.);
#9074 = LINE('',#9075,#9076);
#9075 = CARTESIAN_POINT('',(180.49375,-91.305,-4.6E-02));
#9076 = VECTOR('',#9077,1.);
#9077 = DIRECTION('',(0.,0.,1.));
#9078 = ORIENTED_EDGE('',*,*,#5086,.F.);
#9079 = ORIENTED_EDGE('',*,*,#9073,.F.);
#9080 = CYLINDRICAL_SURFACE('',#9081,0.5);
#9081 = AXIS2_PLACEMENT_3D('',#9082,#9083,#9084);
#9082 = CARTESIAN_POINT('',(180.49375,-90.805,-4.6E-02));
#9083 = DIRECTION('',(-0.,-0.,-1.));
#9084 = DIRECTION('',(-0.,-1.,0.));
#9085 = ADVANCED_FACE('',(#9086),#9097,.F.);
#9086 = FACE_BOUND('',#9087,.T.);
#9087 = EDGE_LOOP('',(#9088,#9089,#9095,#9096));
#9088 = ORIENTED_EDGE('',*,*,#2784,.T.);
#9089 = ORIENTED_EDGE('',*,*,#9090,.T.);
#9090 = EDGE_CURVE('',#2785,#5098,#9091,.T.);
#9091 = LINE('',#9092,#9093);
#9092 = CARTESIAN_POINT('',(180.49375,-88.765,-4.6E-02));
#9093 = VECTOR('',#9094,1.);
#9094 = DIRECTION('',(0.,0.,1.));
#9095 = ORIENTED_EDGE('',*,*,#5097,.F.);
#9096 = ORIENTED_EDGE('',*,*,#9090,.F.);
#9097 = CYLINDRICAL_SURFACE('',#9098,0.5);
#9098 = AXIS2_PLACEMENT_3D('',#9099,#9100,#9101);
#9099 = CARTESIAN_POINT('',(180.49375,-88.265,-4.6E-02));
#9100 = DIRECTION('',(-0.,-0.,-1.));
#9101 = DIRECTION('',(-0.,-1.,0.));
#9102 = ADVANCED_FACE('',(#9103),#9114,.F.);
#9103 = FACE_BOUND('',#9104,.T.);
#9104 = EDGE_LOOP('',(#9105,#9106,#9112,#9113));
#9105 = ORIENTED_EDGE('',*,*,#2795,.T.);
#9106 = ORIENTED_EDGE('',*,*,#9107,.T.);
#9107 = EDGE_CURVE('',#2796,#5109,#9108,.T.);
#9108 = LINE('',#9109,#9110);
#9109 = CARTESIAN_POINT('',(195.74375,-93.845,-4.6E-02));
#9110 = VECTOR('',#9111,1.);
#9111 = DIRECTION('',(0.,0.,1.));
#9112 = ORIENTED_EDGE('',*,*,#5108,.F.);
#9113 = ORIENTED_EDGE('',*,*,#9107,.F.);
#9114 = CYLINDRICAL_SURFACE('',#9115,0.5);
#9115 = AXIS2_PLACEMENT_3D('',#9116,#9117,#9118);
#9116 = CARTESIAN_POINT('',(195.74375,-93.345,-4.6E-02));
#9117 = DIRECTION('',(-0.,-0.,-1.));
#9118 = DIRECTION('',(-0.,-1.,0.));
#9119 = ADVANCED_FACE('',(#9120),#9131,.F.);
#9120 = FACE_BOUND('',#9121,.T.);
#9121 = EDGE_LOOP('',(#9122,#9123,#9129,#9130));
#9122 = ORIENTED_EDGE('',*,*,#2806,.T.);
#9123 = ORIENTED_EDGE('',*,*,#9124,.T.);
#9124 = EDGE_CURVE('',#2807,#5120,#9125,.T.);
#9125 = LINE('',#9126,#9127);
#9126 = CARTESIAN_POINT('',(195.74375,-91.305,-4.6E-02));
#9127 = VECTOR('',#9128,1.);
#9128 = DIRECTION('',(0.,0.,1.));
#9129 = ORIENTED_EDGE('',*,*,#5119,.F.);
#9130 = ORIENTED_EDGE('',*,*,#9124,.F.);
#9131 = CYLINDRICAL_SURFACE('',#9132,0.5);
#9132 = AXIS2_PLACEMENT_3D('',#9133,#9134,#9135);
#9133 = CARTESIAN_POINT('',(195.74375,-90.805,-4.6E-02));
#9134 = DIRECTION('',(-0.,-0.,-1.));
#9135 = DIRECTION('',(-0.,-1.,0.));
#9136 = ADVANCED_FACE('',(#9137),#9148,.F.);
#9137 = FACE_BOUND('',#9138,.T.);
#9138 = EDGE_LOOP('',(#9139,#9140,#9146,#9147));
#9139 = ORIENTED_EDGE('',*,*,#2817,.T.);
#9140 = ORIENTED_EDGE('',*,*,#9141,.T.);
#9141 = EDGE_CURVE('',#2818,#5131,#9142,.T.);
#9142 = LINE('',#9143,#9144);
#9143 = CARTESIAN_POINT('',(195.74375,-88.765,-4.6E-02));
#9144 = VECTOR('',#9145,1.);
#9145 = DIRECTION('',(0.,0.,1.));
#9146 = ORIENTED_EDGE('',*,*,#5130,.F.);
#9147 = ORIENTED_EDGE('',*,*,#9141,.F.);
#9148 = CYLINDRICAL_SURFACE('',#9149,0.5);
#9149 = AXIS2_PLACEMENT_3D('',#9150,#9151,#9152);
#9150 = CARTESIAN_POINT('',(195.74375,-88.265,-4.6E-02));
#9151 = DIRECTION('',(-0.,-0.,-1.));
#9152 = DIRECTION('',(-0.,-1.,0.));
#9153 = ADVANCED_FACE('',(#9154),#9165,.F.);
#9154 = FACE_BOUND('',#9155,.T.);
#9155 = EDGE_LOOP('',(#9156,#9157,#9163,#9164));
#9156 = ORIENTED_EDGE('',*,*,#2828,.T.);
#9157 = ORIENTED_EDGE('',*,*,#9158,.T.);
#9158 = EDGE_CURVE('',#2829,#5142,#9159,.T.);
#9159 = LINE('',#9160,#9161);
#9160 = CARTESIAN_POINT('',(180.49375,-86.225,-4.6E-02));
#9161 = VECTOR('',#9162,1.);
#9162 = DIRECTION('',(0.,0.,1.));
#9163 = ORIENTED_EDGE('',*,*,#5141,.F.);
#9164 = ORIENTED_EDGE('',*,*,#9158,.F.);
#9165 = CYLINDRICAL_SURFACE('',#9166,0.5);
#9166 = AXIS2_PLACEMENT_3D('',#9167,#9168,#9169);
#9167 = CARTESIAN_POINT('',(180.49375,-85.725,-4.6E-02));
#9168 = DIRECTION('',(-0.,-0.,-1.));
#9169 = DIRECTION('',(-0.,-1.,0.));
#9170 = ADVANCED_FACE('',(#9171),#9182,.F.);
#9171 = FACE_BOUND('',#9172,.T.);
#9172 = EDGE_LOOP('',(#9173,#9174,#9180,#9181));
#9173 = ORIENTED_EDGE('',*,*,#2839,.T.);
#9174 = ORIENTED_EDGE('',*,*,#9175,.T.);
#9175 = EDGE_CURVE('',#2840,#5153,#9176,.T.);
#9176 = LINE('',#9177,#9178);
#9177 = CARTESIAN_POINT('',(180.49375,-83.685,-4.6E-02));
#9178 = VECTOR('',#9179,1.);
#9179 = DIRECTION('',(0.,0.,1.));
#9180 = ORIENTED_EDGE('',*,*,#5152,.F.);
#9181 = ORIENTED_EDGE('',*,*,#9175,.F.);
#9182 = CYLINDRICAL_SURFACE('',#9183,0.5);
#9183 = AXIS2_PLACEMENT_3D('',#9184,#9185,#9186);
#9184 = CARTESIAN_POINT('',(180.49375,-83.185,-4.6E-02));
#9185 = DIRECTION('',(-0.,-0.,-1.));
#9186 = DIRECTION('',(-0.,-1.,0.));
#9187 = ADVANCED_FACE('',(#9188),#9199,.F.);
#9188 = FACE_BOUND('',#9189,.T.);
#9189 = EDGE_LOOP('',(#9190,#9191,#9197,#9198));
#9190 = ORIENTED_EDGE('',*,*,#2850,.T.);
#9191 = ORIENTED_EDGE('',*,*,#9192,.T.);
#9192 = EDGE_CURVE('',#2851,#5164,#9193,.T.);
#9193 = LINE('',#9194,#9195);
#9194 = CARTESIAN_POINT('',(180.49375,-81.145,-4.6E-02));
#9195 = VECTOR('',#9196,1.);
#9196 = DIRECTION('',(0.,0.,1.));
#9197 = ORIENTED_EDGE('',*,*,#5163,.F.);
#9198 = ORIENTED_EDGE('',*,*,#9192,.F.);
#9199 = CYLINDRICAL_SURFACE('',#9200,0.5);
#9200 = AXIS2_PLACEMENT_3D('',#9201,#9202,#9203);
#9201 = CARTESIAN_POINT('',(180.49375,-80.645,-4.6E-02));
#9202 = DIRECTION('',(-0.,-0.,-1.));
#9203 = DIRECTION('',(-0.,-1.,0.));
#9204 = ADVANCED_FACE('',(#9205),#9216,.F.);
#9205 = FACE_BOUND('',#9206,.T.);
#9206 = EDGE_LOOP('',(#9207,#9208,#9214,#9215));
#9207 = ORIENTED_EDGE('',*,*,#2861,.T.);
#9208 = ORIENTED_EDGE('',*,*,#9209,.T.);
#9209 = EDGE_CURVE('',#2862,#5175,#9210,.T.);
#9210 = LINE('',#9211,#9212);
#9211 = CARTESIAN_POINT('',(180.49375,-78.605,-4.6E-02));
#9212 = VECTOR('',#9213,1.);
#9213 = DIRECTION('',(0.,0.,1.));
#9214 = ORIENTED_EDGE('',*,*,#5174,.F.);
#9215 = ORIENTED_EDGE('',*,*,#9209,.F.);
#9216 = CYLINDRICAL_SURFACE('',#9217,0.5);
#9217 = AXIS2_PLACEMENT_3D('',#9218,#9219,#9220);
#9218 = CARTESIAN_POINT('',(180.49375,-78.105,-4.6E-02));
#9219 = DIRECTION('',(-0.,-0.,-1.));
#9220 = DIRECTION('',(-0.,-1.,0.));
#9221 = ADVANCED_FACE('',(#9222),#9233,.F.);
#9222 = FACE_BOUND('',#9223,.T.);
#9223 = EDGE_LOOP('',(#9224,#9225,#9231,#9232));
#9224 = ORIENTED_EDGE('',*,*,#2872,.T.);
#9225 = ORIENTED_EDGE('',*,*,#9226,.T.);
#9226 = EDGE_CURVE('',#2873,#5186,#9227,.T.);
#9227 = LINE('',#9228,#9229);
#9228 = CARTESIAN_POINT('',(195.74375,-86.225,-4.6E-02));
#9229 = VECTOR('',#9230,1.);
#9230 = DIRECTION('',(0.,0.,1.));
#9231 = ORIENTED_EDGE('',*,*,#5185,.F.);
#9232 = ORIENTED_EDGE('',*,*,#9226,.F.);
#9233 = CYLINDRICAL_SURFACE('',#9234,0.5);
#9234 = AXIS2_PLACEMENT_3D('',#9235,#9236,#9237);
#9235 = CARTESIAN_POINT('',(195.74375,-85.725,-4.6E-02));
#9236 = DIRECTION('',(-0.,-0.,-1.));
#9237 = DIRECTION('',(-0.,-1.,0.));
#9238 = ADVANCED_FACE('',(#9239),#9250,.F.);
#9239 = FACE_BOUND('',#9240,.T.);
#9240 = EDGE_LOOP('',(#9241,#9242,#9248,#9249));
#9241 = ORIENTED_EDGE('',*,*,#2883,.T.);
#9242 = ORIENTED_EDGE('',*,*,#9243,.T.);
#9243 = EDGE_CURVE('',#2884,#5197,#9244,.T.);
#9244 = LINE('',#9245,#9246);
#9245 = CARTESIAN_POINT('',(195.74375,-83.685,-4.6E-02));
#9246 = VECTOR('',#9247,1.);
#9247 = DIRECTION('',(0.,0.,1.));
#9248 = ORIENTED_EDGE('',*,*,#5196,.F.);
#9249 = ORIENTED_EDGE('',*,*,#9243,.F.);
#9250 = CYLINDRICAL_SURFACE('',#9251,0.5);
#9251 = AXIS2_PLACEMENT_3D('',#9252,#9253,#9254);
#9252 = CARTESIAN_POINT('',(195.74375,-83.185,-4.6E-02));
#9253 = DIRECTION('',(-0.,-0.,-1.));
#9254 = DIRECTION('',(-0.,-1.,0.));
#9255 = ADVANCED_FACE('',(#9256),#9267,.F.);
#9256 = FACE_BOUND('',#9257,.T.);
#9257 = EDGE_LOOP('',(#9258,#9259,#9265,#9266));
#9258 = ORIENTED_EDGE('',*,*,#2894,.T.);
#9259 = ORIENTED_EDGE('',*,*,#9260,.T.);
#9260 = EDGE_CURVE('',#2895,#5208,#9261,.T.);
#9261 = LINE('',#9262,#9263);
#9262 = CARTESIAN_POINT('',(195.74375,-81.145,-4.6E-02));
#9263 = VECTOR('',#9264,1.);
#9264 = DIRECTION('',(0.,0.,1.));
#9265 = ORIENTED_EDGE('',*,*,#5207,.F.);
#9266 = ORIENTED_EDGE('',*,*,#9260,.F.);
#9267 = CYLINDRICAL_SURFACE('',#9268,0.5);
#9268 = AXIS2_PLACEMENT_3D('',#9269,#9270,#9271);
#9269 = CARTESIAN_POINT('',(195.74375,-80.645,-4.6E-02));
#9270 = DIRECTION('',(-0.,-0.,-1.));
#9271 = DIRECTION('',(-0.,-1.,0.));
#9272 = ADVANCED_FACE('',(#9273),#9284,.F.);
#9273 = FACE_BOUND('',#9274,.T.);
#9274 = EDGE_LOOP('',(#9275,#9276,#9282,#9283));
#9275 = ORIENTED_EDGE('',*,*,#2905,.T.);
#9276 = ORIENTED_EDGE('',*,*,#9277,.T.);
#9277 = EDGE_CURVE('',#2906,#5219,#9278,.T.);
#9278 = LINE('',#9279,#9280);
#9279 = CARTESIAN_POINT('',(195.74375,-78.605,-4.6E-02));
#9280 = VECTOR('',#9281,1.);
#9281 = DIRECTION('',(0.,0.,1.));
#9282 = ORIENTED_EDGE('',*,*,#5218,.F.);
#9283 = ORIENTED_EDGE('',*,*,#9277,.F.);
#9284 = CYLINDRICAL_SURFACE('',#9285,0.5);
#9285 = AXIS2_PLACEMENT_3D('',#9286,#9287,#9288);
#9286 = CARTESIAN_POINT('',(195.74375,-78.105,-4.6E-02));
#9287 = DIRECTION('',(-0.,-0.,-1.));
#9288 = DIRECTION('',(-0.,-1.,0.));
#9289 = ( GEOMETRIC_REPRESENTATION_CONTEXT(3) 
GLOBAL_UNCERTAINTY_ASSIGNED_CONTEXT((#9293)) 
GLOBAL_UNIT_ASSIGNED_CONTEXT((#9290,#9291,#9292)) REPRESENTATION_CONTEXT
('Context #1','3D Context with UNIT and UNCERTAINTY') );
#9290 = ( LENGTH_UNIT() NAMED_UNIT(*) SI_UNIT(.MILLI.,.METRE.) );
#9291 = ( NAMED_UNIT(*) PLANE_ANGLE_UNIT() SI_UNIT($,.RADIAN.) );
#9292 = ( NAMED_UNIT(*) SI_UNIT($,.STERADIAN.) SOLID_ANGLE_UNIT() );
#9293 = UNCERTAINTY_MEASURE_WITH_UNIT(LENGTH_MEASURE(1.E-07),#9290,
  'distance_accuracy_value','confusion accuracy');
#9294 = CONTEXT_DEPENDENT_SHAPE_REPRESENTATION(#9295,#9297);
#9295 = ( REPRESENTATION_RELATIONSHIP('','',#500,#10) 
REPRESENTATION_RELATIONSHIP_WITH_TRANSFORMATION(#9296) 
SHAPE_REPRESENTATION_RELATIONSHIP() );
#9296 = ITEM_DEFINED_TRANSFORMATION('','',#11,#51);
#9297 = PRODUCT_DEFINITION_SHAPE('Placement','Placement of an item',
  #9298);
#9298 = NEXT_ASSEMBLY_USAGE_OCCURRENCE('11','=>[0:1:1:4]','',#5,#495,$);
#9299 = PRODUCT_RELATED_PRODUCT_CATEGORY('part',$,(#497));
#9300 = MECHANICAL_DESIGN_GEOMETRIC_PRESENTATION_REPRESENTATION('',(
    #9301),#9289);
#9301 = STYLED_ITEM('color',(#9302),#501);
#9302 = PRESENTATION_STYLE_ASSIGNMENT((#9303));
#9303 = SURFACE_STYLE_USAGE(.BOTH.,#9304);
#9304 = SURFACE_SIDE_STYLE('',(#9305));
#9305 = SURFACE_STYLE_FILL_AREA(#9306);
#9306 = FILL_AREA_STYLE('',(#9307));
#9307 = FILL_AREA_STYLE_COLOUR('',#9308);
#9308 = COLOUR_RGB('',0.313304153717,0.484529207832,0.410020903123);
#9309 = MECHANICAL_DESIGN_GEOMETRIC_PRESENTATION_REPRESENTATION('',(
    #9310,#9318,#9325,#9332,#9339,#9346,#9353,#9360,#9368,#9375,#9382,
    #9390,#9397,#9404,#9411,#9418),#442);
#9310 = STYLED_ITEM('color',(#9311),#94);
#9311 = PRESENTATION_STYLE_ASSIGNMENT((#9312));
#9312 = SURFACE_STYLE_USAGE(.BOTH.,#9313);
#9313 = SURFACE_SIDE_STYLE('',(#9314));
#9314 = SURFACE_STYLE_FILL_AREA(#9315);
#9315 = FILL_AREA_STYLE('',(#9316));
#9316 = FILL_AREA_STYLE_COLOUR('',#9317);
#9317 = COLOUR_RGB('',0.823999987314,0.819999987296,0.781000009244);
#9318 = STYLED_ITEM('color',(#9319),#127);
#9319 = PRESENTATION_STYLE_ASSIGNMENT((#9320));
#9320 = SURFACE_STYLE_USAGE(.BOTH.,#9321);
#9321 = SURFACE_SIDE_STYLE('',(#9322));
#9322 = SURFACE_STYLE_FILL_AREA(#9323);
#9323 = FILL_AREA_STYLE('',(#9324));
#9324 = FILL_AREA_STYLE_COLOUR('',#9317);
#9325 = STYLED_ITEM('color',(#9326),#153);
#9326 = PRESENTATION_STYLE_ASSIGNMENT((#9327));
#9327 = SURFACE_STYLE_USAGE(.BOTH.,#9328);
#9328 = SURFACE_SIDE_STYLE('',(#9329));
#9329 = SURFACE_STYLE_FILL_AREA(#9330);
#9330 = FILL_AREA_STYLE('',(#9331));
#9331 = FILL_AREA_STYLE_COLOUR('',#9317);
#9332 = STYLED_ITEM('color',(#9333),#178);
#9333 = PRESENTATION_STYLE_ASSIGNMENT((#9334));
#9334 = SURFACE_STYLE_USAGE(.BOTH.,#9335);
#9335 = SURFACE_SIDE_STYLE('',(#9336));
#9336 = SURFACE_STYLE_FILL_AREA(#9337);
#9337 = FILL_AREA_STYLE('',(#9338));
#9338 = FILL_AREA_STYLE_COLOUR('',#9317);
#9339 = STYLED_ITEM('color',(#9340),#204);
#9340 = PRESENTATION_STYLE_ASSIGNMENT((#9341));
#9341 = SURFACE_STYLE_USAGE(.BOTH.,#9342);
#9342 = SURFACE_SIDE_STYLE('',(#9343));
#9343 = SURFACE_STYLE_FILL_AREA(#9344);
#9344 = FILL_AREA_STYLE('',(#9345));
#9345 = FILL_AREA_STYLE_COLOUR('',#9317);
#9346 = STYLED_ITEM('color',(#9347),#229);
#9347 = PRESENTATION_STYLE_ASSIGNMENT((#9348));
#9348 = SURFACE_STYLE_USAGE(.BOTH.,#9349);
#9349 = SURFACE_SIDE_STYLE('',(#9350));
#9350 = SURFACE_STYLE_FILL_AREA(#9351);
#9351 = FILL_AREA_STYLE('',(#9352));
#9352 = FILL_AREA_STYLE_COLOUR('',#9317);
#9353 = STYLED_ITEM('color',(#9354),#238);
#9354 = PRESENTATION_STYLE_ASSIGNMENT((#9355));
#9355 = SURFACE_STYLE_USAGE(.BOTH.,#9356);
#9356 = SURFACE_SIDE_STYLE('',(#9357));
#9357 = SURFACE_STYLE_FILL_AREA(#9358);
#9358 = FILL_AREA_STYLE('',(#9359));
#9359 = FILL_AREA_STYLE_COLOUR('',#9317);
#9360 = STYLED_ITEM('color',(#9361),#249);
#9361 = PRESENTATION_STYLE_ASSIGNMENT((#9362));
#9362 = SURFACE_STYLE_USAGE(.BOTH.,#9363);
#9363 = SURFACE_SIDE_STYLE('',(#9364));
#9364 = SURFACE_STYLE_FILL_AREA(#9365);
#9365 = FILL_AREA_STYLE('',(#9366));
#9366 = FILL_AREA_STYLE_COLOUR('',#9367);
#9367 = COLOUR_RGB('',0.699999984889,9.999999991362E-02,
  5.000000142576E-02);
#9368 = STYLED_ITEM('color',(#9369),#282);
#9369 = PRESENTATION_STYLE_ASSIGNMENT((#9370));
#9370 = SURFACE_STYLE_USAGE(.BOTH.,#9371);
#9371 = SURFACE_SIDE_STYLE('',(#9372));
#9372 = SURFACE_STYLE_FILL_AREA(#9373);
#9373 = FILL_AREA_STYLE('',(#9374));
#9374 = FILL_AREA_STYLE_COLOUR('',#9367);
#9375 = STYLED_ITEM('color',(#9376),#302);
#9376 = PRESENTATION_STYLE_ASSIGNMENT((#9377));
#9377 = SURFACE_STYLE_USAGE(.BOTH.,#9378);
#9378 = SURFACE_SIDE_STYLE('',(#9379));
#9379 = SURFACE_STYLE_FILL_AREA(#9380);
#9380 = FILL_AREA_STYLE('',(#9381));
#9381 = FILL_AREA_STYLE_COLOUR('',#9367);
#9382 = STYLED_ITEM('color',(#9383),#322);
#9383 = PRESENTATION_STYLE_ASSIGNMENT((#9384));
#9384 = SURFACE_STYLE_USAGE(.BOTH.,#9385);
#9385 = SURFACE_SIDE_STYLE('',(#9386));
#9386 = SURFACE_STYLE_FILL_AREA(#9387);
#9387 = FILL_AREA_STYLE('',(#9388));
#9388 = FILL_AREA_STYLE_COLOUR('',#9389);
#9389 = COLOUR_RGB('',0.,0.631244006163,0.748016017657);
#9390 = STYLED_ITEM('color',(#9391),#347);
#9391 = PRESENTATION_STYLE_ASSIGNMENT((#9392));
#9392 = SURFACE_STYLE_USAGE(.BOTH.,#9393);
#9393 = SURFACE_SIDE_STYLE('',(#9394));
#9394 = SURFACE_STYLE_FILL_AREA(#9395);
#9395 = FILL_AREA_STYLE('',(#9396));
#9396 = FILL_AREA_STYLE_COLOUR('',#9389);
#9397 = STYLED_ITEM('color',(#9398),#372);
#9398 = PRESENTATION_STYLE_ASSIGNMENT((#9399));
#9399 = SURFACE_STYLE_USAGE(.BOTH.,#9400);
#9400 = SURFACE_SIDE_STYLE('',(#9401));
#9401 = SURFACE_STYLE_FILL_AREA(#9402);
#9402 = FILL_AREA_STYLE('',(#9403));
#9403 = FILL_AREA_STYLE_COLOUR('',#9389);
#9404 = STYLED_ITEM('color',(#9405),#398);
#9405 = PRESENTATION_STYLE_ASSIGNMENT((#9406));
#9406 = SURFACE_STYLE_USAGE(.BOTH.,#9407);
#9407 = SURFACE_SIDE_STYLE('',(#9408));
#9408 = SURFACE_STYLE_FILL_AREA(#9409);
#9409 = FILL_AREA_STYLE('',(#9410));
#9410 = FILL_AREA_STYLE_COLOUR('',#9389);
#9411 = STYLED_ITEM('color',(#9412),#424);
#9412 = PRESENTATION_STYLE_ASSIGNMENT((#9413));
#9413 = SURFACE_STYLE_USAGE(.BOTH.,#9414);
#9414 = SURFACE_SIDE_STYLE('',(#9415));
#9415 = SURFACE_STYLE_FILL_AREA(#9416);
#9416 = FILL_AREA_STYLE('',(#9417));
#9417 = FILL_AREA_STYLE_COLOUR('',#9389);
#9418 = STYLED_ITEM('color',(#9419),#433);
#9419 = PRESENTATION_STYLE_ASSIGNMENT((#9420));
#9420 = SURFACE_STYLE_USAGE(.BOTH.,#9421);
#9421 = SURFACE_SIDE_STYLE('',(#9422));
#9422 = SURFACE_STYLE_FILL_AREA(#9423);
#9423 = FILL_AREA_STYLE('',(#9424));
#9424 = FILL_AREA_STYLE_COLOUR('',#9389);
ENDSEC;
END-ISO-10303-21;
